2026-09-07T19:33:46.146+05:30 DEBUG 22976 --- [FinanceManagementSystem] [http-nio-8080-exec-6] org.hibernate.SQL                        : select pd1_0.id,pd1_0.created_at,pd1_0.from_date,pd1_0.net_profit,pd1_0.public_id,pd1_0.to_date,pd1_0.total_expenses,pd1_0.total_purchase_cost,pd1_0.total_revenue,pd1_0.updated_at,pd1_0.user_id from profit_distributions pd1_0 where pd1_0.user_id=? order by coalesce(pd1_0.updated_at,pd1_0.created_at) desc,pd1_0.id desc
2026-09-07T19:33:46.242+05:30 TRACE 22976 --- [FinanceManagementSystem] [http-nio-8080-exec-6] org.hibernate.orm.jdbc.bind              : binding parameter (1:BIGINT) <- [2]
2026-09-07T19:33:46.248+05:30 DEBUG 22976 --- [FinanceManagementSystem] [http-nio-8080-exec-6] org.hibernate.SQL                        : select s1_0.id,s1_0.amount,s1_0.created_at,s1_0.customer_id,s1_0.customer_invoice_number,s1_0.gst_amount,s1_0.gst_percentage,s1_0.payment_status,s1_0.public_id,s1_0.rate_per_unit,s1_0.raw_material,s1_0.sale_date,s1_0.sale_number,s1_0.total_amount,s1_0.unit,s1_0.updated_at,s1_0.user_id,s1_0.weight from sales s1_0 where s1_0.user_id=? and s1_0.sale_date between ? and ?
2026-09-07T19:33:46.250+05:30 TRACE 22976 --- [FinanceManagementSystem] [http-nio-8080-exec-6] org.hibernate.orm.jdbc.bind              : binding parameter (1:BIGINT) <- [2]
2026-09-07T19:33:46.251+05:30 TRACE 22976 --- [FinanceManagementSystem] [http-nio-8080-exec-6] org.hibernate.orm.jdbc.bind              : binding parameter (2:DATE) <- [2026-04-01]
2026-09-07T19:33:46.251+05:30 TRACE 22976 --- [FinanceManagementSystem] [http-nio-8080-exec-6] org.hibernate.orm.jdbc.bind              : binding parameter (3:DATE) <- [2026-04-30]
2026-09-07T19:33:46.255+05:30 DEBUG 22976 --- [FinanceManagementSystem] [http-nio-8080-exec-6] org.hibernate.SQL                        : select p1_0.id,p1_0.amount,p1_0.created_at,p1_0.gst_amount,p1_0.gst_percentage,p1_0.payment_status,p1_0.public_id,p1_0.purchase_date,p1_0.purchase_number,p1_0.purchase_status,p1_0.rate_per_unit,p1_0.raw_material,p1_0.supplier_id,p1_0.supplier_invoice_number,p1_0.total_amount,p1_0.unit,p1_0.updated_at,p1_0.user_id,p1_0.weight from purchases p1_0 where p1_0.user_id=? and p1_0.purchase_date between ? and ?
2026-09-07T19:33:46.256+05:30 TRACE 22976 --- [FinanceManagementSystem] [http-nio-8080-exec-6] org.hibernate.orm.jdbc.bind              : binding parameter (1:BIGINT) <- [2]
2026-09-07T19:33:46.257+05:30 TRACE 22976 --- [FinanceManagementSystem] [http-nio-8080-exec-6] org.hibernate.orm.jdbc.bind              : binding parameter (2:DATE) <- [2026-04-01]
2026-09-07T19:33:46.257+05:30 TRACE 22976 --- [FinanceManagementSystem] [http-nio-8080-exec-6] org.hibernate.orm.jdbc.bind              : binding parameter (3:DATE) <- [2026-04-30]
2026-09-07T19:33:46.262+05:30 DEBUG 22976 --- [FinanceManagementSystem] [http-nio-8080-exec-6] org.hibernate.SQL                        : select coalesce(sum(e1_0.amount),0) from expenses e1_0 where e1_0.user_id=? and e1_0.is_active=1 and (? is null or e1_0.expense_date>=?) and (? is null or e1_0.expense_date<=?)
2026-09-07T19:33:46.263+05:30 TRACE 22976 --- [FinanceManagementSystem] [http-nio-8080-exec-6] org.hibernate.orm.jdbc.bind              : binding parameter (1:BIGINT) <- [2]
2026-09-07T19:33:46.263+05:30 TRACE 22976 --- [FinanceManagementSystem] [http-nio-8080-exec-6] org.hibernate.orm.jdbc.bind              : binding parameter (2:DATE) <- [2026-04-01]
2026-09-07T19:33:46.263+05:30 TRACE 22976 --- [FinanceManagementSystem] [http-nio-8080-exec-6] org.hibernate.orm.jdbc.bind              : binding parameter (3:DATE) <- [2026-04-01]
2026-09-07T19:33:46.263+05:30 TRACE 22976 --- [FinanceManagementSystem] [http-nio-8080-exec-6] org.hibernate.orm.jdbc.bind              : binding parameter (4:DATE) <- [2026-04-30]
2026-09-07T19:33:46.263+05:30 TRACE 22976 --- [FinanceManagementSystem] [http-nio-8080-exec-6] org.hibernate.orm.jdbc.bind              : binding parameter (5:DATE) <- [2026-04-30]
2026-09-07T19:33:46.267+05:30 DEBUG 22976 --- [FinanceManagementSystem] [http-nio-8080-exec-6] org.hibernate.SQL                        : select s1_0.id,s1_0.amount,s1_0.created_at,s1_0.customer_id,s1_0.customer_invoice_number,s1_0.gst_amount,s1_0.gst_percentage,s1_0.payment_status,s1_0.public_id,s1_0.rate_per_unit,s1_0.raw_material,s1_0.sale_date,s1_0.sale_number,s1_0.total_amount,s1_0.unit,s1_0.updated_at,s1_0.user_id,s1_0.weight from sales s1_0 where s1_0.user_id=? and s1_0.sale_date between ? and ?
2026-09-07T19:33:46.268+05:30 TRACE 22976 --- [FinanceManagementSystem] [http-nio-8080-exec-6] org.hibernate.orm.jdbc.bind              : binding parameter (1:BIGINT) <- [2]
2026-09-07T19:33:46.268+05:30 TRACE 22976 --- [FinanceManagementSystem] [http-nio-8080-exec-6] org.hibernate.orm.jdbc.bind              : binding parameter (2:DATE) <- [2026-05-01]
2026-09-07T19:33:46.269+05:30 TRACE 22976 --- [FinanceManagementSystem] [http-nio-8080-exec-6] org.hibernate.orm.jdbc.bind              : binding parameter (3:DATE) <- [2026-05-31]
2026-09-07T19:33:46.273+05:30 DEBUG 22976 --- [FinanceManagementSystem] [http-nio-8080-exec-6] org.hibernate.SQL                        : select p1_0.id,p1_0.amount,p1_0.created_at,p1_0.gst_amount,p1_0.gst_percentage,p1_0.payment_status,p1_0.public_id,p1_0.purchase_date,p1_0.purchase_number,p1_0.purchase_status,p1_0.rate_per_unit,p1_0.raw_material,p1_0.supplier_id,p1_0.supplier_invoice_number,p1_0.total_amount,p1_0.unit,p1_0.updated_at,p1_0.user_id,p1_0.weight from purchases p1_0 where p1_0.user_id=? and p1_0.purchase_date between ? and ?
2026-09-07T19:33:46.275+05:30 TRACE 22976 --- [FinanceManagementSystem] [http-nio-8080-exec-6] org.hibernate.orm.jdbc.bind              : binding parameter (1:BIGINT) <- [2]
2026-09-07T19:33:46.275+05:30 TRACE 22976 --- [FinanceManagementSystem] [http-nio-8080-exec-6] org.hibernate.orm.jdbc.bind              : binding parameter (2:DATE) <- [2026-05-01]
2026-09-07T19:33:46.275+05:30 TRACE 22976 --- [FinanceManagementSystem] [http-nio-8080-exec-6] org.hibernate.orm.jdbc.bind              : binding parameter (3:DATE) <- [2026-05-31]
2026-09-07T19:33:46.279+05:30 DEBUG 22976 --- [FinanceManagementSystem] [http-nio-8080-exec-6] org.hibernate.SQL                        : select coalesce(sum(e1_0.amount),0) from expenses e1_0 where e1_0.user_id=? and e1_0.is_active=1 and (? is null or e1_0.expense_date>=?) and (? is null or e1_0.expense_date<=?)
2026-09-07T19:33:46.280+05:30 TRACE 22976 --- [FinanceManagementSystem] [http-nio-8080-exec-6] org.hibernate.orm.jdbc.bind              : binding parameter (1:BIGINT) <- [2]
2026-09-07T19:33:46.280+05:30 TRACE 22976 --- [FinanceManagementSystem] [http-nio-8080-exec-6] org.hibernate.orm.jdbc.bind              : binding parameter (2:DATE) <- [2026-05-01]
2026-09-07T19:33:46.280+05:30 TRACE 22976 --- [FinanceManagementSystem] [http-nio-8080-exec-6] org.hibernate.orm.jdbc.bind              : binding parameter (3:DATE) <- [2026-05-01]
2026-09-07T19:33:46.280+05:30 TRACE 22976 --- [FinanceManagementSystem] [http-nio-8080-exec-6] org.hibernate.orm.jdbc.bind              : binding parameter (4:DATE) <- [2026-05-31]
2026-09-07T19:33:46.280+05:30 TRACE 22976 --- [FinanceManagementSystem] [http-nio-8080-exec-6] org.hibernate.orm.jdbc.bind              : binding parameter (5:DATE) <- [2026-05-31]
2026-09-07T19:33:46.285+05:30 DEBUG 22976 --- [FinanceManagementSystem] [http-nio-8080-exec-6] org.hibernate.SQL                        : select s1_0.id,s1_0.amount,s1_0.created_at,s1_0.customer_id,s1_0.customer_invoice_number,s1_0.gst_amount,s1_0.gst_percentage,s1_0.payment_status,s1_0.public_id,s1_0.rate_per_unit,s1_0.raw_material,s1_0.sale_date,s1_0.sale_number,s1_0.total_amount,s1_0.unit,s1_0.updated_at,s1_0.user_id,s1_0.weight from sales s1_0 where s1_0.user_id=? and s1_0.sale_date between ? and ?
2026-09-07T19:33:46.286+05:30 TRACE 22976 --- [FinanceManagementSystem] [http-nio-8080-exec-6] org.hibernate.orm.jdbc.bind              : binding parameter (1:BIGINT) <- [2]
2026-09-07T19:33:46.287+05:30 TRACE 22976 --- [FinanceManagementSystem] [http-nio-8080-exec-6] org.hibernate.orm.jdbc.bind              : binding parameter (2:DATE) <- [2026-06-01]
2026-09-07T19:33:46.290+05:30 TRACE 22976 --- [FinanceManagementSystem] [http-nio-8080-exec-6] org.hibernate.orm.jdbc.bind              : binding parameter (3:DATE) <- [2026-06-30]
2026-09-07T19:33:46.295+05:30 DEBUG 22976 --- [FinanceManagementSystem] [http-nio-8080-exec-6] org.hibernate.SQL                        : select p1_0.id,p1_0.amount,p1_0.created_at,p1_0.gst_amount,p1_0.gst_percentage,p1_0.payment_status,p1_0.public_id,p1_0.purchase_date,p1_0.purchase_number,p1_0.purchase_status,p1_0.rate_per_unit,p1_0.raw_material,p1_0.supplier_id,p1_0.supplier_invoice_number,p1_0.total_amount,p1_0.unit,p1_0.updated_at,p1_0.user_id,p1_0.weight from purchases p1_0 where p1_0.user_id=? and p1_0.purchase_date between ? and ?
2026-09-07T19:33:46.296+05:30 TRACE 22976 --- [FinanceManagementSystem] [http-nio-8080-exec-6] org.hibernate.orm.jdbc.bind              : binding parameter (1:BIGINT) <- [2]
2026-09-07T19:33:46.297+05:30 TRACE 22976 --- [FinanceManagementSystem] [http-nio-8080-exec-6] org.hibernate.orm.jdbc.bind              : binding parameter (2:DATE) <- [2026-06-01]
2026-09-07T19:33:46.297+05:30 TRACE 22976 --- [FinanceManagementSystem] [http-nio-8080-exec-6] org.hibernate.orm.jdbc.bind              : binding parameter (3:DATE) <- [2026-06-30]
2026-09-07T19:33:46.301+05:30 DEBUG 22976 --- [FinanceManagementSystem] [http-nio-8080-exec-6] org.hibernate.SQL                        : select coalesce(sum(e1_0.amount),0) from expenses e1_0 where e1_0.user_id=? and e1_0.is_active=1 and (? is null or e1_0.expense_date>=?) and (? is null or e1_0.expense_date<=?)
2026-09-07T19:33:46.301+05:30 TRACE 22976 --- [FinanceManagementSystem] [http-nio-8080-exec-6] org.hibernate.orm.jdbc.bind              : binding parameter (1:BIGINT) <- [2]
2026-09-07T19:33:46.301+05:30 TRACE 22976 --- [FinanceManagementSystem] [http-nio-8080-exec-6] org.hibernate.orm.jdbc.bind              : binding parameter (2:DATE) <- [2026-06-01]
2026-09-07T19:33:46.302+05:30 TRACE 22976 --- [FinanceManagementSystem] [http-nio-8080-exec-6] org.hibernate.orm.jdbc.bind              : binding parameter (3:DATE) <- [2026-06-01]
2026-09-07T19:33:46.302+05:30 TRACE 22976 --- [FinanceManagementSystem] [http-nio-8080-exec-6] org.hibernate.orm.jdbc.bind              : binding parameter (4:DATE) <- [2026-06-30]
2026-09-07T19:33:46.302+05:30 TRACE 22976 --- [FinanceManagementSystem] [http-nio-8080-exec-6] org.hibernate.orm.jdbc.bind              : binding parameter (5:DATE) <- [2026-06-30]
2026-09-07T19:33:46.306+05:30 DEBUG 22976 --- [FinanceManagementSystem] [http-nio-8080-exec-6] org.hibernate.SQL                        : select s1_0.id,s1_0.amount,s1_0.created_at,s1_0.customer_id,s1_0.customer_invoice_number,s1_0.gst_amount,s1_0.gst_percentage,s1_0.payment_status,s1_0.public_id,s1_0.rate_per_unit,s1_0.raw_material,s1_0.sale_date,s1_0.sale_number,s1_0.total_amount,s1_0.unit,s1_0.updated_at,s1_0.user_id,s1_0.weight from sales s1_0 where s1_0.user_id=? and s1_0.sale_date between ? and ?
2026-09-07T19:33:46.307+05:30 TRACE 22976 --- [FinanceManagementSystem] [http-nio-8080-exec-6] org.hibernate.orm.jdbc.bind              : binding parameter (1:BIGINT) <- [2]
2026-09-07T19:33:46.307+05:30 TRACE 22976 --- [FinanceManagementSystem] [http-nio-8080-exec-6] org.hibernate.orm.jdbc.bind              : binding parameter (2:DATE) <- [2026-07-01]
2026-09-07T19:33:46.307+05:30 TRACE 22976 --- [FinanceManagementSystem] [http-nio-8080-exec-6] org.hibernate.orm.jdbc.bind              : binding parameter (3:DATE) <- [2026-07-31]
2026-09-07T19:33:46.311+05:30 DEBUG 22976 --- [FinanceManagementSystem] [http-nio-8080-exec-6] org.hibernate.SQL                        : select p1_0.id,p1_0.amount,p1_0.created_at,p1_0.gst_amount,p1_0.gst_percentage,p1_0.payment_status,p1_0.public_id,p1_0.purchase_date,p1_0.purchase_number,p1_0.purchase_status,p1_0.rate_per_unit,p1_0.raw_material,p1_0.supplier_id,p1_0.supplier_invoice_number,p1_0.total_amount,p1_0.unit,p1_0.updated_at,p1_0.user_id,p1_0.weight from purchases p1_0 where p1_0.user_id=? and p1_0.purchase_date between ? and ?
2026-09-07T19:33:46.312+05:30 TRACE 22976 --- [FinanceManagementSystem] [http-nio-8080-exec-6] org.hibernate.orm.jdbc.bind              : binding parameter (1:BIGINT) <- [2]
2026-09-07T19:33:46.312+05:30 TRACE 22976 --- [FinanceManagementSystem] [http-nio-8080-exec-6] org.hibernate.orm.jdbc.bind              : binding parameter (2:DATE) <- [2026-07-01]
2026-09-07T19:33:46.312+05:30 TRACE 22976 --- [FinanceManagementSystem] [http-nio-8080-exec-6] org.hibernate.orm.jdbc.bind              : binding parameter (3:DATE) <- [2026-07-31]
2026-09-07T19:33:46.315+05:30 DEBUG 22976 --- [FinanceManagementSystem] [http-nio-8080-exec-6] org.hibernate.SQL                        : select coalesce(sum(e1_0.amount),0) from expenses e1_0 where e1_0.user_id=? and e1_0.is_active=1 and (? is null or e1_0.expense_date>=?) and (? is null or e1_0.expense_date<=?)
2026-09-07T19:33:46.315+05:30 TRACE 22976 --- [FinanceManagementSystem] [http-nio-8080-exec-6] org.hibernate.orm.jdbc.bind              : binding parameter (1:BIGINT) <- [2]
2026-09-07T19:33:46.316+05:30 TRACE 22976 --- [FinanceManagementSystem] [http-nio-8080-exec-6] org.hibernate.orm.jdbc.bind              : binding parameter (2:DATE) <- [2026-07-01]
2026-09-07T19:33:46.316+05:30 TRACE 22976 --- [FinanceManagementSystem] [http-nio-8080-exec-6] org.hibernate.orm.jdbc.bind              : binding parameter (3:DATE) <- [2026-07-01]
2026-09-07T19:33:46.317+05:30 TRACE 22976 --- [FinanceManagementSystem] [http-nio-8080-exec-6] org.hibernate.orm.jdbc.bind              : binding parameter (4:DATE) <- [2026-07-31]
2026-09-07T19:33:46.317+05:30 TRACE 22976 --- [FinanceManagementSystem] [http-nio-8080-exec-6] org.hibernate.orm.jdbc.bind              : binding parameter (5:DATE) <- [2026-07-31]
2026-09-07T19:33:46.321+05:30 DEBUG 22976 --- [FinanceManagementSystem] [http-nio-8080-exec-6] org.hibernate.SQL                        : select s1_0.id,s1_0.amount,s1_0.created_at,s1_0.customer_id,s1_0.customer_invoice_number,s1_0.gst_amount,s1_0.gst_percentage,s1_0.payment_status,s1_0.public_id,s1_0.rate_per_unit,s1_0.raw_material,s1_0.sale_date,s1_0.sale_number,s1_0.total_amount,s1_0.unit,s1_0.updated_at,s1_0.user_id,s1_0.weight from sales s1_0 where s1_0.user_id=? and s1_0.sale_date between ? and ?
2026-09-07T19:33:46.322+05:30 TRACE 22976 --- [FinanceManagementSystem] [http-nio-8080-exec-6] org.hibernate.orm.jdbc.bind              : binding parameter (1:BIGINT) <- [2]
2026-09-07T19:33:46.322+05:30 TRACE 22976 --- [FinanceManagementSystem] [http-nio-8080-exec-6] org.hibernate.orm.jdbc.bind              : binding parameter (2:DATE) <- [2026-08-01]
2026-09-07T19:33:46.322+05:30 TRACE 22976 --- [FinanceManagementSystem] [http-nio-8080-exec-6] org.hibernate.orm.jdbc.bind              : binding parameter (3:DATE) <- [2026-08-31]
2026-09-07T19:33:46.325+05:30 DEBUG 22976 --- [FinanceManagementSystem] [http-nio-8080-exec-6] org.hibernate.SQL                        : select p1_0.id,p1_0.amount,p1_0.created_at,p1_0.gst_amount,p1_0.gst_percentage,p1_0.payment_status,p1_0.public_id,p1_0.purchase_date,p1_0.purchase_number,p1_0.purchase_status,p1_0.rate_per_unit,p1_0.raw_material,p1_0.supplier_id,p1_0.supplier_invoice_number,p1_0.total_amount,p1_0.unit,p1_0.updated_at,p1_0.user_id,p1_0.weight from purchases p1_0 where p1_0.user_id=? and p1_0.purchase_date between ? and ?
2026-09-07T19:33:46.326+05:30 TRACE 22976 --- [FinanceManagementSystem] [http-nio-8080-exec-6] org.hibernate.orm.jdbc.bind              : binding parameter (1:BIGINT) <- [2]
2026-09-07T19:33:46.326+05:30 TRACE 22976 --- [FinanceManagementSystem] [http-nio-8080-exec-6] org.hibernate.orm.jdbc.bind              : binding parameter (2:DATE) <- [2026-08-01]
2026-09-07T19:33:46.326+05:30 TRACE 22976 --- [FinanceManagementSystem] [http-nio-8080-exec-6] org.hibernate.orm.jdbc.bind              : binding parameter (3:DATE) <- [2026-08-31]
2026-09-07T19:33:46.329+05:30 DEBUG 22976 --- [FinanceManagementSystem] [http-nio-8080-exec-6] org.hibernate.SQL                        : select coalesce(sum(e1_0.amount),0) from expenses e1_0 where e1_0.user_id=? and e1_0.is_active=1 and (? is null or e1_0.expense_date>=?) and (? is null or e1_0.expense_date<=?)
2026-09-07T19:33:46.330+05:30 TRACE 22976 --- [FinanceManagementSystem] [http-nio-8080-exec-6] org.hibernate.orm.jdbc.bind              : binding parameter (1:BIGINT) <- [2]
2026-09-07T19:33:46.330+05:30 TRACE 22976 --- [FinanceManagementSystem] [http-nio-8080-exec-6] org.hibernate.orm.jdbc.bind              : binding parameter (2:DATE) <- [2026-08-01]
2026-09-07T19:33:46.330+05:30 TRACE 22976 --- [FinanceManagementSystem] [http-nio-8080-exec-6] org.hibernate.orm.jdbc.bind              : binding parameter (3:DATE) <- [2026-08-01]
2026-09-07T19:33:46.330+05:30 TRACE 22976 --- [FinanceManagementSystem] [http-nio-8080-exec-6] org.hibernate.orm.jdbc.bind              : binding parameter (4:DATE) <- [2026-08-31]
2026-09-07T19:33:46.330+05:30 TRACE 22976 --- [FinanceManagementSystem] [http-nio-8080-exec-6] org.hibernate.orm.jdbc.bind              : binding parameter (5:DATE) <- [2026-08-31]
2026-09-07T19:33:46.333+05:30 DEBUG 22976 --- [FinanceManagementSystem] [http-nio-8080-exec-6] org.hibernate.SQL                        : select s1_0.id,s1_0.amount,s1_0.created_at,s1_0.customer_id,s1_0.customer_invoice_number,s1_0.gst_amount,s1_0.gst_percentage,s1_0.payment_status,s1_0.public_id,s1_0.rate_per_unit,s1_0.raw_material,s1_0.sale_date,s1_0.sale_number,s1_0.total_amount,s1_0.unit,s1_0.updated_at,s1_0.user_id,s1_0.weight from sales s1_0 where s1_0.user_id=? and s1_0.sale_date between ? and ?
2026-09-07T19:33:46.334+05:30 TRACE 22976 --- [FinanceManagementSystem] [http-nio-8080-exec-6] org.hibernate.orm.jdbc.bind              : binding parameter (1:BIGINT) <- [2]
2026-09-07T19:33:46.334+05:30 TRACE 22976 --- [FinanceManagementSystem] [http-nio-8080-exec-6] org.hibernate.orm.jdbc.bind              : binding parameter (2:DATE) <- [2026-09-01]
2026-09-07T19:33:46.334+05:30 TRACE 22976 --- [FinanceManagementSystem] [http-nio-8080-exec-6] org.hibernate.orm.jdbc.bind              : binding parameter (3:DATE) <- [2026-09-30]
2026-09-07T19:33:46.338+05:30 DEBUG 22976 --- [FinanceManagementSystem] [http-nio-8080-exec-6] org.hibernate.SQL                        : select p1_0.id,p1_0.amount,p1_0.created_at,p1_0.gst_amount,p1_0.gst_percentage,p1_0.payment_status,p1_0.public_id,p1_0.purchase_date,p1_0.purchase_number,p1_0.purchase_status,p1_0.rate_per_unit,p1_0.raw_material,p1_0.supplier_id,p1_0.supplier_invoice_number,p1_0.total_amount,p1_0.unit,p1_0.updated_at,p1_0.user_id,p1_0.weight from purchases p1_0 where p1_0.user_id=? and p1_0.purchase_date between ? and ?
2026-09-07T19:33:46.339+05:30 TRACE 22976 --- [FinanceManagementSystem] [http-nio-8080-exec-6] org.hibernate.orm.jdbc.bind              : binding parameter (1:BIGINT) <- [2]
2026-09-07T19:33:46.340+05:30 TRACE 22976 --- [FinanceManagementSystem] [http-nio-8080-exec-6] org.hibernate.orm.jdbc.bind              : binding parameter (2:DATE) <- [2026-09-01]
2026-09-07T19:33:46.340+05:30 TRACE 22976 --- [FinanceManagementSystem] [http-nio-8080-exec-6] org.hibernate.orm.jdbc.bind              : binding parameter (3:DATE) <- [2026-09-30]
2026-09-07T19:33:46.343+05:30 DEBUG 22976 --- [FinanceManagementSystem] [http-nio-8080-exec-6] org.hibernate.SQL                        : select coalesce(sum(e1_0.amount),0) from expenses e1_0 where e1_0.user_id=? and e1_0.is_active=1 and (? is null or e1_0.expense_date>=?) and (? is null or e1_0.expense_date<=?)
2026-09-07T19:33:46.343+05:30 TRACE 22976 --- [FinanceManagementSystem] [http-nio-8080-exec-6] org.hibernate.orm.jdbc.bind              : binding parameter (1:BIGINT) <- [2]
2026-09-07T19:33:46.343+05:30 TRACE 22976 --- [FinanceManagementSystem] [http-nio-8080-exec-6] org.hibernate.orm.jdbc.bind              : binding parameter (2:DATE) <- [2026-09-01]
2026-09-07T19:33:46.344+05:30 TRACE 22976 --- [FinanceManagementSystem] [http-nio-8080-exec-6] org.hibernate.orm.jdbc.bind              : binding parameter (3:DATE) <- [2026-09-01]
2026-09-07T19:33:46.344+05:30 TRACE 22976 --- [FinanceManagementSystem] [http-nio-8080-exec-6] org.hibernate.orm.jdbc.bind              : binding parameter (4:DATE) <- [2026-09-30]
2026-09-07T19:33:46.344+05:30 TRACE 22976 --- [FinanceManagementSystem] [http-nio-8080-exec-6] org.hibernate.orm.jdbc.bind              : binding parameter (5:DATE) <- [2026-09-30]
2026-09-07T19:33:46.347+05:30 DEBUG 22976 --- [FinanceManagementSystem] [http-nio-8080-exec-6] org.hibernate.SQL                        : select s1_0.id,s1_0.amount,s1_0.created_at,s1_0.customer_id,s1_0.customer_invoice_number,s1_0.gst_amount,s1_0.gst_percentage,s1_0.payment_status,s1_0.public_id,s1_0.rate_per_unit,s1_0.raw_material,s1_0.sale_date,s1_0.sale_number,s1_0.total_amount,s1_0.unit,s1_0.updated_at,s1_0.user_id,s1_0.weight from sales s1_0 where s1_0.user_id=? order by s1_0.sale_date desc,s1_0.id desc limit ?
2026-09-07T19:33:46.348+05:30 TRACE 22976 --- [FinanceManagementSystem] [http-nio-8080-exec-6] org.hibernate.orm.jdbc.bind              : binding parameter (1:BIGINT) <- [2]
2026-09-07T19:33:46.348+05:30 TRACE 22976 --- [FinanceManagementSystem] [http-nio-8080-exec-6] org.hibernate.orm.jdbc.bind              : binding parameter (2:INTEGER) <- [5]
2026-09-07T19:33:46.352+05:30 DEBUG 22976 --- [FinanceManagementSystem] [http-nio-8080-exec-6] org.hibernate.SQL                        : select p1_0.id,p1_0.amount,p1_0.created_at,p1_0.gst_amount,p1_0.gst_percentage,p1_0.payment_status,p1_0.public_id,p1_0.purchase_date,p1_0.purchase_number,p1_0.purchase_status,p1_0.rate_per_unit,p1_0.raw_material,p1_0.supplier_id,p1_0.supplier_invoice_number,p1_0.total_amount,p1_0.unit,p1_0.updated_at,p1_0.user_id,p1_0.weight from purchases p1_0 where p1_0.user_id=? order by p1_0.purchase_date desc,p1_0.id desc limit ?
2026-09-07T19:33:46.352+05:30 TRACE 22976 --- [FinanceManagementSystem] [http-nio-8080-exec-6] org.hibernate.orm.jdbc.bind              : binding parameter (1:BIGINT) <- [2]
2026-09-07T19:33:46.353+05:30 TRACE 22976 --- [FinanceManagementSystem] [http-nio-8080-exec-6] org.hibernate.orm.jdbc.bind              : binding parameter (2:INTEGER) <- [5]
2026-09-07T19:33:46.356+05:30 DEBUG 22976 --- [FinanceManagementSystem] [http-nio-8080-exec-6] org.hibernate.SQL                        : select s1_0.id,a1_0.id,a1_0.address_line_1,a1_0.address_line_2,a1_0.city,a1_0.country,a1_0.created_at,a1_0.pincode,a1_0.state,a1_0.supplier_id,a1_0.updated_at,s1_0.alternate_mobile_number,s1_0.contact_person,s1_0.created_at,s1_0.email,s1_0.gst_number,s1_0.is_active,s1_0.mobile_number,s1_0.opening_balance,s1_0.payment_terms,s1_0.public_id,s1_0.supplier_name,s1_0.updated_at,s1_0.user_id from suppliers s1_0 left join supplier_address a1_0 on s1_0.id=a1_0.supplier_id where s1_0.id=?
2026-09-07T19:33:46.357+05:30 TRACE 22976 --- [FinanceManagementSystem] [http-nio-8080-exec-6] org.hibernate.orm.jdbc.bind              : binding parameter (1:BIGINT) <- [1]
2026-09-07T19:33:46.364+05:30 DEBUG 22976 --- [FinanceManagementSystem] [http-nio-8080-exec-6] org.hibernate.SQL                        : select e1_0.id,e1_0.amount,e1_0.category,e1_0.created_at,e1_0.description,e1_0.expense_date,e1_0.expense_number,e1_0.is_active,e1_0.payment_mode,e1_0.public_id,e1_0.reference_number,e1_0.remarks,e1_0.updated_at,e1_0.user_id from expenses e1_0 where e1_0.user_id=? and e1_0.is_active order by e1_0.expense_date desc limit ?
2026-09-07T19:33:46.364+05:30 TRACE 22976 --- [FinanceManagementSystem] [http-nio-8080-exec-6] org.hibernate.orm.jdbc.bind              : binding parameter (1:BIGINT) <- [2]
2026-09-07T19:33:46.365+05:30 TRACE 22976 --- [FinanceManagementSystem] [http-nio-8080-exec-6] org.hibernate.orm.jdbc.bind              : binding parameter (2:INTEGER) <- [5]
2026-09-07T19:33:46.369+05:30 DEBUG 22976 --- [FinanceManagementSystem] [http-nio-8080-exec-6] org.hibernate.SQL                        : select count(e1_0.id) from expenses e1_0 where e1_0.user_id=? and e1_0.is_active
2026-09-07T19:33:46.370+05:30 TRACE 22976 --- [FinanceManagementSystem] [http-nio-8080-exec-6] org.hibernate.orm.jdbc.bind              : binding parameter (1:BIGINT) <- [2]
2026-09-07T19:34:06.391+05:30 DEBUG 22976 --- [FinanceManagementSystem] [http-nio-8080-exec-7] org.hibernate.SQL                        : SELECT * FROM users WHERE LOWER(TRIM(email)) = LOWER(TRIM(?))
2026-09-07T19:34:06.391+05:30 TRACE 22976 --- [FinanceManagementSystem] [http-nio-8080-exec-7] org.hibernate.orm.jdbc.bind              : binding parameter (1:VARCHAR) <- [bhavesh@gmail.com]
2026-09-07T19:34:06.392+05:30 DEBUG 22976 --- [FinanceManagementSystem] [http-nio-8080-exec-7] org.hibernate.SQL                        : select ua1_0.id,ua1_0.area,ua1_0.city,ua1_0.country,ua1_0.created_at,ua1_0.house_no,ua1_0.pincode,ua1_0.society_name,ua1_0.state,ua1_0.updated_at,ua1_0.user_id from user_address ua1_0 where ua1_0.user_id=?
2026-09-07T19:34:06.392+05:30 TRACE 22976 --- [FinanceManagementSystem] [http-nio-8080-exec-7] org.hibernate.orm.jdbc.bind              : binding parameter (1:BIGINT) <- [2]
2026-09-07T19:34:06.393+05:30  INFO 22976 --- [FinanceManagementSystem] [http-nio-8080-exec-7] F.d.Security.CustomUserDetailsService    : CustomUserDetailsService - User loaded successfully: bhavesh@gmail.com
2026-09-07T19:34:06.398+05:30  INFO 22976 --- [FinanceManagementSystem] [http-nio-8080-exec-7] F.demo.Security.JwtUtil                  : JwtUtil - JWT token validation successful for user: bhavesh@gmail.com
2026-09-07T19:34:06.398+05:30  INFO 22976 --- [FinanceManagementSystem] [http-nio-8080-exec-7] F.demo.Security.JwtFilter                : JwtFilter - JWT validated successfully for user: bhavesh@gmail.com
2026-09-07T19:34:06.399+05:30  INFO 22976 --- [FinanceManagementSystem] [http-nio-8080-exec-7] F.demo.Controller.DashboardController    : CONTROLLER - request came in getDashboardSummary...
2026-09-07T19:34:06.400+05:30  INFO 22976 --- [FinanceManagementSystem] [http-nio-8080-exec-7] F.d.S.Implementations.DashboardService   : SERVICE - request came in getDashboardSummary...
2026-09-07T19:34:06.401+05:30 DEBUG 22976 --- [FinanceManagementSystem] [http-nio-8080-exec-7] org.hibernate.SQL                        : SELECT * FROM users WHERE LOWER(TRIM(email)) = LOWER(TRIM(?))
2026-09-07T19:34:06.401+05:30 TRACE 22976 --- [FinanceManagementSystem] [http-nio-8080-exec-7] org.hibernate.orm.jdbc.bind              : binding parameter (1:VARCHAR) <- [bhavesh@gmail.com]
2026-09-07T19:34:06.402+05:30 DEBUG 22976 --- [FinanceManagementSystem] [http-nio-8080-exec-7] org.hibernate.SQL                        : select ua1_0.id,ua1_0.area,ua1_0.city,ua1_0.country,ua1_0.created_at,ua1_0.house_no,ua1_0.pincode,ua1_0.society_name,ua1_0.state,ua1_0.updated_at,ua1_0.user_id from user_address ua1_0 where ua1_0.user_id=?
2026-09-07T19:34:06.402+05:30 TRACE 22976 --- [FinanceManagementSystem] [http-nio-8080-exec-7] org.hibernate.orm.jdbc.bind              : binding parameter (1:BIGINT) <- [2]
2026-09-07T19:34:06.403+05:30  INFO 22976 --- [FinanceManagementSystem] [http-nio-8080-exec-7] F.d.S.I.PurchasePaymentService           : SERVICE - request came in getTotalOutstandingAmount...
2026-09-07T19:34:06.403+05:30 DEBUG 22976 --- [FinanceManagementSystem] [http-nio-8080-exec-7] org.hibernate.SQL                        : SELECT * FROM users WHERE LOWER(TRIM(email)) = LOWER(TRIM(?))
2026-09-07T19:34:06.403+05:30 TRACE 22976 --- [FinanceManagementSystem] [http-nio-8080-exec-7] org.hibernate.orm.jdbc.bind              : binding parameter (1:VARCHAR) <- [bhavesh@gmail.com]
2026-09-07T19:34:06.405+05:30 DEBUG 22976 --- [FinanceManagementSystem] [http-nio-8080-exec-7] org.hibernate.SQL                        : select p1_0.id,p1_0.amount,p1_0.created_at,p1_0.gst_amount,p1_0.gst_percentage,p1_0.payment_status,p1_0.public_id,p1_0.purchase_date,p1_0.purchase_number,p1_0.purchase_status,p1_0.rate_per_unit,p1_0.raw_material,p1_0.supplier_id,p1_0.supplier_invoice_number,p1_0.total_amount,p1_0.unit,p1_0.updated_at,p1_0.user_id,p1_0.weight from purchases p1_0 where p1_0.user_id=? and p1_0.payment_status in (?,?)
2026-09-07T19:34:06.405+05:30 TRACE 22976 --- [FinanceManagementSystem] [http-nio-8080-exec-7] org.hibernate.orm.jdbc.bind              : binding parameter (1:BIGINT) <- [2]
2026-09-07T19:34:06.405+05:30 TRACE 22976 --- [FinanceManagementSystem] [http-nio-8080-exec-7] org.hibernate.orm.jdbc.bind              : binding parameter (2:ENUM) <- [PENDING]
2026-09-07T19:34:06.406+05:30 TRACE 22976 --- [FinanceManagementSystem] [http-nio-8080-exec-7] org.hibernate.orm.jdbc.bind              : binding parameter (3:ENUM) <- [PARTIALLY_PAID]
2026-09-07T19:34:06.407+05:30  INFO 22976 --- [FinanceManagementSystem] [http-nio-8080-exec-7] F.d.S.I.SalePaymentService               : SERVICE - request came in getTotalReceivableAmount...
2026-09-07T19:34:06.407+05:30 DEBUG 22976 --- [FinanceManagementSystem] [http-nio-8080-exec-7] org.hibernate.SQL                        : SELECT * FROM users WHERE LOWER(TRIM(email)) = LOWER(TRIM(?))
2026-09-07T19:34:06.407+05:30 TRACE 22976 --- [FinanceManagementSystem] [http-nio-8080-exec-7] org.hibernate.orm.jdbc.bind              : binding parameter (1:VARCHAR) <- [bhavesh@gmail.com]
2026-09-07T19:34:06.409+05:30 DEBUG 22976 --- [FinanceManagementSystem] [http-nio-8080-exec-7] org.hibernate.SQL                        : select s1_0.id,s1_0.amount,s1_0.created_at,s1_0.customer_id,s1_0.customer_invoice_number,s1_0.gst_amount,s1_0.gst_percentage,s1_0.payment_status,s1_0.public_id,s1_0.rate_per_unit,s1_0.raw_material,s1_0.sale_date,s1_0.sale_number,s1_0.total_amount,s1_0.unit,s1_0.updated_at,s1_0.user_id,s1_0.weight from sales s1_0 where s1_0.user_id=? and s1_0.payment_status in (?,?)
2026-09-07T19:34:06.409+05:30 TRACE 22976 --- [FinanceManagementSystem] [http-nio-8080-exec-7] org.hibernate.orm.jdbc.bind              : binding parameter (1:BIGINT) <- [2]
2026-09-07T19:34:06.410+05:30 TRACE 22976 --- [FinanceManagementSystem] [http-nio-8080-exec-7] org.hibernate.orm.jdbc.bind              : binding parameter (2:ENUM) <- [PENDING]
2026-09-07T19:34:06.410+05:30 TRACE 22976 --- [FinanceManagementSystem] [http-nio-8080-exec-7] org.hibernate.orm.jdbc.bind              : binding parameter (3:ENUM) <- [PARTIALLY_PAID]
2026-09-07T19:34:06.411+05:30 DEBUG 22976 --- [FinanceManagementSystem] [http-nio-8080-exec-7] org.hibernate.SQL                        : select coalesce(sum(sp1_0.amount_received),0) from sale_payments sp1_0 where sp1_0.user_id=?
2026-09-07T19:34:06.411+05:30 TRACE 22976 --- [FinanceManagementSystem] [http-nio-8080-exec-7] org.hibernate.orm.jdbc.bind              : binding parameter (1:BIGINT) <- [2]
2026-09-07T19:34:06.412+05:30 DEBUG 22976 --- [FinanceManagementSystem] [http-nio-8080-exec-7] org.hibernate.SQL                        : select coalesce(sum(pp1_0.amount_paid),0) from purchase_payments pp1_0 where pp1_0.user_id=?
2026-09-07T19:34:06.412+05:30 TRACE 22976 --- [FinanceManagementSystem] [http-nio-8080-exec-7] org.hibernate.orm.jdbc.bind              : binding parameter (1:BIGINT) <- [2]
2026-09-07T19:34:06.413+05:30 DEBUG 22976 --- [FinanceManagementSystem] [http-nio-8080-exec-7] org.hibernate.SQL                        : select coalesce(sum(e1_0.amount),0) from expenses e1_0 where e1_0.user_id=? and e1_0.is_active=1 and (? is null or e1_0.expense_date>=?) and (? is null or e1_0.expense_date<=?)
2026-09-07T19:34:06.413+05:30 TRACE 22976 --- [FinanceManagementSystem] [http-nio-8080-exec-7] org.hibernate.orm.jdbc.bind              : binding parameter (1:BIGINT) <- [2]
2026-09-07T19:34:06.413+05:30 TRACE 22976 --- [FinanceManagementSystem] [http-nio-8080-exec-7] org.hibernate.orm.jdbc.bind              : binding parameter (2:DATE) <- [null]
2026-09-07T19:34:06.413+05:30 TRACE 22976 --- [FinanceManagementSystem] [http-nio-8080-exec-7] org.hibernate.orm.jdbc.bind              : binding parameter (3:DATE) <- [null]
2026-09-07T19:34:06.413+05:30 TRACE 22976 --- [FinanceManagementSystem] [http-nio-8080-exec-7] org.hibernate.orm.jdbc.bind              : binding parameter (4:DATE) <- [null]
2026-09-07T19:34:06.413+05:30 TRACE 22976 --- [FinanceManagementSystem] [http-nio-8080-exec-7] org.hibernate.orm.jdbc.bind              : binding parameter (5:DATE) <- [null]
2026-09-07T19:34:06.414+05:30 DEBUG 22976 --- [FinanceManagementSystem] [http-nio-8080-exec-7] org.hibernate.SQL                        : select coalesce(sum(ppw1_0.amount),0) from partner_profit_withdrawals ppw1_0 where ppw1_0.user_id=?
2026-09-07T19:34:06.414+05:30 TRACE 22976 --- [FinanceManagementSystem] [http-nio-8080-exec-7] org.hibernate.orm.jdbc.bind              : binding parameter (1:BIGINT) <- [2]
2026-09-07T19:34:06.415+05:30  INFO 22976 --- [FinanceManagementSystem] [http-nio-8080-exec-7] F.d.S.Implementations.ExpenseService     : SERVICE - request came in getTotalExpenses...
2026-09-07T19:34:06.416+05:30 DEBUG 22976 --- [FinanceManagementSystem] [http-nio-8080-exec-7] org.hibernate.SQL                        : SELECT * FROM users WHERE LOWER(TRIM(email)) = LOWER(TRIM(?))
2026-09-07T19:34:06.416+05:30 TRACE 22976 --- [FinanceManagementSystem] [http-nio-8080-exec-7] org.hibernate.orm.jdbc.bind              : binding parameter (1:VARCHAR) <- [bhavesh@gmail.com]
2026-09-07T19:34:06.417+05:30 DEBUG 22976 --- [FinanceManagementSystem] [http-nio-8080-exec-7] org.hibernate.SQL                        : select coalesce(sum(e1_0.amount),0) from expenses e1_0 where e1_0.user_id=? and e1_0.is_active=1 and (? is null or e1_0.expense_date>=?) and (? is null or e1_0.expense_date<=?)
2026-09-07T19:34:06.417+05:30 TRACE 22976 --- [FinanceManagementSystem] [http-nio-8080-exec-7] org.hibernate.orm.jdbc.bind              : binding parameter (1:BIGINT) <- [2]
2026-09-07T19:34:06.417+05:30 TRACE 22976 --- [FinanceManagementSystem] [http-nio-8080-exec-7] org.hibernate.orm.jdbc.bind              : binding parameter (2:DATE) <- [2026-09-01]
2026-09-07T19:34:06.417+05:30 TRACE 22976 --- [FinanceManagementSystem] [http-nio-8080-exec-7] org.hibernate.orm.jdbc.bind              : binding parameter (3:DATE) <- [2026-09-01]
2026-09-07T19:34:06.417+05:30 TRACE 22976 --- [FinanceManagementSystem] [http-nio-8080-exec-7] org.hibernate.orm.jdbc.bind              : binding parameter (4:DATE) <- [2026-09-07]
2026-09-07T19:34:06.418+05:30 TRACE 22976 --- [FinanceManagementSystem] [http-nio-8080-exec-7] org.hibernate.orm.jdbc.bind              : binding parameter (5:DATE) <- [2026-09-07]
2026-09-07T19:34:06.418+05:30  INFO 22976 --- [FinanceManagementSystem] [http-nio-8080-exec-7] F.d.S.Implementations.StockService       : SERVICE - request came in getLowStockList...
2026-09-07T19:34:06.419+05:30 DEBUG 22976 --- [FinanceManagementSystem] [http-nio-8080-exec-7] org.hibernate.SQL                        : SELECT * FROM users WHERE LOWER(TRIM(email)) = LOWER(TRIM(?))
2026-09-07T19:34:06.419+05:30 TRACE 22976 --- [FinanceManagementSystem] [http-nio-8080-exec-7] org.hibernate.orm.jdbc.bind              : binding parameter (1:VARCHAR) <- [bhavesh@gmail.com]
2026-09-07T19:34:06.420+05:30 DEBUG 22976 --- [FinanceManagementSystem] [http-nio-8080-exec-7] org.hibernate.SQL                        : select s1_0.id,s1_0.created_at,s1_0.current_quantity,s1_0.is_active,s1_0.minimum_stock_level,s1_0.public_id,s1_0.raw_material,s1_0.unit,s1_0.updated_at,s1_0.user_id,s1_0.version from stocks s1_0 where s1_0.user_id=?
2026-09-07T19:34:06.421+05:30 TRACE 22976 --- [FinanceManagementSystem] [http-nio-8080-exec-7] org.hibernate.orm.jdbc.bind              : binding parameter (1:BIGINT) <- [2]
2026-09-07T19:34:06.422+05:30 DEBUG 22976 --- [FinanceManagementSystem] [http-nio-8080-exec-7] org.hibernate.SQL                        : SELECT * FROM users WHERE LOWER(TRIM(email)) = LOWER(TRIM(?))
2026-09-07T19:34:06.422+05:30 TRACE 22976 --- [FinanceManagementSystem] [http-nio-8080-exec-7] org.hibernate.orm.jdbc.bind              : binding parameter (1:VARCHAR) <- [bhavesh@gmail.com]
2026-09-07T19:34:06.423+05:30 DEBUG 22976 --- [FinanceManagementSystem] [http-nio-8080-exec-7] org.hibernate.SQL                        : select pd1_0.id,pd1_0.created_at,pd1_0.from_date,pd1_0.net_profit,pd1_0.public_id,pd1_0.to_date,pd1_0.total_expenses,pd1_0.total_purchase_cost,pd1_0.total_revenue,pd1_0.updated_at,pd1_0.user_id from profit_distributions pd1_0 where pd1_0.user_id=? order by coalesce(pd1_0.updated_at,pd1_0.created_at) desc,pd1_0.id desc
2026-09-07T19:34:06.424+05:30 TRACE 22976 --- [FinanceManagementSystem] [http-nio-8080-exec-7] org.hibernate.orm.jdbc.bind              : binding parameter (1:BIGINT) <- [2]
2026-09-07T19:34:06.425+05:30 DEBUG 22976 --- [FinanceManagementSystem] [http-nio-8080-exec-7] org.hibernate.SQL                        : select s1_0.id,s1_0.amount,s1_0.created_at,s1_0.customer_id,s1_0.customer_invoice_number,s1_0.gst_amount,s1_0.gst_percentage,s1_0.payment_status,s1_0.public_id,s1_0.rate_per_unit,s1_0.raw_material,s1_0.sale_date,s1_0.sale_number,s1_0.total_amount,s1_0.unit,s1_0.updated_at,s1_0.user_id,s1_0.weight from sales s1_0 where s1_0.user_id=? and s1_0.sale_date between ? and ?
2026-09-07T19:34:06.425+05:30 TRACE 22976 --- [FinanceManagementSystem] [http-nio-8080-exec-7] org.hibernate.orm.jdbc.bind              : binding parameter (1:BIGINT) <- [2]
2026-09-07T19:34:06.425+05:30 TRACE 22976 --- [FinanceManagementSystem] [http-nio-8080-exec-7] org.hibernate.orm.jdbc.bind              : binding parameter (2:DATE) <- [2026-04-01]
2026-09-07T19:34:06.425+05:30 TRACE 22976 --- [FinanceManagementSystem] [http-nio-8080-exec-7] org.hibernate.orm.jdbc.bind              : binding parameter (3:DATE) <- [2026-04-30]
2026-09-07T19:34:06.427+05:30 DEBUG 22976 --- [FinanceManagementSystem] [http-nio-8080-exec-7] org.hibernate.SQL                        : select p1_0.id,p1_0.amount,p1_0.created_at,p1_0.gst_amount,p1_0.gst_percentage,p1_0.payment_status,p1_0.public_id,p1_0.purchase_date,p1_0.purchase_number,p1_0.purchase_status,p1_0.rate_per_unit,p1_0.raw_material,p1_0.supplier_id,p1_0.supplier_invoice_number,p1_0.total_amount,p1_0.unit,p1_0.updated_at,p1_0.user_id,p1_0.weight from purchases p1_0 where p1_0.user_id=? and p1_0.purchase_date between ? and ?
2026-09-07T19:34:06.427+05:30 TRACE 22976 --- [FinanceManagementSystem] [http-nio-8080-exec-7] org.hibernate.orm.jdbc.bind              : binding parameter (1:BIGINT) <- [2]
2026-09-07T19:34:06.427+05:30 TRACE 22976 --- [FinanceManagementSystem] [http-nio-8080-exec-7] org.hibernate.orm.jdbc.bind              : binding parameter (2:DATE) <- [2026-04-01]
2026-09-07T19:34:06.427+05:30 TRACE 22976 --- [FinanceManagementSystem] [http-nio-8080-exec-7] org.hibernate.orm.jdbc.bind              : binding parameter (3:DATE) <- [2026-04-30]
2026-09-07T19:34:06.428+05:30 DEBUG 22976 --- [FinanceManagementSystem] [http-nio-8080-exec-7] org.hibernate.SQL                        : select coalesce(sum(e1_0.amount),0) from expenses e1_0 where e1_0.user_id=? and e1_0.is_active=1 and (? is null or e1_0.expense_date>=?) and (? is null or e1_0.expense_date<=?)
2026-09-07T19:34:06.429+05:30 TRACE 22976 --- [FinanceManagementSystem] [http-nio-8080-exec-7] org.hibernate.orm.jdbc.bind              : binding parameter (1:BIGINT) <- [2]
2026-09-07T19:34:06.429+05:30 TRACE 22976 --- [FinanceManagementSystem] [http-nio-8080-exec-7] org.hibernate.orm.jdbc.bind              : binding parameter (2:DATE) <- [2026-04-01]
2026-09-07T19:34:06.429+05:30 TRACE 22976 --- [FinanceManagementSystem] [http-nio-8080-exec-7] org.hibernate.orm.jdbc.bind              : binding parameter (3:DATE) <- [2026-04-01]
2026-09-07T19:34:06.429+05:30 TRACE 22976 --- [FinanceManagementSystem] [http-nio-8080-exec-7] org.hibernate.orm.jdbc.bind              : binding parameter (4:DATE) <- [2026-04-30]
2026-09-07T19:34:06.429+05:30 TRACE 22976 --- [FinanceManagementSystem] [http-nio-8080-exec-7] org.hibernate.orm.jdbc.bind              : binding parameter (5:DATE) <- [2026-04-30]
2026-09-07T19:34:06.430+05:30 DEBUG 22976 --- [FinanceManagementSystem] [http-nio-8080-exec-7] org.hibernate.SQL                        : select s1_0.id,s1_0.amount,s1_0.created_at,s1_0.customer_id,s1_0.customer_invoice_number,s1_0.gst_amount,s1_0.gst_percentage,s1_0.payment_status,s1_0.public_id,s1_0.rate_per_unit,s1_0.raw_material,s1_0.sale_date,s1_0.sale_number,s1_0.total_amount,s1_0.unit,s1_0.updated_at,s1_0.user_id,s1_0.weight from sales s1_0 where s1_0.user_id=? and s1_0.sale_date between ? and ?
2026-09-07T19:34:06.431+05:30 TRACE 22976 --- [FinanceManagementSystem] [http-nio-8080-exec-7] org.hibernate.orm.jdbc.bind              : binding parameter (1:BIGINT) <- [2]
2026-09-07T19:34:06.431+05:30 TRACE 22976 --- [FinanceManagementSystem] [http-nio-8080-exec-7] org.hibernate.orm.jdbc.bind              : binding parameter (2:DATE) <- [2026-05-01]
2026-09-07T19:34:06.431+05:30 TRACE 22976 --- [FinanceManagementSystem] [http-nio-8080-exec-7] org.hibernate.orm.jdbc.bind              : binding parameter (3:DATE) <- [2026-05-31]
2026-09-07T19:34:06.432+05:30 DEBUG 22976 --- [FinanceManagementSystem] [http-nio-8080-exec-7] org.hibernate.SQL                        : select p1_0.id,p1_0.amount,p1_0.created_at,p1_0.gst_amount,p1_0.gst_percentage,p1_0.payment_status,p1_0.public_id,p1_0.purchase_date,p1_0.purchase_number,p1_0.purchase_status,p1_0.rate_per_unit,p1_0.raw_material,p1_0.supplier_id,p1_0.supplier_invoice_number,p1_0.total_amount,p1_0.unit,p1_0.updated_at,p1_0.user_id,p1_0.weight from purchases p1_0 where p1_0.user_id=? and p1_0.purchase_date between ? and ?
2026-09-07T19:34:06.432+05:30 TRACE 22976 --- [FinanceManagementSystem] [http-nio-8080-exec-7] org.hibernate.orm.jdbc.bind              : binding parameter (1:BIGINT) <- [2]
2026-09-07T19:34:06.432+05:30 TRACE 22976 --- [FinanceManagementSystem] [http-nio-8080-exec-7] org.hibernate.orm.jdbc.bind              : binding parameter (2:DATE) <- [2026-05-01]
2026-09-07T19:34:06.432+05:30 TRACE 22976 --- [FinanceManagementSystem] [http-nio-8080-exec-7] org.hibernate.orm.jdbc.bind              : binding parameter (3:DATE) <- [2026-05-31]
2026-09-07T19:34:06.434+05:30 DEBUG 22976 --- [FinanceManagementSystem] [http-nio-8080-exec-7] org.hibernate.SQL                        : select coalesce(sum(e1_0.amount),0) from expenses e1_0 where e1_0.user_id=? and e1_0.is_active=1 and (? is null or e1_0.expense_date>=?) and (? is null or e1_0.expense_date<=?)
2026-09-07T19:34:06.434+05:30 TRACE 22976 --- [FinanceManagementSystem] [http-nio-8080-exec-7] org.hibernate.orm.jdbc.bind              : binding parameter (1:BIGINT) <- [2]
2026-09-07T19:34:06.434+05:30 TRACE 22976 --- [FinanceManagementSystem] [http-nio-8080-exec-7] org.hibernate.orm.jdbc.bind              : binding parameter (2:DATE) <- [2026-05-01]
2026-09-07T19:34:06.434+05:30 TRACE 22976 --- [FinanceManagementSystem] [http-nio-8080-exec-7] org.hibernate.orm.jdbc.bind              : binding parameter (3:DATE) <- [2026-05-01]
2026-09-07T19:34:06.434+05:30 TRACE 22976 --- [FinanceManagementSystem] [http-nio-8080-exec-7] org.hibernate.orm.jdbc.bind              : binding parameter (4:DATE) <- [2026-05-31]
2026-09-07T19:34:06.434+05:30 TRACE 22976 --- [FinanceManagementSystem] [http-nio-8080-exec-7] org.hibernate.orm.jdbc.bind              : binding parameter (5:DATE) <- [2026-05-31]
2026-09-07T19:34:06.435+05:30 DEBUG 22976 --- [FinanceManagementSystem] [http-nio-8080-exec-7] org.hibernate.SQL                        : select s1_0.id,s1_0.amount,s1_0.created_at,s1_0.customer_id,s1_0.customer_invoice_number,s1_0.gst_amount,s1_0.gst_percentage,s1_0.payment_status,s1_0.public_id,s1_0.rate_per_unit,s1_0.raw_material,s1_0.sale_date,s1_0.sale_number,s1_0.total_amount,s1_0.unit,s1_0.updated_at,s1_0.user_id,s1_0.weight from sales s1_0 where s1_0.user_id=? and s1_0.sale_date between ? and ?
2026-09-07T19:34:06.436+05:30 TRACE 22976 --- [FinanceManagementSystem] [http-nio-8080-exec-7] org.hibernate.orm.jdbc.bind              : binding parameter (1:BIGINT) <- [2]
2026-09-07T19:34:06.436+05:30 TRACE 22976 --- [FinanceManagementSystem] [http-nio-8080-exec-7] org.hibernate.orm.jdbc.bind              : binding parameter (2:DATE) <- [2026-06-01]
2026-09-07T19:34:06.436+05:30 TRACE 22976 --- [FinanceManagementSystem] [http-nio-8080-exec-7] org.hibernate.orm.jdbc.bind              : binding parameter (3:DATE) <- [2026-06-30]
2026-09-07T19:34:06.437+05:30 DEBUG 22976 --- [FinanceManagementSystem] [http-nio-8080-exec-7] org.hibernate.SQL                        : select p1_0.id,p1_0.amount,p1_0.created_at,p1_0.gst_amount,p1_0.gst_percentage,p1_0.payment_status,p1_0.public_id,p1_0.purchase_date,p1_0.purchase_number,p1_0.purchase_status,p1_0.rate_per_unit,p1_0.raw_material,p1_0.supplier_id,p1_0.supplier_invoice_number,p1_0.total_amount,p1_0.unit,p1_0.updated_at,p1_0.user_id,p1_0.weight from purchases p1_0 where p1_0.user_id=? and p1_0.purchase_date between ? and ?
2026-09-07T19:34:06.437+05:30 TRACE 22976 --- [FinanceManagementSystem] [http-nio-8080-exec-7] org.hibernate.orm.jdbc.bind              : binding parameter (1:BIGINT) <- [2]
2026-09-07T19:34:06.437+05:30 TRACE 22976 --- [FinanceManagementSystem] [http-nio-8080-exec-7] org.hibernate.orm.jdbc.bind              : binding parameter (2:DATE) <- [2026-06-01]
2026-09-07T19:34:06.437+05:30 TRACE 22976 --- [FinanceManagementSystem] [http-nio-8080-exec-7] org.hibernate.orm.jdbc.bind              : binding parameter (3:DATE) <- [2026-06-30]
2026-09-07T19:34:06.439+05:30 DEBUG 22976 --- [FinanceManagementSystem] [http-nio-8080-exec-7] org.hibernate.SQL                        : select coalesce(sum(e1_0.amount),0) from expenses e1_0 where e1_0.user_id=? and e1_0.is_active=1 and (? is null or e1_0.expense_date>=?) and (? is null or e1_0.expense_date<=?)
2026-09-07T19:34:06.439+05:30 TRACE 22976 --- [FinanceManagementSystem] [http-nio-8080-exec-7] org.hibernate.orm.jdbc.bind              : binding parameter (1:BIGINT) <- [2]
2026-09-07T19:34:06.439+05:30 TRACE 22976 --- [FinanceManagementSystem] [http-nio-8080-exec-7] org.hibernate.orm.jdbc.bind              : binding parameter (2:DATE) <- [2026-06-01]
2026-09-07T19:34:06.439+05:30 TRACE 22976 --- [FinanceManagementSystem] [http-nio-8080-exec-7] org.hibernate.orm.jdbc.bind              : binding parameter (3:DATE) <- [2026-06-01]
2026-09-07T19:34:06.439+05:30 TRACE 22976 --- [FinanceManagementSystem] [http-nio-8080-exec-7] org.hibernate.orm.jdbc.bind              : binding parameter (4:DATE) <- [2026-06-30]
2026-09-07T19:34:06.439+05:30 TRACE 22976 --- [FinanceManagementSystem] [http-nio-8080-exec-7] org.hibernate.orm.jdbc.bind              : binding parameter (5:DATE) <- [2026-06-30]
2026-09-07T19:34:06.441+05:30 DEBUG 22976 --- [FinanceManagementSystem] [http-nio-8080-exec-7] org.hibernate.SQL                        : select s1_0.id,s1_0.amount,s1_0.created_at,s1_0.customer_id,s1_0.customer_invoice_number,s1_0.gst_amount,s1_0.gst_percentage,s1_0.payment_status,s1_0.public_id,s1_0.rate_per_unit,s1_0.raw_material,s1_0.sale_date,s1_0.sale_number,s1_0.total_amount,s1_0.unit,s1_0.updated_at,s1_0.user_id,s1_0.weight from sales s1_0 where s1_0.user_id=? and s1_0.sale_date between ? and ?
2026-09-07T19:34:06.441+05:30 TRACE 22976 --- [FinanceManagementSystem] [http-nio-8080-exec-7] org.hibernate.orm.jdbc.bind              : binding parameter (1:BIGINT) <- [2]
2026-09-07T19:34:06.441+05:30 TRACE 22976 --- [FinanceManagementSystem] [http-nio-8080-exec-7] org.hibernate.orm.jdbc.bind              : binding parameter (2:DATE) <- [2026-07-01]
2026-09-07T19:34:06.441+05:30 TRACE 22976 --- [FinanceManagementSystem] [http-nio-8080-exec-7] org.hibernate.orm.jdbc.bind              : binding parameter (3:DATE) <- [2026-07-31]
2026-09-07T19:34:06.443+05:30 DEBUG 22976 --- [FinanceManagementSystem] [http-nio-8080-exec-7] org.hibernate.SQL                        : select p1_0.id,p1_0.amount,p1_0.created_at,p1_0.gst_amount,p1_0.gst_percentage,p1_0.payment_status,p1_0.public_id,p1_0.purchase_date,p1_0.purchase_number,p1_0.purchase_status,p1_0.rate_per_unit,p1_0.raw_material,p1_0.supplier_id,p1_0.supplier_invoice_number,p1_0.total_amount,p1_0.unit,p1_0.updated_at,p1_0.user_id,p1_0.weight from purchases p1_0 where p1_0.user_id=? and p1_0.purchase_date between ? and ?
2026-09-07T19:34:06.443+05:30 TRACE 22976 --- [FinanceManagementSystem] [http-nio-8080-exec-7] org.hibernate.orm.jdbc.bind              : binding parameter (1:BIGINT) <- [2]
2026-09-07T19:34:06.443+05:30 TRACE 22976 --- [FinanceManagementSystem] [http-nio-8080-exec-7] org.hibernate.orm.jdbc.bind              : binding parameter (2:DATE) <- [2026-07-01]
2026-09-07T19:34:06.443+05:30 TRACE 22976 --- [FinanceManagementSystem] [http-nio-8080-exec-7] org.hibernate.orm.jdbc.bind              : binding parameter (3:DATE) <- [2026-07-31]
2026-09-07T19:34:06.445+05:30 DEBUG 22976 --- [FinanceManagementSystem] [http-nio-8080-exec-7] org.hibernate.SQL                        : select coalesce(sum(e1_0.amount),0) from expenses e1_0 where e1_0.user_id=? and e1_0.is_active=1 and (? is null or e1_0.expense_date>=?) and (? is null or e1_0.expense_date<=?)
2026-09-07T19:34:06.445+05:30 TRACE 22976 --- [FinanceManagementSystem] [http-nio-8080-exec-7] org.hibernate.orm.jdbc.bind              : binding parameter (1:BIGINT) <- [2]
2026-09-07T19:34:06.445+05:30 TRACE 22976 --- [FinanceManagementSystem] [http-nio-8080-exec-7] org.hibernate.orm.jdbc.bind              : binding parameter (2:DATE) <- [2026-07-01]
2026-09-07T19:34:06.445+05:30 TRACE 22976 --- [FinanceManagementSystem] [http-nio-8080-exec-7] org.hibernate.orm.jdbc.bind              : binding parameter (3:DATE) <- [2026-07-01]
2026-09-07T19:34:06.445+05:30 TRACE 22976 --- [FinanceManagementSystem] [http-nio-8080-exec-7] org.hibernate.orm.jdbc.bind              : binding parameter (4:DATE) <- [2026-07-31]
2026-09-07T19:34:06.445+05:30 TRACE 22976 --- [FinanceManagementSystem] [http-nio-8080-exec-7] org.hibernate.orm.jdbc.bind              : binding parameter (5:DATE) <- [2026-07-31]
2026-09-07T19:34:06.447+05:30 DEBUG 22976 --- [FinanceManagementSystem] [http-nio-8080-exec-7] org.hibernate.SQL                        : select s1_0.id,s1_0.amount,s1_0.created_at,s1_0.customer_id,s1_0.customer_invoice_number,s1_0.gst_amount,s1_0.gst_percentage,s1_0.payment_status,s1_0.public_id,s1_0.rate_per_unit,s1_0.raw_material,s1_0.sale_date,s1_0.sale_number,s1_0.total_amount,s1_0.unit,s1_0.updated_at,s1_0.user_id,s1_0.weight from sales s1_0 where s1_0.user_id=? and s1_0.sale_date between ? and ?
2026-09-07T19:34:06.447+05:30 TRACE 22976 --- [FinanceManagementSystem] [http-nio-8080-exec-7] org.hibernate.orm.jdbc.bind              : binding parameter (1:BIGINT) <- [2]
2026-09-07T19:34:06.447+05:30 TRACE 22976 --- [FinanceManagementSystem] [http-nio-8080-exec-7] org.hibernate.orm.jdbc.bind              : binding parameter (2:DATE) <- [2026-08-01]
2026-09-07T19:34:06.447+05:30 TRACE 22976 --- [FinanceManagementSystem] [http-nio-8080-exec-7] org.hibernate.orm.jdbc.bind              : binding parameter (3:DATE) <- [2026-08-31]
2026-09-07T19:34:06.448+05:30 DEBUG 22976 --- [FinanceManagementSystem] [http-nio-8080-exec-7] org.hibernate.SQL                        : select p1_0.id,p1_0.amount,p1_0.created_at,p1_0.gst_amount,p1_0.gst_percentage,p1_0.payment_status,p1_0.public_id,p1_0.purchase_date,p1_0.purchase_number,p1_0.purchase_status,p1_0.rate_per_unit,p1_0.raw_material,p1_0.supplier_id,p1_0.supplier_invoice_number,p1_0.total_amount,p1_0.unit,p1_0.updated_at,p1_0.user_id,p1_0.weight from purchases p1_0 where p1_0.user_id=? and p1_0.purchase_date between ? and ?
2026-09-07T19:34:06.449+05:30 TRACE 22976 --- [FinanceManagementSystem] [http-nio-8080-exec-7] org.hibernate.orm.jdbc.bind              : binding parameter (1:BIGINT) <- [2]
2026-09-07T19:34:06.449+05:30 TRACE 22976 --- [FinanceManagementSystem] [http-nio-8080-exec-7] org.hibernate.orm.jdbc.bind              : binding parameter (2:DATE) <- [2026-08-01]
2026-09-07T19:34:06.449+05:30 TRACE 22976 --- [FinanceManagementSystem] [http-nio-8080-exec-7] org.hibernate.orm.jdbc.bind              : binding parameter (3:DATE) <- [2026-08-31]
2026-09-07T19:34:06.450+05:30 DEBUG 22976 --- [FinanceManagementSystem] [http-nio-8080-exec-7] org.hibernate.SQL                        : select coalesce(sum(e1_0.amount),0) from expenses e1_0 where e1_0.user_id=? and e1_0.is_active=1 and (? is null or e1_0.expense_date>=?) and (? is null or e1_0.expense_date<=?)
2026-09-07T19:34:06.450+05:30 TRACE 22976 --- [FinanceManagementSystem] [http-nio-8080-exec-7] org.hibernate.orm.jdbc.bind              : binding parameter (1:BIGINT) <- [2]
2026-09-07T19:34:06.450+05:30 TRACE 22976 --- [FinanceManagementSystem] [http-nio-8080-exec-7] org.hibernate.orm.jdbc.bind              : binding parameter (2:DATE) <- [2026-08-01]
2026-09-07T19:34:06.450+05:30 TRACE 22976 --- [FinanceManagementSystem] [http-nio-8080-exec-7] org.hibernate.orm.jdbc.bind              : binding parameter (3:DATE) <- [2026-08-01]
2026-09-07T19:34:06.450+05:30 TRACE 22976 --- [FinanceManagementSystem] [http-nio-8080-exec-7] org.hibernate.orm.jdbc.bind              : binding parameter (4:DATE) <- [2026-08-31]
2026-09-07T19:34:06.450+05:30 TRACE 22976 --- [FinanceManagementSystem] [http-nio-8080-exec-7] org.hibernate.orm.jdbc.bind              : binding parameter (5:DATE) <- [2026-08-31]
2026-09-07T19:34:06.451+05:30 DEBUG 22976 --- [FinanceManagementSystem] [http-nio-8080-exec-7] org.hibernate.SQL                        : select s1_0.id,s1_0.amount,s1_0.created_at,s1_0.customer_id,s1_0.customer_invoice_number,s1_0.gst_amount,s1_0.gst_percentage,s1_0.payment_status,s1_0.public_id,s1_0.rate_per_unit,s1_0.raw_material,s1_0.sale_date,s1_0.sale_number,s1_0.total_amount,s1_0.unit,s1_0.updated_at,s1_0.user_id,s1_0.weight from sales s1_0 where s1_0.user_id=? and s1_0.sale_date between ? and ?
2026-09-07T19:34:06.452+05:30 TRACE 22976 --- [FinanceManagementSystem] [http-nio-8080-exec-7] org.hibernate.orm.jdbc.bind              : binding parameter (1:BIGINT) <- [2]
2026-09-07T19:34:06.452+05:30 TRACE 22976 --- [FinanceManagementSystem] [http-nio-8080-exec-7] org.hibernate.orm.jdbc.bind              : binding parameter (2:DATE) <- [2026-09-01]
2026-09-07T19:34:06.452+05:30 TRACE 22976 --- [FinanceManagementSystem] [http-nio-8080-exec-7] org.hibernate.orm.jdbc.bind              : binding parameter (3:DATE) <- [2026-09-30]
2026-09-07T19:34:06.453+05:30 DEBUG 22976 --- [FinanceManagementSystem] [http-nio-8080-exec-7] org.hibernate.SQL                        : select p1_0.id,p1_0.amount,p1_0.created_at,p1_0.gst_amount,p1_0.gst_percentage,p1_0.payment_status,p1_0.public_id,p1_0.purchase_date,p1_0.purchase_number,p1_0.purchase_status,p1_0.rate_per_unit,p1_0.raw_material,p1_0.supplier_id,p1_0.supplier_invoice_number,p1_0.total_amount,p1_0.unit,p1_0.updated_at,p1_0.user_id,p1_0.weight from purchases p1_0 where p1_0.user_id=? and p1_0.purchase_date between ? and ?
2026-09-07T19:34:06.453+05:30 TRACE 22976 --- [FinanceManagementSystem] [http-nio-8080-exec-7] org.hibernate.orm.jdbc.bind              : binding parameter (1:BIGINT) <- [2]
2026-09-07T19:34:06.454+05:30 TRACE 22976 --- [FinanceManagementSystem] [http-nio-8080-exec-7] org.hibernate.orm.jdbc.bind              : binding parameter (2:DATE) <- [2026-09-01]
2026-09-07T19:34:06.454+05:30 TRACE 22976 --- [FinanceManagementSystem] [http-nio-8080-exec-7] org.hibernate.orm.jdbc.bind              : binding parameter (3:DATE) <- [2026-09-30]
2026-09-07T19:34:06.455+05:30 DEBUG 22976 --- [FinanceManagementSystem] [http-nio-8080-exec-7] org.hibernate.SQL                        : select coalesce(sum(e1_0.amount),0) from expenses e1_0 where e1_0.user_id=? and e1_0.is_active=1 and (? is null or e1_0.expense_date>=?) and (? is null or e1_0.expense_date<=?)
2026-09-07T19:34:06.455+05:30 TRACE 22976 --- [FinanceManagementSystem] [http-nio-8080-exec-7] org.hibernate.orm.jdbc.bind              : binding parameter (1:BIGINT) <- [2]
2026-09-07T19:34:06.455+05:30 TRACE 22976 --- [FinanceManagementSystem] [http-nio-8080-exec-7] org.hibernate.orm.jdbc.bind              : binding parameter (2:DATE) <- [2026-09-01]
2026-09-07T19:34:06.455+05:30 TRACE 22976 --- [FinanceManagementSystem] [http-nio-8080-exec-7] org.hibernate.orm.jdbc.bind              : binding parameter (3:DATE) <- [2026-09-01]
2026-09-07T19:34:06.455+05:30 TRACE 22976 --- [FinanceManagementSystem] [http-nio-8080-exec-7] org.hibernate.orm.jdbc.bind              : binding parameter (4:DATE) <- [2026-09-30]
2026-09-07T19:34:06.455+05:30 TRACE 22976 --- [FinanceManagementSystem] [http-nio-8080-exec-7] org.hibernate.orm.jdbc.bind              : binding parameter (5:DATE) <- [2026-09-30]
2026-09-07T19:34:06.457+05:30 DEBUG 22976 --- [FinanceManagementSystem] [http-nio-8080-exec-7] org.hibernate.SQL                        : select s1_0.id,s1_0.amount,s1_0.created_at,s1_0.customer_id,s1_0.customer_invoice_number,s1_0.gst_amount,s1_0.gst_percentage,s1_0.payment_status,s1_0.public_id,s1_0.rate_per_unit,s1_0.raw_material,s1_0.sale_date,s1_0.sale_number,s1_0.total_amount,s1_0.unit,s1_0.updated_at,s1_0.user_id,s1_0.weight from sales s1_0 where s1_0.user_id=? order by s1_0.sale_date desc,s1_0.id desc limit ?
2026-09-07T19:34:06.457+05:30 TRACE 22976 --- [FinanceManagementSystem] [http-nio-8080-exec-7] org.hibernate.orm.jdbc.bind              : binding parameter (1:BIGINT) <- [2]
2026-09-07T19:34:06.457+05:30 TRACE 22976 --- [FinanceManagementSystem] [http-nio-8080-exec-7] org.hibernate.orm.jdbc.bind              : binding parameter (2:INTEGER) <- [5]
2026-09-07T19:34:06.459+05:30 DEBUG 22976 --- [FinanceManagementSystem] [http-nio-8080-exec-7] org.hibernate.SQL                        : select p1_0.id,p1_0.amount,p1_0.created_at,p1_0.gst_amount,p1_0.gst_percentage,p1_0.payment_status,p1_0.public_id,p1_0.purchase_date,p1_0.purchase_number,p1_0.purchase_status,p1_0.rate_per_unit,p1_0.raw_material,p1_0.supplier_id,p1_0.supplier_invoice_number,p1_0.total_amount,p1_0.unit,p1_0.updated_at,p1_0.user_id,p1_0.weight from purchases p1_0 where p1_0.user_id=? order by p1_0.purchase_date desc,p1_0.id desc limit ?
2026-09-07T19:34:06.459+05:30 TRACE 22976 --- [FinanceManagementSystem] [http-nio-8080-exec-7] org.hibernate.orm.jdbc.bind              : binding parameter (1:BIGINT) <- [2]
2026-09-07T19:34:06.459+05:30 TRACE 22976 --- [FinanceManagementSystem] [http-nio-8080-exec-7] org.hibernate.orm.jdbc.bind              : binding parameter (2:INTEGER) <- [5]
2026-09-07T19:34:06.460+05:30 DEBUG 22976 --- [FinanceManagementSystem] [http-nio-8080-exec-7] org.hibernate.SQL                        : select s1_0.id,a1_0.id,a1_0.address_line_1,a1_0.address_line_2,a1_0.city,a1_0.country,a1_0.created_at,a1_0.pincode,a1_0.state,a1_0.supplier_id,a1_0.updated_at,s1_0.alternate_mobile_number,s1_0.contact_person,s1_0.created_at,s1_0.email,s1_0.gst_number,s1_0.is_active,s1_0.mobile_number,s1_0.opening_balance,s1_0.payment_terms,s1_0.public_id,s1_0.supplier_name,s1_0.updated_at,s1_0.user_id from suppliers s1_0 left join supplier_address a1_0 on s1_0.id=a1_0.supplier_id where s1_0.id=?
2026-09-07T19:34:06.460+05:30 TRACE 22976 --- [FinanceManagementSystem] [http-nio-8080-exec-7] org.hibernate.orm.jdbc.bind              : binding parameter (1:BIGINT) <- [1]
2026-09-07T19:34:06.462+05:30 DEBUG 22976 --- [FinanceManagementSystem] [http-nio-8080-exec-7] org.hibernate.SQL                        : select e1_0.id,e1_0.amount,e1_0.category,e1_0.created_at,e1_0.description,e1_0.expense_date,e1_0.expense_number,e1_0.is_active,e1_0.payment_mode,e1_0.public_id,e1_0.reference_number,e1_0.remarks,e1_0.updated_at,e1_0.user_id from expenses e1_0 where e1_0.user_id=? and e1_0.is_active order by e1_0.expense_date desc limit ?
2026-09-07T19:34:06.462+05:30 TRACE 22976 --- [FinanceManagementSystem] [http-nio-8080-exec-7] org.hibernate.orm.jdbc.bind              : binding parameter (1:BIGINT) <- [2]
2026-09-07T19:34:06.462+05:30 TRACE 22976 --- [FinanceManagementSystem] [http-nio-8080-exec-7] org.hibernate.orm.jdbc.bind              : binding parameter (2:INTEGER) <- [5]
2026-09-07T19:34:06.464+05:30 DEBUG 22976 --- [FinanceManagementSystem] [http-nio-8080-exec-7] org.hibernate.SQL                        : select count(e1_0.id) from expenses e1_0 where e1_0.user_id=? and e1_0.is_active
2026-09-07T19:34:06.464+05:30 TRACE 22976 --- [FinanceManagementSystem] [http-nio-8080-exec-7] org.hibernate.orm.jdbc.bind              : binding parameter (1:BIGINT) <- [2]
2026-09-07T19:34:26.481+05:30 DEBUG 22976 --- [FinanceManagementSystem] [http-nio-8080-exec-9] org.hibernate.SQL                        : SELECT * FROM users WHERE LOWER(TRIM(email)) = LOWER(TRIM(?))
2026-09-07T19:34:26.483+05:30 TRACE 22976 --- [FinanceManagementSystem] [http-nio-8080-exec-9] org.hibernate.orm.jdbc.bind              : binding parameter (1:VARCHAR) <- [bhavesh@gmail.com]
2026-09-07T19:34:26.483+05:30 DEBUG 22976 --- [FinanceManagementSystem] [http-nio-8080-exec-9] org.hibernate.SQL                        : select ua1_0.id,ua1_0.area,ua1_0.city,ua1_0.country,ua1_0.created_at,ua1_0.house_no,ua1_0.pincode,ua1_0.society_name,ua1_0.state,ua1_0.updated_at,ua1_0.user_id from user_address ua1_0 where ua1_0.user_id=?
2026-09-07T19:34:26.483+05:30 TRACE 22976 --- [FinanceManagementSystem] [http-nio-8080-exec-9] org.hibernate.orm.jdbc.bind              : binding parameter (1:BIGINT) <- [2]
2026-09-07T19:34:26.485+05:30  INFO 22976 --- [FinanceManagementSystem] [http-nio-8080-exec-9] F.d.Security.CustomUserDetailsService    : CustomUserDetailsService - User loaded successfully: bhavesh@gmail.com
2026-09-07T19:34:26.491+05:30  INFO 22976 --- [FinanceManagementSystem] [http-nio-8080-exec-9] F.demo.Security.JwtUtil                  : JwtUtil - JWT token validation successful for user: bhavesh@gmail.com
2026-09-07T19:34:26.491+05:30  INFO 22976 --- [FinanceManagementSystem] [http-nio-8080-exec-9] F.demo.Security.JwtFilter                : JwtFilter - JWT validated successfully for user: bhavesh@gmail.com
2026-09-07T19:34:26.492+05:30  INFO 22976 --- [FinanceManagementSystem] [http-nio-8080-exec-9] F.demo.Controller.DashboardController    : CONTROLLER - request came in getDashboardSummary...
2026-09-07T19:34:26.493+05:30  INFO 22976 --- [FinanceManagementSystem] [http-nio-8080-exec-9] F.d.S.Implementations.DashboardService   : SERVICE - request came in getDashboardSummary...
2026-09-07T19:34:26.494+05:30 DEBUG 22976 --- [FinanceManagementSystem] [http-nio-8080-exec-9] org.hibernate.SQL                        : SELECT * FROM users WHERE LOWER(TRIM(email)) = LOWER(TRIM(?))
2026-09-07T19:34:26.494+05:30 TRACE 22976 --- [FinanceManagementSystem] [http-nio-8080-exec-9] org.hibernate.orm.jdbc.bind              : binding parameter (1:VARCHAR) <- [bhavesh@gmail.com]
2026-09-07T19:34:26.496+05:30 DEBUG 22976 --- [FinanceManagementSystem] [http-nio-8080-exec-9] org.hibernate.SQL                        : select ua1_0.id,ua1_0.area,ua1_0.city,ua1_0.country,ua1_0.created_at,ua1_0.house_no,ua1_0.pincode,ua1_0.society_name,ua1_0.state,ua1_0.updated_at,ua1_0.user_id from user_address ua1_0 where ua1_0.user_id=?
2026-09-07T19:34:26.496+05:30 TRACE 22976 --- [FinanceManagementSystem] [http-nio-8080-exec-9] org.hibernate.orm.jdbc.bind              : binding parameter (1:BIGINT) <- [2]
2026-09-07T19:34:26.497+05:30  INFO 22976 --- [FinanceManagementSystem] [http-nio-8080-exec-9] F.d.S.I.PurchasePaymentService           : SERVICE - request came in getTotalOutstandingAmount...
2026-09-07T19:34:26.497+05:30 DEBUG 22976 --- [FinanceManagementSystem] [http-nio-8080-exec-9] org.hibernate.SQL                        : SELECT * FROM users WHERE LOWER(TRIM(email)) = LOWER(TRIM(?))
2026-09-07T19:34:26.497+05:30 TRACE 22976 --- [FinanceManagementSystem] [http-nio-8080-exec-9] org.hibernate.orm.jdbc.bind              : binding parameter (1:VARCHAR) <- [bhavesh@gmail.com]
2026-09-07T19:34:26.501+05:30 DEBUG 22976 --- [FinanceManagementSystem] [http-nio-8080-exec-9] org.hibernate.SQL                        : select p1_0.id,p1_0.amount,p1_0.created_at,p1_0.gst_amount,p1_0.gst_percentage,p1_0.payment_status,p1_0.public_id,p1_0.purchase_date,p1_0.purchase_number,p1_0.purchase_status,p1_0.rate_per_unit,p1_0.raw_material,p1_0.supplier_id,p1_0.supplier_invoice_number,p1_0.total_amount,p1_0.unit,p1_0.updated_at,p1_0.user_id,p1_0.weight from purchases p1_0 where p1_0.user_id=? and p1_0.payment_status in (?,?)
2026-09-07T19:34:26.501+05:30 TRACE 22976 --- [FinanceManagementSystem] [http-nio-8080-exec-9] org.hibernate.orm.jdbc.bind              : binding parameter (1:BIGINT) <- [2]
2026-09-07T19:34:26.501+05:30 TRACE 22976 --- [FinanceManagementSystem] [http-nio-8080-exec-9] org.hibernate.orm.jdbc.bind              : binding parameter (2:ENUM) <- [PENDING]
2026-09-07T19:34:26.501+05:30 TRACE 22976 --- [FinanceManagementSystem] [http-nio-8080-exec-9] org.hibernate.orm.jdbc.bind              : binding parameter (3:ENUM) <- [PARTIALLY_PAID]
2026-09-07T19:34:26.502+05:30  INFO 22976 --- [FinanceManagementSystem] [http-nio-8080-exec-9] F.d.S.I.SalePaymentService               : SERVICE - request came in getTotalReceivableAmount...
2026-09-07T19:34:26.502+05:30 DEBUG 22976 --- [FinanceManagementSystem] [http-nio-8080-exec-9] org.hibernate.SQL                        : SELECT * FROM users WHERE LOWER(TRIM(email)) = LOWER(TRIM(?))
2026-09-07T19:34:26.502+05:30 TRACE 22976 --- [FinanceManagementSystem] [http-nio-8080-exec-9] org.hibernate.orm.jdbc.bind              : binding parameter (1:VARCHAR) <- [bhavesh@gmail.com]
2026-09-07T19:34:26.506+05:30 DEBUG 22976 --- [FinanceManagementSystem] [http-nio-8080-exec-9] org.hibernate.SQL                        : select s1_0.id,s1_0.amount,s1_0.created_at,s1_0.customer_id,s1_0.customer_invoice_number,s1_0.gst_amount,s1_0.gst_percentage,s1_0.payment_status,s1_0.public_id,s1_0.rate_per_unit,s1_0.raw_material,s1_0.sale_date,s1_0.sale_number,s1_0.total_amount,s1_0.unit,s1_0.updated_at,s1_0.user_id,s1_0.weight from sales s1_0 where s1_0.user_id=? and s1_0.payment_status in (?,?)
2026-09-07T19:34:26.506+05:30 TRACE 22976 --- [FinanceManagementSystem] [http-nio-8080-exec-9] org.hibernate.orm.jdbc.bind              : binding parameter (1:BIGINT) <- [2]
2026-09-07T19:34:26.506+05:30 TRACE 22976 --- [FinanceManagementSystem] [http-nio-8080-exec-9] org.hibernate.orm.jdbc.bind              : binding parameter (2:ENUM) <- [PENDING]
2026-09-07T19:34:26.506+05:30 TRACE 22976 --- [FinanceManagementSystem] [http-nio-8080-exec-9] org.hibernate.orm.jdbc.bind              : binding parameter (3:ENUM) <- [PARTIALLY_PAID]
2026-09-07T19:34:26.508+05:30 DEBUG 22976 --- [FinanceManagementSystem] [http-nio-8080-exec-9] org.hibernate.SQL                        : select coalesce(sum(sp1_0.amount_received),0) from sale_payments sp1_0 where sp1_0.user_id=?
2026-09-07T19:34:26.508+05:30 TRACE 22976 --- [FinanceManagementSystem] [http-nio-8080-exec-9] org.hibernate.orm.jdbc.bind              : binding parameter (1:BIGINT) <- [2]
2026-09-07T19:34:26.508+05:30 DEBUG 22976 --- [FinanceManagementSystem] [http-nio-8080-exec-9] org.hibernate.SQL                        : select coalesce(sum(pp1_0.amount_paid),0) from purchase_payments pp1_0 where pp1_0.user_id=?
2026-09-07T19:34:26.508+05:30 TRACE 22976 --- [FinanceManagementSystem] [http-nio-8080-exec-9] org.hibernate.orm.jdbc.bind              : binding parameter (1:BIGINT) <- [2]
2026-09-07T19:34:26.509+05:30 DEBUG 22976 --- [FinanceManagementSystem] [http-nio-8080-exec-9] org.hibernate.SQL                        : select coalesce(sum(e1_0.amount),0) from expenses e1_0 where e1_0.user_id=? and e1_0.is_active=1 and (? is null or e1_0.expense_date>=?) and (? is null or e1_0.expense_date<=?)
2026-09-07T19:34:26.510+05:30 TRACE 22976 --- [FinanceManagementSystem] [http-nio-8080-exec-9] org.hibernate.orm.jdbc.bind              : binding parameter (1:BIGINT) <- [2]
2026-09-07T19:34:26.510+05:30 TRACE 22976 --- [FinanceManagementSystem] [http-nio-8080-exec-9] org.hibernate.orm.jdbc.bind              : binding parameter (2:DATE) <- [null]
2026-09-07T19:34:26.510+05:30 TRACE 22976 --- [FinanceManagementSystem] [http-nio-8080-exec-9] org.hibernate.orm.jdbc.bind              : binding parameter (3:DATE) <- [null]
2026-09-07T19:34:26.510+05:30 TRACE 22976 --- [FinanceManagementSystem] [http-nio-8080-exec-9] org.hibernate.orm.jdbc.bind              : binding parameter (4:DATE) <- [null]
2026-09-07T19:34:26.510+05:30 TRACE 22976 --- [FinanceManagementSystem] [http-nio-8080-exec-9] org.hibernate.orm.jdbc.bind              : binding parameter (5:DATE) <- [null]
2026-09-07T19:34:26.511+05:30 DEBUG 22976 --- [FinanceManagementSystem] [http-nio-8080-exec-9] org.hibernate.SQL                        : select coalesce(sum(ppw1_0.amount),0) from partner_profit_withdrawals ppw1_0 where ppw1_0.user_id=?
2026-09-07T19:34:26.512+05:30 TRACE 22976 --- [FinanceManagementSystem] [http-nio-8080-exec-9] org.hibernate.orm.jdbc.bind              : binding parameter (1:BIGINT) <- [2]
2026-09-07T19:34:26.513+05:30  INFO 22976 --- [FinanceManagementSystem] [http-nio-8080-exec-9] F.d.S.Implementations.ExpenseService     : SERVICE - request came in getTotalExpenses...
2026-09-07T19:34:26.513+05:30 DEBUG 22976 --- [FinanceManagementSystem] [http-nio-8080-exec-9] org.hibernate.SQL                        : SELECT * FROM users WHERE LOWER(TRIM(email)) = LOWER(TRIM(?))
2026-09-07T19:34:26.513+05:30 TRACE 22976 --- [FinanceManagementSystem] [http-nio-8080-exec-9] org.hibernate.orm.jdbc.bind              : binding parameter (1:VARCHAR) <- [bhavesh@gmail.com]
2026-09-07T19:34:26.515+05:30 DEBUG 22976 --- [FinanceManagementSystem] [http-nio-8080-exec-9] org.hibernate.SQL                        : select coalesce(sum(e1_0.amount),0) from expenses e1_0 where e1_0.user_id=? and e1_0.is_active=1 and (? is null or e1_0.expense_date>=?) and (? is null or e1_0.expense_date<=?)
2026-09-07T19:34:26.515+05:30 TRACE 22976 --- [FinanceManagementSystem] [http-nio-8080-exec-9] org.hibernate.orm.jdbc.bind              : binding parameter (1:BIGINT) <- [2]
2026-09-07T19:34:26.515+05:30 TRACE 22976 --- [FinanceManagementSystem] [http-nio-8080-exec-9] org.hibernate.orm.jdbc.bind              : binding parameter (2:DATE) <- [2026-09-01]
2026-09-07T19:34:26.515+05:30 TRACE 22976 --- [FinanceManagementSystem] [http-nio-8080-exec-9] org.hibernate.orm.jdbc.bind              : binding parameter (3:DATE) <- [2026-09-01]
2026-09-07T19:34:26.515+05:30 TRACE 22976 --- [FinanceManagementSystem] [http-nio-8080-exec-9] org.hibernate.orm.jdbc.bind              : binding parameter (4:DATE) <- [2026-09-07]
2026-09-07T19:34:26.516+05:30 TRACE 22976 --- [FinanceManagementSystem] [http-nio-8080-exec-9] org.hibernate.orm.jdbc.bind              : binding parameter (5:DATE) <- [2026-09-07]
2026-09-07T19:34:26.517+05:30  INFO 22976 --- [FinanceManagementSystem] [http-nio-8080-exec-9] F.d.S.Implementations.StockService       : SERVICE - request came in getLowStockList...
2026-09-07T19:34:26.517+05:30 DEBUG 22976 --- [FinanceManagementSystem] [http-nio-8080-exec-9] org.hibernate.SQL                        : SELECT * FROM users WHERE LOWER(TRIM(email)) = LOWER(TRIM(?))
2026-09-07T19:34:26.517+05:30 TRACE 22976 --- [FinanceManagementSystem] [http-nio-8080-exec-9] org.hibernate.orm.jdbc.bind              : binding parameter (1:VARCHAR) <- [bhavesh@gmail.com]
2026-09-07T19:34:26.520+05:30 DEBUG 22976 --- [FinanceManagementSystem] [http-nio-8080-exec-9] org.hibernate.SQL                        : select s1_0.id,s1_0.created_at,s1_0.current_quantity,s1_0.is_active,s1_0.minimum_stock_level,s1_0.public_id,s1_0.raw_material,s1_0.unit,s1_0.updated_at,s1_0.user_id,s1_0.version from stocks s1_0 where s1_0.user_id=?
2026-09-07T19:34:26.520+05:30 TRACE 22976 --- [FinanceManagementSystem] [http-nio-8080-exec-9] org.hibernate.orm.jdbc.bind              : binding parameter (1:BIGINT) <- [2]
2026-09-07T19:34:26.521+05:30 DEBUG 22976 --- [FinanceManagementSystem] [http-nio-8080-exec-9] org.hibernate.SQL                        : SELECT * FROM users WHERE LOWER(TRIM(email)) = LOWER(TRIM(?))
2026-09-07T19:34:26.521+05:30 TRACE 22976 --- [FinanceManagementSystem] [http-nio-8080-exec-9] org.hibernate.orm.jdbc.bind              : binding parameter (1:VARCHAR) <- [bhavesh@gmail.com]
2026-09-07T19:34:26.523+05:30 DEBUG 22976 --- [FinanceManagementSystem] [http-nio-8080-exec-9] org.hibernate.SQL                        : select pd1_0.id,pd1_0.created_at,pd1_0.from_date,pd1_0.net_profit,pd1_0.public_id,pd1_0.to_date,pd1_0.total_expenses,pd1_0.total_purchase_cost,pd1_0.total_revenue,pd1_0.updated_at,pd1_0.user_id from profit_distributions pd1_0 where pd1_0.user_id=? order by coalesce(pd1_0.updated_at,pd1_0.created_at) desc,pd1_0.id desc
2026-09-07T19:34:26.523+05:30 TRACE 22976 --- [FinanceManagementSystem] [http-nio-8080-exec-9] org.hibernate.orm.jdbc.bind              : binding parameter (1:BIGINT) <- [2]
2026-09-07T19:34:26.525+05:30 DEBUG 22976 --- [FinanceManagementSystem] [http-nio-8080-exec-9] org.hibernate.SQL                        : select s1_0.id,s1_0.amount,s1_0.created_at,s1_0.customer_id,s1_0.customer_invoice_number,s1_0.gst_amount,s1_0.gst_percentage,s1_0.payment_status,s1_0.public_id,s1_0.rate_per_unit,s1_0.raw_material,s1_0.sale_date,s1_0.sale_number,s1_0.total_amount,s1_0.unit,s1_0.updated_at,s1_0.user_id,s1_0.weight from sales s1_0 where s1_0.user_id=? and s1_0.sale_date between ? and ?
2026-09-07T19:34:26.525+05:30 TRACE 22976 --- [FinanceManagementSystem] [http-nio-8080-exec-9] org.hibernate.orm.jdbc.bind              : binding parameter (1:BIGINT) <- [2]
2026-09-07T19:34:26.525+05:30 TRACE 22976 --- [FinanceManagementSystem] [http-nio-8080-exec-9] org.hibernate.orm.jdbc.bind              : binding parameter (2:DATE) <- [2026-04-01]
2026-09-07T19:34:26.526+05:30 TRACE 22976 --- [FinanceManagementSystem] [http-nio-8080-exec-9] org.hibernate.orm.jdbc.bind              : binding parameter (3:DATE) <- [2026-04-30]
2026-09-07T19:34:26.528+05:30 DEBUG 22976 --- [FinanceManagementSystem] [http-nio-8080-exec-9] org.hibernate.SQL                        : select p1_0.id,p1_0.amount,p1_0.created_at,p1_0.gst_amount,p1_0.gst_percentage,p1_0.payment_status,p1_0.public_id,p1_0.purchase_date,p1_0.purchase_number,p1_0.purchase_status,p1_0.rate_per_unit,p1_0.raw_material,p1_0.supplier_id,p1_0.supplier_invoice_number,p1_0.total_amount,p1_0.unit,p1_0.updated_at,p1_0.user_id,p1_0.weight from purchases p1_0 where p1_0.user_id=? and p1_0.purchase_date between ? and ?
2026-09-07T19:34:26.528+05:30 TRACE 22976 --- [FinanceManagementSystem] [http-nio-8080-exec-9] org.hibernate.orm.jdbc.bind              : binding parameter (1:BIGINT) <- [2]
2026-09-07T19:34:26.528+05:30 TRACE 22976 --- [FinanceManagementSystem] [http-nio-8080-exec-9] org.hibernate.orm.jdbc.bind              : binding parameter (2:DATE) <- [2026-04-01]
2026-09-07T19:34:26.528+05:30 TRACE 22976 --- [FinanceManagementSystem] [http-nio-8080-exec-9] org.hibernate.orm.jdbc.bind              : binding parameter (3:DATE) <- [2026-04-30]
2026-09-07T19:34:26.531+05:30 DEBUG 22976 --- [FinanceManagementSystem] [http-nio-8080-exec-9] org.hibernate.SQL                        : select coalesce(sum(e1_0.amount),0) from expenses e1_0 where e1_0.user_id=? and e1_0.is_active=1 and (? is null or e1_0.expense_date>=?) and (? is null or e1_0.expense_date<=?)
2026-09-07T19:34:26.531+05:30 TRACE 22976 --- [FinanceManagementSystem] [http-nio-8080-exec-9] org.hibernate.orm.jdbc.bind              : binding parameter (1:BIGINT) <- [2]
2026-09-07T19:34:26.531+05:30 TRACE 22976 --- [FinanceManagementSystem] [http-nio-8080-exec-9] org.hibernate.orm.jdbc.bind              : binding parameter (2:DATE) <- [2026-04-01]
2026-09-07T19:34:26.531+05:30 TRACE 22976 --- [FinanceManagementSystem] [http-nio-8080-exec-9] org.hibernate.orm.jdbc.bind              : binding parameter (3:DATE) <- [2026-04-01]
2026-09-07T19:34:26.531+05:30 TRACE 22976 --- [FinanceManagementSystem] [http-nio-8080-exec-9] org.hibernate.orm.jdbc.bind              : binding parameter (4:DATE) <- [2026-04-30]
2026-09-07T19:34:26.531+05:30 TRACE 22976 --- [FinanceManagementSystem] [http-nio-8080-exec-9] org.hibernate.orm.jdbc.bind              : binding parameter (5:DATE) <- [2026-04-30]
2026-09-07T19:34:26.534+05:30 DEBUG 22976 --- [FinanceManagementSystem] [http-nio-8080-exec-9] org.hibernate.SQL                        : select s1_0.id,s1_0.amount,s1_0.created_at,s1_0.customer_id,s1_0.customer_invoice_number,s1_0.gst_amount,s1_0.gst_percentage,s1_0.payment_status,s1_0.public_id,s1_0.rate_per_unit,s1_0.raw_material,s1_0.sale_date,s1_0.sale_number,s1_0.total_amount,s1_0.unit,s1_0.updated_at,s1_0.user_id,s1_0.weight from sales s1_0 where s1_0.user_id=? and s1_0.sale_date between ? and ?
2026-09-07T19:34:26.534+05:30 TRACE 22976 --- [FinanceManagementSystem] [http-nio-8080-exec-9] org.hibernate.orm.jdbc.bind              : binding parameter (1:BIGINT) <- [2]
2026-09-07T19:34:26.534+05:30 TRACE 22976 --- [FinanceManagementSystem] [http-nio-8080-exec-9] org.hibernate.orm.jdbc.bind              : binding parameter (2:DATE) <- [2026-05-01]
2026-09-07T19:34:26.534+05:30 TRACE 22976 --- [FinanceManagementSystem] [http-nio-8080-exec-9] org.hibernate.orm.jdbc.bind              : binding parameter (3:DATE) <- [2026-05-31]
2026-09-07T19:34:26.536+05:30 DEBUG 22976 --- [FinanceManagementSystem] [http-nio-8080-exec-9] org.hibernate.SQL                        : select p1_0.id,p1_0.amount,p1_0.created_at,p1_0.gst_amount,p1_0.gst_percentage,p1_0.payment_status,p1_0.public_id,p1_0.purchase_date,p1_0.purchase_number,p1_0.purchase_status,p1_0.rate_per_unit,p1_0.raw_material,p1_0.supplier_id,p1_0.supplier_invoice_number,p1_0.total_amount,p1_0.unit,p1_0.updated_at,p1_0.user_id,p1_0.weight from purchases p1_0 where p1_0.user_id=? and p1_0.purchase_date between ? and ?
2026-09-07T19:34:26.537+05:30 TRACE 22976 --- [FinanceManagementSystem] [http-nio-8080-exec-9] org.hibernate.orm.jdbc.bind              : binding parameter (1:BIGINT) <- [2]
2026-09-07T19:34:26.537+05:30 TRACE 22976 --- [FinanceManagementSystem] [http-nio-8080-exec-9] org.hibernate.orm.jdbc.bind              : binding parameter (2:DATE) <- [2026-05-01]
2026-09-07T19:34:26.537+05:30 TRACE 22976 --- [FinanceManagementSystem] [http-nio-8080-exec-9] org.hibernate.orm.jdbc.bind              : binding parameter (3:DATE) <- [2026-05-31]
2026-09-07T19:34:26.538+05:30 DEBUG 22976 --- [FinanceManagementSystem] [http-nio-8080-exec-9] org.hibernate.SQL                        : select coalesce(sum(e1_0.amount),0) from expenses e1_0 where e1_0.user_id=? and e1_0.is_active=1 and (? is null or e1_0.expense_date>=?) and (? is null or e1_0.expense_date<=?)
2026-09-07T19:34:26.539+05:30 TRACE 22976 --- [FinanceManagementSystem] [http-nio-8080-exec-9] org.hibernate.orm.jdbc.bind              : binding parameter (1:BIGINT) <- [2]
2026-09-07T19:34:26.539+05:30 TRACE 22976 --- [FinanceManagementSystem] [http-nio-8080-exec-9] org.hibernate.orm.jdbc.bind              : binding parameter (2:DATE) <- [2026-05-01]
2026-09-07T19:34:26.539+05:30 TRACE 22976 --- [FinanceManagementSystem] [http-nio-8080-exec-9] org.hibernate.orm.jdbc.bind              : binding parameter (3:DATE) <- [2026-05-01]
2026-09-07T19:34:26.539+05:30 TRACE 22976 --- [FinanceManagementSystem] [http-nio-8080-exec-9] org.hibernate.orm.jdbc.bind              : binding parameter (4:DATE) <- [2026-05-31]
2026-09-07T19:34:26.539+05:30 TRACE 22976 --- [FinanceManagementSystem] [http-nio-8080-exec-9] org.hibernate.orm.jdbc.bind              : binding parameter (5:DATE) <- [2026-05-31]
2026-09-07T19:34:26.541+05:30 DEBUG 22976 --- [FinanceManagementSystem] [http-nio-8080-exec-9] org.hibernate.SQL                        : select s1_0.id,s1_0.amount,s1_0.created_at,s1_0.customer_id,s1_0.customer_invoice_number,s1_0.gst_amount,s1_0.gst_percentage,s1_0.payment_status,s1_0.public_id,s1_0.rate_per_unit,s1_0.raw_material,s1_0.sale_date,s1_0.sale_number,s1_0.total_amount,s1_0.unit,s1_0.updated_at,s1_0.user_id,s1_0.weight from sales s1_0 where s1_0.user_id=? and s1_0.sale_date between ? and ?
2026-09-07T19:34:26.541+05:30 TRACE 22976 --- [FinanceManagementSystem] [http-nio-8080-exec-9] org.hibernate.orm.jdbc.bind              : binding parameter (1:BIGINT) <- [2]
2026-09-07T19:34:26.541+05:30 TRACE 22976 --- [FinanceManagementSystem] [http-nio-8080-exec-9] org.hibernate.orm.jdbc.bind              : binding parameter (2:DATE) <- [2026-06-01]
2026-09-07T19:34:26.541+05:30 TRACE 22976 --- [FinanceManagementSystem] [http-nio-8080-exec-9] org.hibernate.orm.jdbc.bind              : binding parameter (3:DATE) <- [2026-06-30]
2026-09-07T19:34:26.542+05:30 DEBUG 22976 --- [FinanceManagementSystem] [http-nio-8080-exec-9] org.hibernate.SQL                        : select p1_0.id,p1_0.amount,p1_0.created_at,p1_0.gst_amount,p1_0.gst_percentage,p1_0.payment_status,p1_0.public_id,p1_0.purchase_date,p1_0.purchase_number,p1_0.purchase_status,p1_0.rate_per_unit,p1_0.raw_material,p1_0.supplier_id,p1_0.supplier_invoice_number,p1_0.total_amount,p1_0.unit,p1_0.updated_at,p1_0.user_id,p1_0.weight from purchases p1_0 where p1_0.user_id=? and p1_0.purchase_date between ? and ?
2026-09-07T19:34:26.543+05:30 TRACE 22976 --- [FinanceManagementSystem] [http-nio-8080-exec-9] org.hibernate.orm.jdbc.bind              : binding parameter (1:BIGINT) <- [2]
2026-09-07T19:34:26.543+05:30 TRACE 22976 --- [FinanceManagementSystem] [http-nio-8080-exec-9] org.hibernate.orm.jdbc.bind              : binding parameter (2:DATE) <- [2026-06-01]
2026-09-07T19:34:26.543+05:30 TRACE 22976 --- [FinanceManagementSystem] [http-nio-8080-exec-9] org.hibernate.orm.jdbc.bind              : binding parameter (3:DATE) <- [2026-06-30]
2026-09-07T19:34:26.545+05:30 DEBUG 22976 --- [FinanceManagementSystem] [http-nio-8080-exec-9] org.hibernate.SQL                        : select coalesce(sum(e1_0.amount),0) from expenses e1_0 where e1_0.user_id=? and e1_0.is_active=1 and (? is null or e1_0.expense_date>=?) and (? is null or e1_0.expense_date<=?)
2026-09-07T19:34:26.545+05:30 TRACE 22976 --- [FinanceManagementSystem] [http-nio-8080-exec-9] org.hibernate.orm.jdbc.bind              : binding parameter (1:BIGINT) <- [2]
2026-09-07T19:34:26.545+05:30 TRACE 22976 --- [FinanceManagementSystem] [http-nio-8080-exec-9] org.hibernate.orm.jdbc.bind              : binding parameter (2:DATE) <- [2026-06-01]
2026-09-07T19:34:26.545+05:30 TRACE 22976 --- [FinanceManagementSystem] [http-nio-8080-exec-9] org.hibernate.orm.jdbc.bind              : binding parameter (3:DATE) <- [2026-06-01]
2026-09-07T19:34:26.545+05:30 TRACE 22976 --- [FinanceManagementSystem] [http-nio-8080-exec-9] org.hibernate.orm.jdbc.bind              : binding parameter (4:DATE) <- [2026-06-30]
2026-09-07T19:34:26.545+05:30 TRACE 22976 --- [FinanceManagementSystem] [http-nio-8080-exec-9] org.hibernate.orm.jdbc.bind              : binding parameter (5:DATE) <- [2026-06-30]
2026-09-07T19:34:26.549+05:30 DEBUG 22976 --- [FinanceManagementSystem] [http-nio-8080-exec-9] org.hibernate.SQL                        : select s1_0.id,s1_0.amount,s1_0.created_at,s1_0.customer_id,s1_0.customer_invoice_number,s1_0.gst_amount,s1_0.gst_percentage,s1_0.payment_status,s1_0.public_id,s1_0.rate_per_unit,s1_0.raw_material,s1_0.sale_date,s1_0.sale_number,s1_0.total_amount,s1_0.unit,s1_0.updated_at,s1_0.user_id,s1_0.weight from sales s1_0 where s1_0.user_id=? and s1_0.sale_date between ? and ?
2026-09-07T19:34:26.549+05:30 TRACE 22976 --- [FinanceManagementSystem] [http-nio-8080-exec-9] org.hibernate.orm.jdbc.bind              : binding parameter (1:BIGINT) <- [2]
2026-09-07T19:34:26.549+05:30 TRACE 22976 --- [FinanceManagementSystem] [http-nio-8080-exec-9] org.hibernate.orm.jdbc.bind              : binding parameter (2:DATE) <- [2026-07-01]
2026-09-07T19:34:26.550+05:30 TRACE 22976 --- [FinanceManagementSystem] [http-nio-8080-exec-9] org.hibernate.orm.jdbc.bind              : binding parameter (3:DATE) <- [2026-07-31]
2026-09-07T19:34:26.551+05:30 DEBUG 22976 --- [FinanceManagementSystem] [http-nio-8080-exec-9] org.hibernate.SQL                        : select p1_0.id,p1_0.amount,p1_0.created_at,p1_0.gst_amount,p1_0.gst_percentage,p1_0.payment_status,p1_0.public_id,p1_0.purchase_date,p1_0.purchase_number,p1_0.purchase_status,p1_0.rate_per_unit,p1_0.raw_material,p1_0.supplier_id,p1_0.supplier_invoice_number,p1_0.total_amount,p1_0.unit,p1_0.updated_at,p1_0.user_id,p1_0.weight from purchases p1_0 where p1_0.user_id=? and p1_0.purchase_date between ? and ?
2026-09-07T19:34:26.552+05:30 TRACE 22976 --- [FinanceManagementSystem] [http-nio-8080-exec-9] org.hibernate.orm.jdbc.bind              : binding parameter (1:BIGINT) <- [2]
2026-09-07T19:34:26.552+05:30 TRACE 22976 --- [FinanceManagementSystem] [http-nio-8080-exec-9] org.hibernate.orm.jdbc.bind              : binding parameter (2:DATE) <- [2026-07-01]
2026-09-07T19:34:26.552+05:30 TRACE 22976 --- [FinanceManagementSystem] [http-nio-8080-exec-9] org.hibernate.orm.jdbc.bind              : binding parameter (3:DATE) <- [2026-07-31]
2026-09-07T19:34:26.555+05:30 DEBUG 22976 --- [FinanceManagementSystem] [http-nio-8080-exec-9] org.hibernate.SQL                        : select coalesce(sum(e1_0.amount),0) from expenses e1_0 where e1_0.user_id=? and e1_0.is_active=1 and (? is null or e1_0.expense_date>=?) and (? is null or e1_0.expense_date<=?)
2026-09-07T19:34:26.555+05:30 TRACE 22976 --- [FinanceManagementSystem] [http-nio-8080-exec-9] org.hibernate.orm.jdbc.bind              : binding parameter (1:BIGINT) <- [2]
2026-09-07T19:34:26.556+05:30 TRACE 22976 --- [FinanceManagementSystem] [http-nio-8080-exec-9] org.hibernate.orm.jdbc.bind              : binding parameter (2:DATE) <- [2026-07-01]
2026-09-07T19:34:26.556+05:30 TRACE 22976 --- [FinanceManagementSystem] [http-nio-8080-exec-9] org.hibernate.orm.jdbc.bind              : binding parameter (3:DATE) <- [2026-07-01]
2026-09-07T19:34:26.556+05:30 TRACE 22976 --- [FinanceManagementSystem] [http-nio-8080-exec-9] org.hibernate.orm.jdbc.bind              : binding parameter (4:DATE) <- [2026-07-31]
2026-09-07T19:34:26.556+05:30 TRACE 22976 --- [FinanceManagementSystem] [http-nio-8080-exec-9] org.hibernate.orm.jdbc.bind              : binding parameter (5:DATE) <- [2026-07-31]
2026-09-07T19:34:26.558+05:30 DEBUG 22976 --- [FinanceManagementSystem] [http-nio-8080-exec-9] org.hibernate.SQL                        : select s1_0.id,s1_0.amount,s1_0.created_at,s1_0.customer_id,s1_0.customer_invoice_number,s1_0.gst_amount,s1_0.gst_percentage,s1_0.payment_status,s1_0.public_id,s1_0.rate_per_unit,s1_0.raw_material,s1_0.sale_date,s1_0.sale_number,s1_0.total_amount,s1_0.unit,s1_0.updated_at,s1_0.user_id,s1_0.weight from sales s1_0 where s1_0.user_id=? and s1_0.sale_date between ? and ?
2026-09-07T19:34:26.559+05:30 TRACE 22976 --- [FinanceManagementSystem] [http-nio-8080-exec-9] org.hibernate.orm.jdbc.bind              : binding parameter (1:BIGINT) <- [2]
2026-09-07T19:34:26.559+05:30 TRACE 22976 --- [FinanceManagementSystem] [http-nio-8080-exec-9] org.hibernate.orm.jdbc.bind              : binding parameter (2:DATE) <- [2026-08-01]
2026-09-07T19:34:26.559+05:30 TRACE 22976 --- [FinanceManagementSystem] [http-nio-8080-exec-9] org.hibernate.orm.jdbc.bind              : binding parameter (3:DATE) <- [2026-08-31]
2026-09-07T19:34:26.562+05:30 DEBUG 22976 --- [FinanceManagementSystem] [http-nio-8080-exec-9] org.hibernate.SQL                        : select p1_0.id,p1_0.amount,p1_0.created_at,p1_0.gst_amount,p1_0.gst_percentage,p1_0.payment_status,p1_0.public_id,p1_0.purchase_date,p1_0.purchase_number,p1_0.purchase_status,p1_0.rate_per_unit,p1_0.raw_material,p1_0.supplier_id,p1_0.supplier_invoice_number,p1_0.total_amount,p1_0.unit,p1_0.updated_at,p1_0.user_id,p1_0.weight from purchases p1_0 where p1_0.user_id=? and p1_0.purchase_date between ? and ?
2026-09-07T19:34:26.562+05:30 TRACE 22976 --- [FinanceManagementSystem] [http-nio-8080-exec-9] org.hibernate.orm.jdbc.bind              : binding parameter (1:BIGINT) <- [2]
2026-09-07T19:34:26.562+05:30 TRACE 22976 --- [FinanceManagementSystem] [http-nio-8080-exec-9] org.hibernate.orm.jdbc.bind              : binding parameter (2:DATE) <- [2026-08-01]
2026-09-07T19:34:26.562+05:30 TRACE 22976 --- [FinanceManagementSystem] [http-nio-8080-exec-9] org.hibernate.orm.jdbc.bind              : binding parameter (3:DATE) <- [2026-08-31]
2026-09-07T19:34:26.563+05:30 DEBUG 22976 --- [FinanceManagementSystem] [http-nio-8080-exec-9] org.hibernate.SQL                        : select coalesce(sum(e1_0.amount),0) from expenses e1_0 where e1_0.user_id=? and e1_0.is_active=1 and (? is null or e1_0.expense_date>=?) and (? is null or e1_0.expense_date<=?)
2026-09-07T19:34:26.564+05:30 TRACE 22976 --- [FinanceManagementSystem] [http-nio-8080-exec-9] org.hibernate.orm.jdbc.bind              : binding parameter (1:BIGINT) <- [2]
2026-09-07T19:34:26.564+05:30 TRACE 22976 --- [FinanceManagementSystem] [http-nio-8080-exec-9] org.hibernate.orm.jdbc.bind              : binding parameter (2:DATE) <- [2026-08-01]
2026-09-07T19:34:26.565+05:30 TRACE 22976 --- [FinanceManagementSystem] [http-nio-8080-exec-9] org.hibernate.orm.jdbc.bind              : binding parameter (3:DATE) <- [2026-08-01]
2026-09-07T19:34:26.565+05:30 TRACE 22976 --- [FinanceManagementSystem] [http-nio-8080-exec-9] org.hibernate.orm.jdbc.bind              : binding parameter (4:DATE) <- [2026-08-31]
2026-09-07T19:34:26.565+05:30 TRACE 22976 --- [FinanceManagementSystem] [http-nio-8080-exec-9] org.hibernate.orm.jdbc.bind              : binding parameter (5:DATE) <- [2026-08-31]
2026-09-07T19:34:26.568+05:30 DEBUG 22976 --- [FinanceManagementSystem] [http-nio-8080-exec-9] org.hibernate.SQL                        : select s1_0.id,s1_0.amount,s1_0.created_at,s1_0.customer_id,s1_0.customer_invoice_number,s1_0.gst_amount,s1_0.gst_percentage,s1_0.payment_status,s1_0.public_id,s1_0.rate_per_unit,s1_0.raw_material,s1_0.sale_date,s1_0.sale_number,s1_0.total_amount,s1_0.unit,s1_0.updated_at,s1_0.user_id,s1_0.weight from sales s1_0 where s1_0.user_id=? and s1_0.sale_date between ? and ?
2026-09-07T19:34:26.568+05:30 TRACE 22976 --- [FinanceManagementSystem] [http-nio-8080-exec-9] org.hibernate.orm.jdbc.bind              : binding parameter (1:BIGINT) <- [2]
2026-09-07T19:34:26.569+05:30 TRACE 22976 --- [FinanceManagementSystem] [http-nio-8080-exec-9] org.hibernate.orm.jdbc.bind              : binding parameter (2:DATE) <- [2026-09-01]
2026-09-07T19:34:26.569+05:30 TRACE 22976 --- [FinanceManagementSystem] [http-nio-8080-exec-9] org.hibernate.orm.jdbc.bind              : binding parameter (3:DATE) <- [2026-09-30]
2026-09-07T19:34:26.573+05:30 DEBUG 22976 --- [FinanceManagementSystem] [http-nio-8080-exec-9] org.hibernate.SQL                        : select p1_0.id,p1_0.amount,p1_0.created_at,p1_0.gst_amount,p1_0.gst_percentage,p1_0.payment_status,p1_0.public_id,p1_0.purchase_date,p1_0.purchase_number,p1_0.purchase_status,p1_0.rate_per_unit,p1_0.raw_material,p1_0.supplier_id,p1_0.supplier_invoice_number,p1_0.total_amount,p1_0.unit,p1_0.updated_at,p1_0.user_id,p1_0.weight from purchases p1_0 where p1_0.user_id=? and p1_0.purchase_date between ? and ?
2026-09-07T19:34:26.573+05:30 TRACE 22976 --- [FinanceManagementSystem] [http-nio-8080-exec-9] org.hibernate.orm.jdbc.bind              : binding parameter (1:BIGINT) <- [2]
2026-09-07T19:34:26.573+05:30 TRACE 22976 --- [FinanceManagementSystem] [http-nio-8080-exec-9] org.hibernate.orm.jdbc.bind              : binding parameter (2:DATE) <- [2026-09-01]
2026-09-07T19:34:26.573+05:30 TRACE 22976 --- [FinanceManagementSystem] [http-nio-8080-exec-9] org.hibernate.orm.jdbc.bind              : binding parameter (3:DATE) <- [2026-09-30]
2026-09-07T19:34:26.575+05:30 DEBUG 22976 --- [FinanceManagementSystem] [http-nio-8080-exec-9] org.hibernate.SQL                        : select coalesce(sum(e1_0.amount),0) from expenses e1_0 where e1_0.user_id=? and e1_0.is_active=1 and (? is null or e1_0.expense_date>=?) and (? is null or e1_0.expense_date<=?)
2026-09-07T19:34:26.575+05:30 TRACE 22976 --- [FinanceManagementSystem] [http-nio-8080-exec-9] org.hibernate.orm.jdbc.bind              : binding parameter (1:BIGINT) <- [2]
2026-09-07T19:34:26.575+05:30 TRACE 22976 --- [FinanceManagementSystem] [http-nio-8080-exec-9] org.hibernate.orm.jdbc.bind              : binding parameter (2:DATE) <- [2026-09-01]
2026-09-07T19:34:26.575+05:30 TRACE 22976 --- [FinanceManagementSystem] [http-nio-8080-exec-9] org.hibernate.orm.jdbc.bind              : binding parameter (3:DATE) <- [2026-09-01]
2026-09-07T19:34:26.575+05:30 TRACE 22976 --- [FinanceManagementSystem] [http-nio-8080-exec-9] org.hibernate.orm.jdbc.bind              : binding parameter (4:DATE) <- [2026-09-30]
2026-09-07T19:34:26.575+05:30 TRACE 22976 --- [FinanceManagementSystem] [http-nio-8080-exec-9] org.hibernate.orm.jdbc.bind              : binding parameter (5:DATE) <- [2026-09-30]
2026-09-07T19:34:26.577+05:30 DEBUG 22976 --- [FinanceManagementSystem] [http-nio-8080-exec-9] org.hibernate.SQL                        : select s1_0.id,s1_0.amount,s1_0.created_at,s1_0.customer_id,s1_0.customer_invoice_number,s1_0.gst_amount,s1_0.gst_percentage,s1_0.payment_status,s1_0.public_id,s1_0.rate_per_unit,s1_0.raw_material,s1_0.sale_date,s1_0.sale_number,s1_0.total_amount,s1_0.unit,s1_0.updated_at,s1_0.user_id,s1_0.weight from sales s1_0 where s1_0.user_id=? order by s1_0.sale_date desc,s1_0.id desc limit ?
2026-09-07T19:34:26.578+05:30 TRACE 22976 --- [FinanceManagementSystem] [http-nio-8080-exec-9] org.hibernate.orm.jdbc.bind              : binding parameter (1:BIGINT) <- [2]
2026-09-07T19:34:26.578+05:30 TRACE 22976 --- [FinanceManagementSystem] [http-nio-8080-exec-9] org.hibernate.orm.jdbc.bind              : binding parameter (2:INTEGER) <- [5]
2026-09-07T19:34:26.580+05:30 DEBUG 22976 --- [FinanceManagementSystem] [http-nio-8080-exec-9] org.hibernate.SQL                        : select p1_0.id,p1_0.amount,p1_0.created_at,p1_0.gst_amount,p1_0.gst_percentage,p1_0.payment_status,p1_0.public_id,p1_0.purchase_date,p1_0.purchase_number,p1_0.purchase_status,p1_0.rate_per_unit,p1_0.raw_material,p1_0.supplier_id,p1_0.supplier_invoice_number,p1_0.total_amount,p1_0.unit,p1_0.updated_at,p1_0.user_id,p1_0.weight from purchases p1_0 where p1_0.user_id=? order by p1_0.purchase_date desc,p1_0.id desc limit ?
2026-09-07T19:34:26.581+05:30 TRACE 22976 --- [FinanceManagementSystem] [http-nio-8080-exec-9] org.hibernate.orm.jdbc.bind              : binding parameter (1:BIGINT) <- [2]
2026-09-07T19:34:26.581+05:30 TRACE 22976 --- [FinanceManagementSystem] [http-nio-8080-exec-9] org.hibernate.orm.jdbc.bind              : binding parameter (2:INTEGER) <- [5]
2026-09-07T19:34:26.583+05:30 DEBUG 22976 --- [FinanceManagementSystem] [http-nio-8080-exec-9] org.hibernate.SQL                        : select s1_0.id,a1_0.id,a1_0.address_line_1,a1_0.address_line_2,a1_0.city,a1_0.country,a1_0.created_at,a1_0.pincode,a1_0.state,a1_0.supplier_id,a1_0.updated_at,s1_0.alternate_mobile_number,s1_0.contact_person,s1_0.created_at,s1_0.email,s1_0.gst_number,s1_0.is_active,s1_0.mobile_number,s1_0.opening_balance,s1_0.payment_terms,s1_0.public_id,s1_0.supplier_name,s1_0.updated_at,s1_0.user_id from suppliers s1_0 left join supplier_address a1_0 on s1_0.id=a1_0.supplier_id where s1_0.id=?
2026-09-07T19:34:26.583+05:30 TRACE 22976 --- [FinanceManagementSystem] [http-nio-8080-exec-9] org.hibernate.orm.jdbc.bind              : binding parameter (1:BIGINT) <- [1]
2026-09-07T19:34:26.586+05:30 DEBUG 22976 --- [FinanceManagementSystem] [http-nio-8080-exec-9] org.hibernate.SQL                        : select e1_0.id,e1_0.amount,e1_0.category,e1_0.created_at,e1_0.description,e1_0.expense_date,e1_0.expense_number,e1_0.is_active,e1_0.payment_mode,e1_0.public_id,e1_0.reference_number,e1_0.remarks,e1_0.updated_at,e1_0.user_id from expenses e1_0 where e1_0.user_id=? and e1_0.is_active order by e1_0.expense_date desc limit ?
2026-09-07T19:34:26.586+05:30 TRACE 22976 --- [FinanceManagementSystem] [http-nio-8080-exec-9] org.hibernate.orm.jdbc.bind              : binding parameter (1:BIGINT) <- [2]
2026-09-07T19:34:26.586+05:30 TRACE 22976 --- [FinanceManagementSystem] [http-nio-8080-exec-9] org.hibernate.orm.jdbc.bind              : binding parameter (2:INTEGER) <- [5]
2026-09-07T19:34:26.588+05:30 DEBUG 22976 --- [FinanceManagementSystem] [http-nio-8080-exec-9] org.hibernate.SQL                        : select count(e1_0.id) from expenses e1_0 where e1_0.user_id=? and e1_0.is_active
2026-09-07T19:34:26.589+05:30 TRACE 22976 --- [FinanceManagementSystem] [http-nio-8080-exec-9] org.hibernate.orm.jdbc.bind              : binding parameter (1:BIGINT) <- [2]
2026-09-07T19:34:46.615+05:30 DEBUG 22976 --- [FinanceManagementSystem] [http-nio-8080-exec-1] org.hibernate.SQL                        : SELECT * FROM users WHERE LOWER(TRIM(email)) = LOWER(TRIM(?))
2026-09-07T19:34:46.616+05:30 TRACE 22976 --- [FinanceManagementSystem] [http-nio-8080-exec-1] org.hibernate.orm.jdbc.bind              : binding parameter (1:VARCHAR) <- [bhavesh@gmail.com]
2026-09-07T19:34:46.619+05:30 DEBUG 22976 --- [FinanceManagementSystem] [http-nio-8080-exec-1] org.hibernate.SQL                        : select ua1_0.id,ua1_0.area,ua1_0.city,ua1_0.country,ua1_0.created_at,ua1_0.house_no,ua1_0.pincode,ua1_0.society_name,ua1_0.state,ua1_0.updated_at,ua1_0.user_id from user_address ua1_0 where ua1_0.user_id=?
2026-09-07T19:34:46.619+05:30 TRACE 22976 --- [FinanceManagementSystem] [http-nio-8080-exec-1] org.hibernate.orm.jdbc.bind              : binding parameter (1:BIGINT) <- [2]
2026-09-07T19:34:46.622+05:30  INFO 22976 --- [FinanceManagementSystem] [http-nio-8080-exec-1] F.d.Security.CustomUserDetailsService    : CustomUserDetailsService - User loaded successfully: bhavesh@gmail.com
2026-09-07T19:34:46.631+05:30  INFO 22976 --- [FinanceManagementSystem] [http-nio-8080-exec-1] F.demo.Security.JwtUtil                  : JwtUtil - JWT token validation successful for user: bhavesh@gmail.com
2026-09-07T19:34:46.631+05:30  INFO 22976 --- [FinanceManagementSystem] [http-nio-8080-exec-1] F.demo.Security.JwtFilter                : JwtFilter - JWT validated successfully for user: bhavesh@gmail.com
2026-09-07T19:34:46.632+05:30  INFO 22976 --- [FinanceManagementSystem] [http-nio-8080-exec-1] F.demo.Controller.DashboardController    : CONTROLLER - request came in getDashboardSummary...
2026-09-07T19:34:46.635+05:30  INFO 22976 --- [FinanceManagementSystem] [http-nio-8080-exec-1] F.d.S.Implementations.DashboardService   : SERVICE - request came in getDashboardSummary...
2026-09-07T19:34:46.635+05:30 DEBUG 22976 --- [FinanceManagementSystem] [http-nio-8080-exec-1] org.hibernate.SQL                        : SELECT * FROM users WHERE LOWER(TRIM(email)) = LOWER(TRIM(?))
2026-09-07T19:34:46.636+05:30 TRACE 22976 --- [FinanceManagementSystem] [http-nio-8080-exec-1] org.hibernate.orm.jdbc.bind              : binding parameter (1:VARCHAR) <- [bhavesh@gmail.com]
2026-09-07T19:34:46.638+05:30 DEBUG 22976 --- [FinanceManagementSystem] [http-nio-8080-exec-1] org.hibernate.SQL                        : select ua1_0.id,ua1_0.area,ua1_0.city,ua1_0.country,ua1_0.created_at,ua1_0.house_no,ua1_0.pincode,ua1_0.society_name,ua1_0.state,ua1_0.updated_at,ua1_0.user_id from user_address ua1_0 where ua1_0.user_id=?
2026-09-07T19:34:46.638+05:30 TRACE 22976 --- [FinanceManagementSystem] [http-nio-8080-exec-1] org.hibernate.orm.jdbc.bind              : binding parameter (1:BIGINT) <- [2]
2026-09-07T19:34:46.641+05:30  INFO 22976 --- [FinanceManagementSystem] [http-nio-8080-exec-1] F.d.S.I.PurchasePaymentService           : SERVICE - request came in getTotalOutstandingAmount...
2026-09-07T19:34:46.641+05:30 DEBUG 22976 --- [FinanceManagementSystem] [http-nio-8080-exec-1] org.hibernate.SQL                        : SELECT * FROM users WHERE LOWER(TRIM(email)) = LOWER(TRIM(?))
2026-09-07T19:34:46.642+05:30 TRACE 22976 --- [FinanceManagementSystem] [http-nio-8080-exec-1] org.hibernate.orm.jdbc.bind              : binding parameter (1:VARCHAR) <- [bhavesh@gmail.com]
2026-09-07T19:34:46.645+05:30 DEBUG 22976 --- [FinanceManagementSystem] [http-nio-8080-exec-1] org.hibernate.SQL                        : select p1_0.id,p1_0.amount,p1_0.created_at,p1_0.gst_amount,p1_0.gst_percentage,p1_0.payment_status,p1_0.public_id,p1_0.purchase_date,p1_0.purchase_number,p1_0.purchase_status,p1_0.rate_per_unit,p1_0.raw_material,p1_0.supplier_id,p1_0.supplier_invoice_number,p1_0.total_amount,p1_0.unit,p1_0.updated_at,p1_0.user_id,p1_0.weight from purchases p1_0 where p1_0.user_id=? and p1_0.payment_status in (?,?)
2026-09-07T19:34:46.646+05:30 TRACE 22976 --- [FinanceManagementSystem] [http-nio-8080-exec-1] org.hibernate.orm.jdbc.bind              : binding parameter (1:BIGINT) <- [2]
2026-09-07T19:34:46.646+05:30 TRACE 22976 --- [FinanceManagementSystem] [http-nio-8080-exec-1] org.hibernate.orm.jdbc.bind              : binding parameter (2:ENUM) <- [PENDING]
2026-09-07T19:34:46.646+05:30 TRACE 22976 --- [FinanceManagementSystem] [http-nio-8080-exec-1] org.hibernate.orm.jdbc.bind              : binding parameter (3:ENUM) <- [PARTIALLY_PAID]
2026-09-07T19:34:46.648+05:30  INFO 22976 --- [FinanceManagementSystem] [http-nio-8080-exec-1] F.d.S.I.SalePaymentService               : SERVICE - request came in getTotalReceivableAmount...
2026-09-07T19:34:46.649+05:30 DEBUG 22976 --- [FinanceManagementSystem] [http-nio-8080-exec-1] org.hibernate.SQL                        : SELECT * FROM users WHERE LOWER(TRIM(email)) = LOWER(TRIM(?))
2026-09-07T19:34:46.649+05:30 TRACE 22976 --- [FinanceManagementSystem] [http-nio-8080-exec-1] org.hibernate.orm.jdbc.bind              : binding parameter (1:VARCHAR) <- [bhavesh@gmail.com]
2026-09-07T19:34:46.673+05:30 DEBUG 22976 --- [FinanceManagementSystem] [http-nio-8080-exec-1] org.hibernate.SQL                        : select s1_0.id,s1_0.amount,s1_0.created_at,s1_0.customer_id,s1_0.customer_invoice_number,s1_0.gst_amount,s1_0.gst_percentage,s1_0.payment_status,s1_0.public_id,s1_0.rate_per_unit,s1_0.raw_material,s1_0.sale_date,s1_0.sale_number,s1_0.total_amount,s1_0.unit,s1_0.updated_at,s1_0.user_id,s1_0.weight from sales s1_0 where s1_0.user_id=? and s1_0.payment_status in (?,?)
2026-09-07T19:34:46.673+05:30 TRACE 22976 --- [FinanceManagementSystem] [http-nio-8080-exec-1] org.hibernate.orm.jdbc.bind              : binding parameter (1:BIGINT) <- [2]
2026-09-07T19:34:46.673+05:30 TRACE 22976 --- [FinanceManagementSystem] [http-nio-8080-exec-1] org.hibernate.orm.jdbc.bind              : binding parameter (2:ENUM) <- [PENDING]
2026-09-07T19:34:46.673+05:30 TRACE 22976 --- [FinanceManagementSystem] [http-nio-8080-exec-1] org.hibernate.orm.jdbc.bind              : binding parameter (3:ENUM) <- [PARTIALLY_PAID]
2026-09-07T19:34:46.676+05:30 DEBUG 22976 --- [FinanceManagementSystem] [http-nio-8080-exec-1] org.hibernate.SQL                        : select coalesce(sum(sp1_0.amount_received),0) from sale_payments sp1_0 where sp1_0.user_id=?
2026-09-07T19:34:46.676+05:30 TRACE 22976 --- [FinanceManagementSystem] [http-nio-8080-exec-1] org.hibernate.orm.jdbc.bind              : binding parameter (1:BIGINT) <- [2]
2026-09-07T19:34:46.678+05:30 DEBUG 22976 --- [FinanceManagementSystem] [http-nio-8080-exec-1] org.hibernate.SQL                        : select coalesce(sum(pp1_0.amount_paid),0) from purchase_payments pp1_0 where pp1_0.user_id=?
2026-09-07T19:34:46.678+05:30 TRACE 22976 --- [FinanceManagementSystem] [http-nio-8080-exec-1] org.hibernate.orm.jdbc.bind              : binding parameter (1:BIGINT) <- [2]
2026-09-07T19:34:46.680+05:30 DEBUG 22976 --- [FinanceManagementSystem] [http-nio-8080-exec-1] org.hibernate.SQL                        : select coalesce(sum(e1_0.amount),0) from expenses e1_0 where e1_0.user_id=? and e1_0.is_active=1 and (? is null or e1_0.expense_date>=?) and (? is null or e1_0.expense_date<=?)
2026-09-07T19:34:46.681+05:30 TRACE 22976 --- [FinanceManagementSystem] [http-nio-8080-exec-1] org.hibernate.orm.jdbc.bind              : binding parameter (1:BIGINT) <- [2]
2026-09-07T19:34:46.681+05:30 TRACE 22976 --- [FinanceManagementSystem] [http-nio-8080-exec-1] org.hibernate.orm.jdbc.bind              : binding parameter (2:DATE) <- [null]
2026-09-07T19:34:46.681+05:30 TRACE 22976 --- [FinanceManagementSystem] [http-nio-8080-exec-1] org.hibernate.orm.jdbc.bind              : binding parameter (3:DATE) <- [null]
2026-09-07T19:34:46.681+05:30 TRACE 22976 --- [FinanceManagementSystem] [http-nio-8080-exec-1] org.hibernate.orm.jdbc.bind              : binding parameter (4:DATE) <- [null]
2026-09-07T19:34:46.681+05:30 TRACE 22976 --- [FinanceManagementSystem] [http-nio-8080-exec-1] org.hibernate.orm.jdbc.bind              : binding parameter (5:DATE) <- [null]
2026-09-07T19:34:46.683+05:30 DEBUG 22976 --- [FinanceManagementSystem] [http-nio-8080-exec-1] org.hibernate.SQL                        : select coalesce(sum(ppw1_0.amount),0) from partner_profit_withdrawals ppw1_0 where ppw1_0.user_id=?
2026-09-07T19:34:46.683+05:30 TRACE 22976 --- [FinanceManagementSystem] [http-nio-8080-exec-1] org.hibernate.orm.jdbc.bind              : binding parameter (1:BIGINT) <- [2]
2026-09-07T19:34:46.685+05:30  INFO 22976 --- [FinanceManagementSystem] [http-nio-8080-exec-1] F.d.S.Implementations.ExpenseService     : SERVICE - request came in getTotalExpenses...
2026-09-07T19:34:46.686+05:30 DEBUG 22976 --- [FinanceManagementSystem] [http-nio-8080-exec-1] org.hibernate.SQL                        : SELECT * FROM users WHERE LOWER(TRIM(email)) = LOWER(TRIM(?))
2026-09-07T19:34:46.686+05:30 TRACE 22976 --- [FinanceManagementSystem] [http-nio-8080-exec-1] org.hibernate.orm.jdbc.bind              : binding parameter (1:VARCHAR) <- [bhavesh@gmail.com]
2026-09-07T19:34:46.689+05:30 DEBUG 22976 --- [FinanceManagementSystem] [http-nio-8080-exec-1] org.hibernate.SQL                        : select coalesce(sum(e1_0.amount),0) from expenses e1_0 where e1_0.user_id=? and e1_0.is_active=1 and (? is null or e1_0.expense_date>=?) and (? is null or e1_0.expense_date<=?)
2026-09-07T19:34:46.689+05:30 TRACE 22976 --- [FinanceManagementSystem] [http-nio-8080-exec-1] org.hibernate.orm.jdbc.bind              : binding parameter (1:BIGINT) <- [2]
2026-09-07T19:34:46.690+05:30 TRACE 22976 --- [FinanceManagementSystem] [http-nio-8080-exec-1] org.hibernate.orm.jdbc.bind              : binding parameter (2:DATE) <- [2026-09-01]
2026-09-07T19:34:46.690+05:30 TRACE 22976 --- [FinanceManagementSystem] [http-nio-8080-exec-1] org.hibernate.orm.jdbc.bind              : binding parameter (3:DATE) <- [2026-09-01]
2026-09-07T19:34:46.690+05:30 TRACE 22976 --- [FinanceManagementSystem] [http-nio-8080-exec-1] org.hibernate.orm.jdbc.bind              : binding parameter (4:DATE) <- [2026-09-07]
2026-09-07T19:34:46.690+05:30 TRACE 22976 --- [FinanceManagementSystem] [http-nio-8080-exec-1] org.hibernate.orm.jdbc.bind              : binding parameter (5:DATE) <- [2026-09-07]
2026-09-07T19:34:46.692+05:30  INFO 22976 --- [FinanceManagementSystem] [http-nio-8080-exec-1] F.d.S.Implementations.StockService       : SERVICE - request came in getLowStockList...
2026-09-07T19:34:46.692+05:30 DEBUG 22976 --- [FinanceManagementSystem] [http-nio-8080-exec-1] org.hibernate.SQL                        : SELECT * FROM users WHERE LOWER(TRIM(email)) = LOWER(TRIM(?))
2026-09-07T19:34:46.693+05:30 TRACE 22976 --- [FinanceManagementSystem] [http-nio-8080-exec-1] org.hibernate.orm.jdbc.bind              : binding parameter (1:VARCHAR) <- [bhavesh@gmail.com]
2026-09-07T19:34:46.696+05:30 DEBUG 22976 --- [FinanceManagementSystem] [http-nio-8080-exec-1] org.hibernate.SQL                        : select s1_0.id,s1_0.created_at,s1_0.current_quantity,s1_0.is_active,s1_0.minimum_stock_level,s1_0.public_id,s1_0.raw_material,s1_0.unit,s1_0.updated_at,s1_0.user_id,s1_0.version from stocks s1_0 where s1_0.user_id=?
2026-09-07T19:34:46.696+05:30 TRACE 22976 --- [FinanceManagementSystem] [http-nio-8080-exec-1] org.hibernate.orm.jdbc.bind              : binding parameter (1:BIGINT) <- [2]
2026-09-07T19:34:46.698+05:30 DEBUG 22976 --- [FinanceManagementSystem] [http-nio-8080-exec-1] org.hibernate.SQL                        : SELECT * FROM users WHERE LOWER(TRIM(email)) = LOWER(TRIM(?))
2026-09-07T19:34:46.699+05:30 TRACE 22976 --- [FinanceManagementSystem] [http-nio-8080-exec-1] org.hibernate.orm.jdbc.bind              : binding parameter (1:VARCHAR) <- [bhavesh@gmail.com]
2026-09-07T19:34:46.702+05:30 DEBUG 22976 --- [FinanceManagementSystem] [http-nio-8080-exec-1] org.hibernate.SQL                        : select pd1_0.id,pd1_0.created_at,pd1_0.from_date,pd1_0.net_profit,pd1_0.public_id,pd1_0.to_date,pd1_0.total_expenses,pd1_0.total_purchase_cost,pd1_0.total_revenue,pd1_0.updated_at,pd1_0.user_id from profit_distributions pd1_0 where pd1_0.user_id=? order by coalesce(pd1_0.updated_at,pd1_0.created_at) desc,pd1_0.id desc
2026-09-07T19:34:46.702+05:30 TRACE 22976 --- [FinanceManagementSystem] [http-nio-8080-exec-1] org.hibernate.orm.jdbc.bind              : binding parameter (1:BIGINT) <- [2]
2026-09-07T19:34:46.705+05:30 DEBUG 22976 --- [FinanceManagementSystem] [http-nio-8080-exec-1] org.hibernate.SQL                        : select s1_0.id,s1_0.amount,s1_0.created_at,s1_0.customer_id,s1_0.customer_invoice_number,s1_0.gst_amount,s1_0.gst_percentage,s1_0.payment_status,s1_0.public_id,s1_0.rate_per_unit,s1_0.raw_material,s1_0.sale_date,s1_0.sale_number,s1_0.total_amount,s1_0.unit,s1_0.updated_at,s1_0.user_id,s1_0.weight from sales s1_0 where s1_0.user_id=? and s1_0.sale_date between ? and ?
2026-09-07T19:34:46.706+05:30 TRACE 22976 --- [FinanceManagementSystem] [http-nio-8080-exec-1] org.hibernate.orm.jdbc.bind              : binding parameter (1:BIGINT) <- [2]
2026-09-07T19:34:46.706+05:30 TRACE 22976 --- [FinanceManagementSystem] [http-nio-8080-exec-1] org.hibernate.orm.jdbc.bind              : binding parameter (2:DATE) <- [2026-04-01]
2026-09-07T19:34:46.706+05:30 TRACE 22976 --- [FinanceManagementSystem] [http-nio-8080-exec-1] org.hibernate.orm.jdbc.bind              : binding parameter (3:DATE) <- [2026-04-30]
2026-09-07T19:34:46.709+05:30 DEBUG 22976 --- [FinanceManagementSystem] [http-nio-8080-exec-1] org.hibernate.SQL                        : select p1_0.id,p1_0.amount,p1_0.created_at,p1_0.gst_amount,p1_0.gst_percentage,p1_0.payment_status,p1_0.public_id,p1_0.purchase_date,p1_0.purchase_number,p1_0.purchase_status,p1_0.rate_per_unit,p1_0.raw_material,p1_0.supplier_id,p1_0.supplier_invoice_number,p1_0.total_amount,p1_0.unit,p1_0.updated_at,p1_0.user_id,p1_0.weight from purchases p1_0 where p1_0.user_id=? and p1_0.purchase_date between ? and ?
2026-09-07T19:34:46.710+05:30 TRACE 22976 --- [FinanceManagementSystem] [http-nio-8080-exec-1] org.hibernate.orm.jdbc.bind              : binding parameter (1:BIGINT) <- [2]
2026-09-07T19:34:46.710+05:30 TRACE 22976 --- [FinanceManagementSystem] [http-nio-8080-exec-1] org.hibernate.orm.jdbc.bind              : binding parameter (2:DATE) <- [2026-04-01]
2026-09-07T19:34:46.710+05:30 TRACE 22976 --- [FinanceManagementSystem] [http-nio-8080-exec-1] org.hibernate.orm.jdbc.bind              : binding parameter (3:DATE) <- [2026-04-30]
2026-09-07T19:34:46.712+05:30 DEBUG 22976 --- [FinanceManagementSystem] [http-nio-8080-exec-1] org.hibernate.SQL                        : select coalesce(sum(e1_0.amount),0) from expenses e1_0 where e1_0.user_id=? and e1_0.is_active=1 and (? is null or e1_0.expense_date>=?) and (? is null or e1_0.expense_date<=?)
2026-09-07T19:34:46.713+05:30 TRACE 22976 --- [FinanceManagementSystem] [http-nio-8080-exec-1] org.hibernate.orm.jdbc.bind              : binding parameter (1:BIGINT) <- [2]
2026-09-07T19:34:46.713+05:30 TRACE 22976 --- [FinanceManagementSystem] [http-nio-8080-exec-1] org.hibernate.orm.jdbc.bind              : binding parameter (2:DATE) <- [2026-04-01]
2026-09-07T19:34:46.713+05:30 TRACE 22976 --- [FinanceManagementSystem] [http-nio-8080-exec-1] org.hibernate.orm.jdbc.bind              : binding parameter (3:DATE) <- [2026-04-01]
2026-09-07T19:34:46.713+05:30 TRACE 22976 --- [FinanceManagementSystem] [http-nio-8080-exec-1] org.hibernate.orm.jdbc.bind              : binding parameter (4:DATE) <- [2026-04-30]
2026-09-07T19:34:46.713+05:30 TRACE 22976 --- [FinanceManagementSystem] [http-nio-8080-exec-1] org.hibernate.orm.jdbc.bind              : binding parameter (5:DATE) <- [2026-04-30]
2026-09-07T19:34:46.717+05:30 DEBUG 22976 --- [FinanceManagementSystem] [http-nio-8080-exec-1] org.hibernate.SQL                        : select s1_0.id,s1_0.amount,s1_0.created_at,s1_0.customer_id,s1_0.customer_invoice_number,s1_0.gst_amount,s1_0.gst_percentage,s1_0.payment_status,s1_0.public_id,s1_0.rate_per_unit,s1_0.raw_material,s1_0.sale_date,s1_0.sale_number,s1_0.total_amount,s1_0.unit,s1_0.updated_at,s1_0.user_id,s1_0.weight from sales s1_0 where s1_0.user_id=? and s1_0.sale_date between ? and ?
2026-09-07T19:34:46.717+05:30 TRACE 22976 --- [FinanceManagementSystem] [http-nio-8080-exec-1] org.hibernate.orm.jdbc.bind              : binding parameter (1:BIGINT) <- [2]
2026-09-07T19:34:46.717+05:30 TRACE 22976 --- [FinanceManagementSystem] [http-nio-8080-exec-1] org.hibernate.orm.jdbc.bind              : binding parameter (2:DATE) <- [2026-05-01]
2026-09-07T19:34:46.718+05:30 TRACE 22976 --- [FinanceManagementSystem] [http-nio-8080-exec-1] org.hibernate.orm.jdbc.bind              : binding parameter (3:DATE) <- [2026-05-31]
2026-09-07T19:34:46.721+05:30 DEBUG 22976 --- [FinanceManagementSystem] [http-nio-8080-exec-1] org.hibernate.SQL                        : select p1_0.id,p1_0.amount,p1_0.created_at,p1_0.gst_amount,p1_0.gst_percentage,p1_0.payment_status,p1_0.public_id,p1_0.purchase_date,p1_0.purchase_number,p1_0.purchase_status,p1_0.rate_per_unit,p1_0.raw_material,p1_0.supplier_id,p1_0.supplier_invoice_number,p1_0.total_amount,p1_0.unit,p1_0.updated_at,p1_0.user_id,p1_0.weight from purchases p1_0 where p1_0.user_id=? and p1_0.purchase_date between ? and ?
2026-09-07T19:34:46.721+05:30 TRACE 22976 --- [FinanceManagementSystem] [http-nio-8080-exec-1] org.hibernate.orm.jdbc.bind              : binding parameter (1:BIGINT) <- [2]
2026-09-07T19:34:46.721+05:30 TRACE 22976 --- [FinanceManagementSystem] [http-nio-8080-exec-1] org.hibernate.orm.jdbc.bind              : binding parameter (2:DATE) <- [2026-05-01]
2026-09-07T19:34:46.722+05:30 TRACE 22976 --- [FinanceManagementSystem] [http-nio-8080-exec-1] org.hibernate.orm.jdbc.bind              : binding parameter (3:DATE) <- [2026-05-31]
2026-09-07T19:34:46.724+05:30 DEBUG 22976 --- [FinanceManagementSystem] [http-nio-8080-exec-1] org.hibernate.SQL                        : select coalesce(sum(e1_0.amount),0) from expenses e1_0 where e1_0.user_id=? and e1_0.is_active=1 and (? is null or e1_0.expense_date>=?) and (? is null or e1_0.expense_date<=?)
2026-09-07T19:34:46.724+05:30 TRACE 22976 --- [FinanceManagementSystem] [http-nio-8080-exec-1] org.hibernate.orm.jdbc.bind              : binding parameter (1:BIGINT) <- [2]
2026-09-07T19:34:46.725+05:30 TRACE 22976 --- [FinanceManagementSystem] [http-nio-8080-exec-1] org.hibernate.orm.jdbc.bind              : binding parameter (2:DATE) <- [2026-05-01]
2026-09-07T19:34:46.725+05:30 TRACE 22976 --- [FinanceManagementSystem] [http-nio-8080-exec-1] org.hibernate.orm.jdbc.bind              : binding parameter (3:DATE) <- [2026-05-01]
2026-09-07T19:34:46.725+05:30 TRACE 22976 --- [FinanceManagementSystem] [http-nio-8080-exec-1] org.hibernate.orm.jdbc.bind              : binding parameter (4:DATE) <- [2026-05-31]
2026-09-07T19:34:46.725+05:30 TRACE 22976 --- [FinanceManagementSystem] [http-nio-8080-exec-1] org.hibernate.orm.jdbc.bind              : binding parameter (5:DATE) <- [2026-05-31]
2026-09-07T19:34:46.728+05:30 DEBUG 22976 --- [FinanceManagementSystem] [http-nio-8080-exec-1] org.hibernate.SQL                        : select s1_0.id,s1_0.amount,s1_0.created_at,s1_0.customer_id,s1_0.customer_invoice_number,s1_0.gst_amount,s1_0.gst_percentage,s1_0.payment_status,s1_0.public_id,s1_0.rate_per_unit,s1_0.raw_material,s1_0.sale_date,s1_0.sale_number,s1_0.total_amount,s1_0.unit,s1_0.updated_at,s1_0.user_id,s1_0.weight from sales s1_0 where s1_0.user_id=? and s1_0.sale_date between ? and ?
2026-09-07T19:34:46.728+05:30 TRACE 22976 --- [FinanceManagementSystem] [http-nio-8080-exec-1] org.hibernate.orm.jdbc.bind              : binding parameter (1:BIGINT) <- [2]
2026-09-07T19:34:46.728+05:30 TRACE 22976 --- [FinanceManagementSystem] [http-nio-8080-exec-1] org.hibernate.orm.jdbc.bind              : binding parameter (2:DATE) <- [2026-06-01]
2026-09-07T19:34:46.729+05:30 TRACE 22976 --- [FinanceManagementSystem] [http-nio-8080-exec-1] org.hibernate.orm.jdbc.bind              : binding parameter (3:DATE) <- [2026-06-30]
2026-09-07T19:34:46.732+05:30 DEBUG 22976 --- [FinanceManagementSystem] [http-nio-8080-exec-1] org.hibernate.SQL                        : select p1_0.id,p1_0.amount,p1_0.created_at,p1_0.gst_amount,p1_0.gst_percentage,p1_0.payment_status,p1_0.public_id,p1_0.purchase_date,p1_0.purchase_number,p1_0.purchase_status,p1_0.rate_per_unit,p1_0.raw_material,p1_0.supplier_id,p1_0.supplier_invoice_number,p1_0.total_amount,p1_0.unit,p1_0.updated_at,p1_0.user_id,p1_0.weight from purchases p1_0 where p1_0.user_id=? and p1_0.purchase_date between ? and ?
2026-09-07T19:34:46.732+05:30 TRACE 22976 --- [FinanceManagementSystem] [http-nio-8080-exec-1] org.hibernate.orm.jdbc.bind              : binding parameter (1:BIGINT) <- [2]
2026-09-07T19:34:46.733+05:30 TRACE 22976 --- [FinanceManagementSystem] [http-nio-8080-exec-1] org.hibernate.orm.jdbc.bind              : binding parameter (2:DATE) <- [2026-06-01]
2026-09-07T19:34:46.733+05:30 TRACE 22976 --- [FinanceManagementSystem] [http-nio-8080-exec-1] org.hibernate.orm.jdbc.bind              : binding parameter (3:DATE) <- [2026-06-30]
2026-09-07T19:34:46.735+05:30 DEBUG 22976 --- [FinanceManagementSystem] [http-nio-8080-exec-1] org.hibernate.SQL                        : select coalesce(sum(e1_0.amount),0) from expenses e1_0 where e1_0.user_id=? and e1_0.is_active=1 and (? is null or e1_0.expense_date>=?) and (? is null or e1_0.expense_date<=?)
2026-09-07T19:34:46.735+05:30 TRACE 22976 --- [FinanceManagementSystem] [http-nio-8080-exec-1] org.hibernate.orm.jdbc.bind              : binding parameter (1:BIGINT) <- [2]
2026-09-07T19:34:46.736+05:30 TRACE 22976 --- [FinanceManagementSystem] [http-nio-8080-exec-1] org.hibernate.orm.jdbc.bind              : binding parameter (2:DATE) <- [2026-06-01]
2026-09-07T19:34:46.736+05:30 TRACE 22976 --- [FinanceManagementSystem] [http-nio-8080-exec-1] org.hibernate.orm.jdbc.bind              : binding parameter (3:DATE) <- [2026-06-01]
2026-09-07T19:34:46.736+05:30 TRACE 22976 --- [FinanceManagementSystem] [http-nio-8080-exec-1] org.hibernate.orm.jdbc.bind              : binding parameter (4:DATE) <- [2026-06-30]
2026-09-07T19:34:46.736+05:30 TRACE 22976 --- [FinanceManagementSystem] [http-nio-8080-exec-1] org.hibernate.orm.jdbc.bind              : binding parameter (5:DATE) <- [2026-06-30]
2026-09-07T19:34:46.739+05:30 DEBUG 22976 --- [FinanceManagementSystem] [http-nio-8080-exec-1] org.hibernate.SQL                        : select s1_0.id,s1_0.amount,s1_0.created_at,s1_0.customer_id,s1_0.customer_invoice_number,s1_0.gst_amount,s1_0.gst_percentage,s1_0.payment_status,s1_0.public_id,s1_0.rate_per_unit,s1_0.raw_material,s1_0.sale_date,s1_0.sale_number,s1_0.total_amount,s1_0.unit,s1_0.updated_at,s1_0.user_id,s1_0.weight from sales s1_0 where s1_0.user_id=? and s1_0.sale_date between ? and ?
2026-09-07T19:34:46.739+05:30 TRACE 22976 --- [FinanceManagementSystem] [http-nio-8080-exec-1] org.hibernate.orm.jdbc.bind              : binding parameter (1:BIGINT) <- [2]
2026-09-07T19:34:46.740+05:30 TRACE 22976 --- [FinanceManagementSystem] [http-nio-8080-exec-1] org.hibernate.orm.jdbc.bind              : binding parameter (2:DATE) <- [2026-07-01]
2026-09-07T19:34:46.740+05:30 TRACE 22976 --- [FinanceManagementSystem] [http-nio-8080-exec-1] org.hibernate.orm.jdbc.bind              : binding parameter (3:DATE) <- [2026-07-31]
2026-09-07T19:34:46.743+05:30 DEBUG 22976 --- [FinanceManagementSystem] [http-nio-8080-exec-1] org.hibernate.SQL                        : select p1_0.id,p1_0.amount,p1_0.created_at,p1_0.gst_amount,p1_0.gst_percentage,p1_0.payment_status,p1_0.public_id,p1_0.purchase_date,p1_0.purchase_number,p1_0.purchase_status,p1_0.rate_per_unit,p1_0.raw_material,p1_0.supplier_id,p1_0.supplier_invoice_number,p1_0.total_amount,p1_0.unit,p1_0.updated_at,p1_0.user_id,p1_0.weight from purchases p1_0 where p1_0.user_id=? and p1_0.purchase_date between ? and ?
2026-09-07T19:34:46.743+05:30 TRACE 22976 --- [FinanceManagementSystem] [http-nio-8080-exec-1] org.hibernate.orm.jdbc.bind              : binding parameter (1:BIGINT) <- [2]
2026-09-07T19:34:46.743+05:30 TRACE 22976 --- [FinanceManagementSystem] [http-nio-8080-exec-1] org.hibernate.orm.jdbc.bind              : binding parameter (2:DATE) <- [2026-07-01]
2026-09-07T19:34:46.744+05:30 TRACE 22976 --- [FinanceManagementSystem] [http-nio-8080-exec-1] org.hibernate.orm.jdbc.bind              : binding parameter (3:DATE) <- [2026-07-31]
2026-09-07T19:34:46.746+05:30 DEBUG 22976 --- [FinanceManagementSystem] [http-nio-8080-exec-1] org.hibernate.SQL                        : select coalesce(sum(e1_0.amount),0) from expenses e1_0 where e1_0.user_id=? and e1_0.is_active=1 and (? is null or e1_0.expense_date>=?) and (? is null or e1_0.expense_date<=?)
2026-09-07T19:34:46.746+05:30 TRACE 22976 --- [FinanceManagementSystem] [http-nio-8080-exec-1] org.hibernate.orm.jdbc.bind              : binding parameter (1:BIGINT) <- [2]
2026-09-07T19:34:46.747+05:30 TRACE 22976 --- [FinanceManagementSystem] [http-nio-8080-exec-1] org.hibernate.orm.jdbc.bind              : binding parameter (2:DATE) <- [2026-07-01]
2026-09-07T19:34:46.747+05:30 TRACE 22976 --- [FinanceManagementSystem] [http-nio-8080-exec-1] org.hibernate.orm.jdbc.bind              : binding parameter (3:DATE) <- [2026-07-01]
2026-09-07T19:34:46.747+05:30 TRACE 22976 --- [FinanceManagementSystem] [http-nio-8080-exec-1] org.hibernate.orm.jdbc.bind              : binding parameter (4:DATE) <- [2026-07-31]
2026-09-07T19:34:46.747+05:30 TRACE 22976 --- [FinanceManagementSystem] [http-nio-8080-exec-1] org.hibernate.orm.jdbc.bind              : binding parameter (5:DATE) <- [2026-07-31]
2026-09-07T19:34:46.750+05:30 DEBUG 22976 --- [FinanceManagementSystem] [http-nio-8080-exec-1] org.hibernate.SQL                        : select s1_0.id,s1_0.amount,s1_0.created_at,s1_0.customer_id,s1_0.customer_invoice_number,s1_0.gst_amount,s1_0.gst_percentage,s1_0.payment_status,s1_0.public_id,s1_0.rate_per_unit,s1_0.raw_material,s1_0.sale_date,s1_0.sale_number,s1_0.total_amount,s1_0.unit,s1_0.updated_at,s1_0.user_id,s1_0.weight from sales s1_0 where s1_0.user_id=? and s1_0.sale_date between ? and ?
2026-09-07T19:34:46.750+05:30 TRACE 22976 --- [FinanceManagementSystem] [http-nio-8080-exec-1] org.hibernate.orm.jdbc.bind              : binding parameter (1:BIGINT) <- [2]
2026-09-07T19:34:46.750+05:30 TRACE 22976 --- [FinanceManagementSystem] [http-nio-8080-exec-1] org.hibernate.orm.jdbc.bind              : binding parameter (2:DATE) <- [2026-08-01]
2026-09-07T19:34:46.750+05:30 TRACE 22976 --- [FinanceManagementSystem] [http-nio-8080-exec-1] org.hibernate.orm.jdbc.bind              : binding parameter (3:DATE) <- [2026-08-31]
2026-09-07T19:34:46.754+05:30 DEBUG 22976 --- [FinanceManagementSystem] [http-nio-8080-exec-1] org.hibernate.SQL                        : select p1_0.id,p1_0.amount,p1_0.created_at,p1_0.gst_amount,p1_0.gst_percentage,p1_0.payment_status,p1_0.public_id,p1_0.purchase_date,p1_0.purchase_number,p1_0.purchase_status,p1_0.rate_per_unit,p1_0.raw_material,p1_0.supplier_id,p1_0.supplier_invoice_number,p1_0.total_amount,p1_0.unit,p1_0.updated_at,p1_0.user_id,p1_0.weight from purchases p1_0 where p1_0.user_id=? and p1_0.purchase_date between ? and ?
2026-09-07T19:34:46.755+05:30 TRACE 22976 --- [FinanceManagementSystem] [http-nio-8080-exec-1] org.hibernate.orm.jdbc.bind              : binding parameter (1:BIGINT) <- [2]
2026-09-07T19:34:46.755+05:30 TRACE 22976 --- [FinanceManagementSystem] [http-nio-8080-exec-1] org.hibernate.orm.jdbc.bind              : binding parameter (2:DATE) <- [2026-08-01]
2026-09-07T19:34:46.755+05:30 TRACE 22976 --- [FinanceManagementSystem] [http-nio-8080-exec-1] org.hibernate.orm.jdbc.bind              : binding parameter (3:DATE) <- [2026-08-31]
2026-09-07T19:34:46.757+05:30 DEBUG 22976 --- [FinanceManagementSystem] [http-nio-8080-exec-1] org.hibernate.SQL                        : select coalesce(sum(e1_0.amount),0) from expenses e1_0 where e1_0.user_id=? and e1_0.is_active=1 and (? is null or e1_0.expense_date>=?) and (? is null or e1_0.expense_date<=?)
2026-09-07T19:34:46.758+05:30 TRACE 22976 --- [FinanceManagementSystem] [http-nio-8080-exec-1] org.hibernate.orm.jdbc.bind              : binding parameter (1:BIGINT) <- [2]
2026-09-07T19:34:46.758+05:30 TRACE 22976 --- [FinanceManagementSystem] [http-nio-8080-exec-1] org.hibernate.orm.jdbc.bind              : binding parameter (2:DATE) <- [2026-08-01]
2026-09-07T19:34:46.758+05:30 TRACE 22976 --- [FinanceManagementSystem] [http-nio-8080-exec-1] org.hibernate.orm.jdbc.bind              : binding parameter (3:DATE) <- [2026-08-01]
2026-09-07T19:34:46.758+05:30 TRACE 22976 --- [FinanceManagementSystem] [http-nio-8080-exec-1] org.hibernate.orm.jdbc.bind              : binding parameter (4:DATE) <- [2026-08-31]
2026-09-07T19:34:46.758+05:30 TRACE 22976 --- [FinanceManagementSystem] [http-nio-8080-exec-1] org.hibernate.orm.jdbc.bind              : binding parameter (5:DATE) <- [2026-08-31]
2026-09-07T19:34:46.761+05:30 DEBUG 22976 --- [FinanceManagementSystem] [http-nio-8080-exec-1] org.hibernate.SQL                        : select s1_0.id,s1_0.amount,s1_0.created_at,s1_0.customer_id,s1_0.customer_invoice_number,s1_0.gst_amount,s1_0.gst_percentage,s1_0.payment_status,s1_0.public_id,s1_0.rate_per_unit,s1_0.raw_material,s1_0.sale_date,s1_0.sale_number,s1_0.total_amount,s1_0.unit,s1_0.updated_at,s1_0.user_id,s1_0.weight from sales s1_0 where s1_0.user_id=? and s1_0.sale_date between ? and ?
2026-09-07T19:34:46.762+05:30 TRACE 22976 --- [FinanceManagementSystem] [http-nio-8080-exec-1] org.hibernate.orm.jdbc.bind              : binding parameter (1:BIGINT) <- [2]
2026-09-07T19:34:46.762+05:30 TRACE 22976 --- [FinanceManagementSystem] [http-nio-8080-exec-1] org.hibernate.orm.jdbc.bind              : binding parameter (2:DATE) <- [2026-09-01]
2026-09-07T19:34:46.762+05:30 TRACE 22976 --- [FinanceManagementSystem] [http-nio-8080-exec-1] org.hibernate.orm.jdbc.bind              : binding parameter (3:DATE) <- [2026-09-30]
2026-09-07T19:34:46.764+05:30 DEBUG 22976 --- [FinanceManagementSystem] [http-nio-8080-exec-1] org.hibernate.SQL                        : select p1_0.id,p1_0.amount,p1_0.created_at,p1_0.gst_amount,p1_0.gst_percentage,p1_0.payment_status,p1_0.public_id,p1_0.purchase_date,p1_0.purchase_number,p1_0.purchase_status,p1_0.rate_per_unit,p1_0.raw_material,p1_0.supplier_id,p1_0.supplier_invoice_number,p1_0.total_amount,p1_0.unit,p1_0.updated_at,p1_0.user_id,p1_0.weight from purchases p1_0 where p1_0.user_id=? and p1_0.purchase_date between ? and ?
2026-09-07T19:34:46.765+05:30 TRACE 22976 --- [FinanceManagementSystem] [http-nio-8080-exec-1] org.hibernate.orm.jdbc.bind              : binding parameter (1:BIGINT) <- [2]
2026-09-07T19:34:46.765+05:30 TRACE 22976 --- [FinanceManagementSystem] [http-nio-8080-exec-1] org.hibernate.orm.jdbc.bind              : binding parameter (2:DATE) <- [2026-09-01]
2026-09-07T19:34:46.765+05:30 TRACE 22976 --- [FinanceManagementSystem] [http-nio-8080-exec-1] org.hibernate.orm.jdbc.bind              : binding parameter (3:DATE) <- [2026-09-30]
2026-09-07T19:34:46.767+05:30 DEBUG 22976 --- [FinanceManagementSystem] [http-nio-8080-exec-1] org.hibernate.SQL                        : select coalesce(sum(e1_0.amount),0) from expenses e1_0 where e1_0.user_id=? and e1_0.is_active=1 and (? is null or e1_0.expense_date>=?) and (? is null or e1_0.expense_date<=?)
2026-09-07T19:34:46.768+05:30 TRACE 22976 --- [FinanceManagementSystem] [http-nio-8080-exec-1] org.hibernate.orm.jdbc.bind              : binding parameter (1:BIGINT) <- [2]
2026-09-07T19:34:46.768+05:30 TRACE 22976 --- [FinanceManagementSystem] [http-nio-8080-exec-1] org.hibernate.orm.jdbc.bind              : binding parameter (2:DATE) <- [2026-09-01]
2026-09-07T19:34:46.768+05:30 TRACE 22976 --- [FinanceManagementSystem] [http-nio-8080-exec-1] org.hibernate.orm.jdbc.bind              : binding parameter (3:DATE) <- [2026-09-01]
2026-09-07T19:34:46.768+05:30 TRACE 22976 --- [FinanceManagementSystem] [http-nio-8080-exec-1] org.hibernate.orm.jdbc.bind              : binding parameter (4:DATE) <- [2026-09-30]
2026-09-07T19:34:46.768+05:30 TRACE 22976 --- [FinanceManagementSystem] [http-nio-8080-exec-1] org.hibernate.orm.jdbc.bind              : binding parameter (5:DATE) <- [2026-09-30]
2026-09-07T19:34:46.771+05:30 DEBUG 22976 --- [FinanceManagementSystem] [http-nio-8080-exec-1] org.hibernate.SQL                        : select s1_0.id,s1_0.amount,s1_0.created_at,s1_0.customer_id,s1_0.customer_invoice_number,s1_0.gst_amount,s1_0.gst_percentage,s1_0.payment_status,s1_0.public_id,s1_0.rate_per_unit,s1_0.raw_material,s1_0.sale_date,s1_0.sale_number,s1_0.total_amount,s1_0.unit,s1_0.updated_at,s1_0.user_id,s1_0.weight from sales s1_0 where s1_0.user_id=? order by s1_0.sale_date desc,s1_0.id desc limit ?
2026-09-07T19:34:46.773+05:30 TRACE 22976 --- [FinanceManagementSystem] [http-nio-8080-exec-1] org.hibernate.orm.jdbc.bind              : binding parameter (1:BIGINT) <- [2]
2026-09-07T19:34:46.773+05:30 TRACE 22976 --- [FinanceManagementSystem] [http-nio-8080-exec-1] org.hibernate.orm.jdbc.bind              : binding parameter (2:INTEGER) <- [5]
2026-09-07T19:34:46.776+05:30 DEBUG 22976 --- [FinanceManagementSystem] [http-nio-8080-exec-1] org.hibernate.SQL                        : select p1_0.id,p1_0.amount,p1_0.created_at,p1_0.gst_amount,p1_0.gst_percentage,p1_0.payment_status,p1_0.public_id,p1_0.purchase_date,p1_0.purchase_number,p1_0.purchase_status,p1_0.rate_per_unit,p1_0.raw_material,p1_0.supplier_id,p1_0.supplier_invoice_number,p1_0.total_amount,p1_0.unit,p1_0.updated_at,p1_0.user_id,p1_0.weight from purchases p1_0 where p1_0.user_id=? order by p1_0.purchase_date desc,p1_0.id desc limit ?
2026-09-07T19:34:46.777+05:30 TRACE 22976 --- [FinanceManagementSystem] [http-nio-8080-exec-1] org.hibernate.orm.jdbc.bind              : binding parameter (1:BIGINT) <- [2]
2026-09-07T19:34:46.777+05:30 TRACE 22976 --- [FinanceManagementSystem] [http-nio-8080-exec-1] org.hibernate.orm.jdbc.bind              : binding parameter (2:INTEGER) <- [5]
2026-09-07T19:34:46.780+05:30 DEBUG 22976 --- [FinanceManagementSystem] [http-nio-8080-exec-1] org.hibernate.SQL                        : select s1_0.id,a1_0.id,a1_0.address_line_1,a1_0.address_line_2,a1_0.city,a1_0.country,a1_0.created_at,a1_0.pincode,a1_0.state,a1_0.supplier_id,a1_0.updated_at,s1_0.alternate_mobile_number,s1_0.contact_person,s1_0.created_at,s1_0.email,s1_0.gst_number,s1_0.is_active,s1_0.mobile_number,s1_0.opening_balance,s1_0.payment_terms,s1_0.public_id,s1_0.supplier_name,s1_0.updated_at,s1_0.user_id from suppliers s1_0 left join supplier_address a1_0 on s1_0.id=a1_0.supplier_id where s1_0.id=?
2026-09-07T19:34:46.781+05:30 TRACE 22976 --- [FinanceManagementSystem] [http-nio-8080-exec-1] org.hibernate.orm.jdbc.bind              : binding parameter (1:BIGINT) <- [1]
2026-09-07T19:34:46.784+05:30 DEBUG 22976 --- [FinanceManagementSystem] [http-nio-8080-exec-1] org.hibernate.SQL                        : select e1_0.id,e1_0.amount,e1_0.category,e1_0.created_at,e1_0.description,e1_0.expense_date,e1_0.expense_number,e1_0.is_active,e1_0.payment_mode,e1_0.public_id,e1_0.reference_number,e1_0.remarks,e1_0.updated_at,e1_0.user_id from expenses e1_0 where e1_0.user_id=? and e1_0.is_active order by e1_0.expense_date desc limit ?
2026-09-07T19:34:46.785+05:30 TRACE 22976 --- [FinanceManagementSystem] [http-nio-8080-exec-1] org.hibernate.orm.jdbc.bind              : binding parameter (1:BIGINT) <- [2]
2026-09-07T19:34:46.785+05:30 TRACE 22976 --- [FinanceManagementSystem] [http-nio-8080-exec-1] org.hibernate.orm.jdbc.bind              : binding parameter (2:INTEGER) <- [5]
2026-09-07T19:34:46.789+05:30 DEBUG 22976 --- [FinanceManagementSystem] [http-nio-8080-exec-1] org.hibernate.SQL                        : select count(e1_0.id) from expenses e1_0 where e1_0.user_id=? and e1_0.is_active
2026-09-07T19:34:46.789+05:30 TRACE 22976 --- [FinanceManagementSystem] [http-nio-8080-exec-1] org.hibernate.orm.jdbc.bind              : binding parameter (1:BIGINT) <- [2]
2026-09-07T19:35:06.812+05:30 DEBUG 22976 --- [FinanceManagementSystem] [http-nio-8080-exec-3] org.hibernate.SQL                        : SELECT * FROM users WHERE LOWER(TRIM(email)) = LOWER(TRIM(?))
2026-09-07T19:35:06.813+05:30 TRACE 22976 --- [FinanceManagementSystem] [http-nio-8080-exec-3] org.hibernate.orm.jdbc.bind              : binding parameter (1:VARCHAR) <- [bhavesh@gmail.com]
2026-09-07T19:35:06.814+05:30 DEBUG 22976 --- [FinanceManagementSystem] [http-nio-8080-exec-3] org.hibernate.SQL                        : select ua1_0.id,ua1_0.area,ua1_0.city,ua1_0.country,ua1_0.created_at,ua1_0.house_no,ua1_0.pincode,ua1_0.society_name,ua1_0.state,ua1_0.updated_at,ua1_0.user_id from user_address ua1_0 where ua1_0.user_id=?
2026-09-07T19:35:06.815+05:30 TRACE 22976 --- [FinanceManagementSystem] [http-nio-8080-exec-3] org.hibernate.orm.jdbc.bind              : binding parameter (1:BIGINT) <- [2]
2026-09-07T19:35:06.816+05:30  INFO 22976 --- [FinanceManagementSystem] [http-nio-8080-exec-3] F.d.Security.CustomUserDetailsService    : CustomUserDetailsService - User loaded successfully: bhavesh@gmail.com
2026-09-07T19:35:06.822+05:30  INFO 22976 --- [FinanceManagementSystem] [http-nio-8080-exec-3] F.demo.Security.JwtUtil                  : JwtUtil - JWT token validation successful for user: bhavesh@gmail.com
2026-09-07T19:35:06.822+05:30  INFO 22976 --- [FinanceManagementSystem] [http-nio-8080-exec-3] F.demo.Security.JwtFilter                : JwtFilter - JWT validated successfully for user: bhavesh@gmail.com
2026-09-07T19:35:06.823+05:30  INFO 22976 --- [FinanceManagementSystem] [http-nio-8080-exec-3] F.demo.Controller.DashboardController    : CONTROLLER - request came in getDashboardSummary...
2026-09-07T19:35:06.825+05:30  INFO 22976 --- [FinanceManagementSystem] [http-nio-8080-exec-3] F.d.S.Implementations.DashboardService   : SERVICE - request came in getDashboardSummary...
2026-09-07T19:35:06.825+05:30 DEBUG 22976 --- [FinanceManagementSystem] [http-nio-8080-exec-3] org.hibernate.SQL                        : SELECT * FROM users WHERE LOWER(TRIM(email)) = LOWER(TRIM(?))
2026-09-07T19:35:06.825+05:30 TRACE 22976 --- [FinanceManagementSystem] [http-nio-8080-exec-3] org.hibernate.orm.jdbc.bind              : binding parameter (1:VARCHAR) <- [bhavesh@gmail.com]
2026-09-07T19:35:06.828+05:30 DEBUG 22976 --- [FinanceManagementSystem] [http-nio-8080-exec-3] org.hibernate.SQL                        : select ua1_0.id,ua1_0.area,ua1_0.city,ua1_0.country,ua1_0.created_at,ua1_0.house_no,ua1_0.pincode,ua1_0.society_name,ua1_0.state,ua1_0.updated_at,ua1_0.user_id from user_address ua1_0 where ua1_0.user_id=?
2026-09-07T19:35:06.828+05:30 TRACE 22976 --- [FinanceManagementSystem] [http-nio-8080-exec-3] org.hibernate.orm.jdbc.bind              : binding parameter (1:BIGINT) <- [2]
2026-09-07T19:35:06.829+05:30  INFO 22976 --- [FinanceManagementSystem] [http-nio-8080-exec-3] F.d.S.I.PurchasePaymentService           : SERVICE - request came in getTotalOutstandingAmount...
2026-09-07T19:35:06.830+05:30 DEBUG 22976 --- [FinanceManagementSystem] [http-nio-8080-exec-3] org.hibernate.SQL                        : SELECT * FROM users WHERE LOWER(TRIM(email)) = LOWER(TRIM(?))
2026-09-07T19:35:06.830+05:30 TRACE 22976 --- [FinanceManagementSystem] [http-nio-8080-exec-3] org.hibernate.orm.jdbc.bind              : binding parameter (1:VARCHAR) <- [bhavesh@gmail.com]
2026-09-07T19:35:06.832+05:30 DEBUG 22976 --- [FinanceManagementSystem] [http-nio-8080-exec-3] org.hibernate.SQL                        : select p1_0.id,p1_0.amount,p1_0.created_at,p1_0.gst_amount,p1_0.gst_percentage,p1_0.payment_status,p1_0.public_id,p1_0.purchase_date,p1_0.purchase_number,p1_0.purchase_status,p1_0.rate_per_unit,p1_0.raw_material,p1_0.supplier_id,p1_0.supplier_invoice_number,p1_0.total_amount,p1_0.unit,p1_0.updated_at,p1_0.user_id,p1_0.weight from purchases p1_0 where p1_0.user_id=? and p1_0.payment_status in (?,?)
2026-09-07T19:35:06.833+05:30 TRACE 22976 --- [FinanceManagementSystem] [http-nio-8080-exec-3] org.hibernate.orm.jdbc.bind              : binding parameter (1:BIGINT) <- [2]
2026-09-07T19:35:06.833+05:30 TRACE 22976 --- [FinanceManagementSystem] [http-nio-8080-exec-3] org.hibernate.orm.jdbc.bind              : binding parameter (2:ENUM) <- [PENDING]
2026-09-07T19:35:06.833+05:30 TRACE 22976 --- [FinanceManagementSystem] [http-nio-8080-exec-3] org.hibernate.orm.jdbc.bind              : binding parameter (3:ENUM) <- [PARTIALLY_PAID]
2026-09-07T19:35:06.834+05:30  INFO 22976 --- [FinanceManagementSystem] [http-nio-8080-exec-3] F.d.S.I.SalePaymentService               : SERVICE - request came in getTotalReceivableAmount...
2026-09-07T19:35:06.835+05:30 DEBUG 22976 --- [FinanceManagementSystem] [http-nio-8080-exec-3] org.hibernate.SQL                        : SELECT * FROM users WHERE LOWER(TRIM(email)) = LOWER(TRIM(?))
2026-09-07T19:35:06.835+05:30 TRACE 22976 --- [FinanceManagementSystem] [http-nio-8080-exec-3] org.hibernate.orm.jdbc.bind              : binding parameter (1:VARCHAR) <- [bhavesh@gmail.com]
2026-09-07T19:35:06.837+05:30 DEBUG 22976 --- [FinanceManagementSystem] [http-nio-8080-exec-3] org.hibernate.SQL                        : select s1_0.id,s1_0.amount,s1_0.created_at,s1_0.customer_id,s1_0.customer_invoice_number,s1_0.gst_amount,s1_0.gst_percentage,s1_0.payment_status,s1_0.public_id,s1_0.rate_per_unit,s1_0.raw_material,s1_0.sale_date,s1_0.sale_number,s1_0.total_amount,s1_0.unit,s1_0.updated_at,s1_0.user_id,s1_0.weight from sales s1_0 where s1_0.user_id=? and s1_0.payment_status in (?,?)
2026-09-07T19:35:06.838+05:30 TRACE 22976 --- [FinanceManagementSystem] [http-nio-8080-exec-3] org.hibernate.orm.jdbc.bind              : binding parameter (1:BIGINT) <- [2]
2026-09-07T19:35:06.838+05:30 TRACE 22976 --- [FinanceManagementSystem] [http-nio-8080-exec-3] org.hibernate.orm.jdbc.bind              : binding parameter (2:ENUM) <- [PENDING]
2026-09-07T19:35:06.838+05:30 TRACE 22976 --- [FinanceManagementSystem] [http-nio-8080-exec-3] org.hibernate.orm.jdbc.bind              : binding parameter (3:ENUM) <- [PARTIALLY_PAID]
2026-09-07T19:35:06.840+05:30 DEBUG 22976 --- [FinanceManagementSystem] [http-nio-8080-exec-3] org.hibernate.SQL                        : select coalesce(sum(sp1_0.amount_received),0) from sale_payments sp1_0 where sp1_0.user_id=?
2026-09-07T19:35:06.840+05:30 TRACE 22976 --- [FinanceManagementSystem] [http-nio-8080-exec-3] org.hibernate.orm.jdbc.bind              : binding parameter (1:BIGINT) <- [2]
2026-09-07T19:35:06.841+05:30 DEBUG 22976 --- [FinanceManagementSystem] [http-nio-8080-exec-3] org.hibernate.SQL                        : select coalesce(sum(pp1_0.amount_paid),0) from purchase_payments pp1_0 where pp1_0.user_id=?
2026-09-07T19:35:06.841+05:30 TRACE 22976 --- [FinanceManagementSystem] [http-nio-8080-exec-3] org.hibernate.orm.jdbc.bind              : binding parameter (1:BIGINT) <- [2]
2026-09-07T19:35:06.842+05:30 DEBUG 22976 --- [FinanceManagementSystem] [http-nio-8080-exec-3] org.hibernate.SQL                        : select coalesce(sum(e1_0.amount),0) from expenses e1_0 where e1_0.user_id=? and e1_0.is_active=1 and (? is null or e1_0.expense_date>=?) and (? is null or e1_0.expense_date<=?)
2026-09-07T19:35:06.843+05:30 TRACE 22976 --- [FinanceManagementSystem] [http-nio-8080-exec-3] org.hibernate.orm.jdbc.bind              : binding parameter (1:BIGINT) <- [2]
2026-09-07T19:35:06.843+05:30 TRACE 22976 --- [FinanceManagementSystem] [http-nio-8080-exec-3] org.hibernate.orm.jdbc.bind              : binding parameter (2:DATE) <- [null]
2026-09-07T19:35:06.843+05:30 TRACE 22976 --- [FinanceManagementSystem] [http-nio-8080-exec-3] org.hibernate.orm.jdbc.bind              : binding parameter (3:DATE) <- [null]
2026-09-07T19:35:06.843+05:30 TRACE 22976 --- [FinanceManagementSystem] [http-nio-8080-exec-3] org.hibernate.orm.jdbc.bind              : binding parameter (4:DATE) <- [null]
2026-09-07T19:35:06.843+05:30 TRACE 22976 --- [FinanceManagementSystem] [http-nio-8080-exec-3] org.hibernate.orm.jdbc.bind              : binding parameter (5:DATE) <- [null]
2026-09-07T19:35:06.844+05:30 DEBUG 22976 --- [FinanceManagementSystem] [http-nio-8080-exec-3] org.hibernate.SQL                        : select coalesce(sum(ppw1_0.amount),0) from partner_profit_withdrawals ppw1_0 where ppw1_0.user_id=?
2026-09-07T19:35:06.844+05:30 TRACE 22976 --- [FinanceManagementSystem] [http-nio-8080-exec-3] org.hibernate.orm.jdbc.bind              : binding parameter (1:BIGINT) <- [2]
2026-09-07T19:35:06.845+05:30  INFO 22976 --- [FinanceManagementSystem] [http-nio-8080-exec-3] F.d.S.Implementations.ExpenseService     : SERVICE - request came in getTotalExpenses...
2026-09-07T19:35:06.846+05:30 DEBUG 22976 --- [FinanceManagementSystem] [http-nio-8080-exec-3] org.hibernate.SQL                        : SELECT * FROM users WHERE LOWER(TRIM(email)) = LOWER(TRIM(?))
2026-09-07T19:35:06.846+05:30 TRACE 22976 --- [FinanceManagementSystem] [http-nio-8080-exec-3] org.hibernate.orm.jdbc.bind              : binding parameter (1:VARCHAR) <- [bhavesh@gmail.com]
2026-09-07T19:35:06.847+05:30 DEBUG 22976 --- [FinanceManagementSystem] [http-nio-8080-exec-3] org.hibernate.SQL                        : select coalesce(sum(e1_0.amount),0) from expenses e1_0 where e1_0.user_id=? and e1_0.is_active=1 and (? is null or e1_0.expense_date>=?) and (? is null or e1_0.expense_date<=?)
2026-09-07T19:35:06.847+05:30 TRACE 22976 --- [FinanceManagementSystem] [http-nio-8080-exec-3] org.hibernate.orm.jdbc.bind              : binding parameter (1:BIGINT) <- [2]
2026-09-07T19:35:06.847+05:30 TRACE 22976 --- [FinanceManagementSystem] [http-nio-8080-exec-3] org.hibernate.orm.jdbc.bind              : binding parameter (2:DATE) <- [2026-09-01]
2026-09-07T19:35:06.848+05:30 TRACE 22976 --- [FinanceManagementSystem] [http-nio-8080-exec-3] org.hibernate.orm.jdbc.bind              : binding parameter (3:DATE) <- [2026-09-01]
2026-09-07T19:35:06.848+05:30 TRACE 22976 --- [FinanceManagementSystem] [http-nio-8080-exec-3] org.hibernate.orm.jdbc.bind              : binding parameter (4:DATE) <- [2026-09-07]
2026-09-07T19:35:06.848+05:30 TRACE 22976 --- [FinanceManagementSystem] [http-nio-8080-exec-3] org.hibernate.orm.jdbc.bind              : binding parameter (5:DATE) <- [2026-09-07]
2026-09-07T19:35:06.849+05:30  INFO 22976 --- [FinanceManagementSystem] [http-nio-8080-exec-3] F.d.S.Implementations.StockService       : SERVICE - request came in getLowStockList...
2026-09-07T19:35:06.849+05:30 DEBUG 22976 --- [FinanceManagementSystem] [http-nio-8080-exec-3] org.hibernate.SQL                        : SELECT * FROM users WHERE LOWER(TRIM(email)) = LOWER(TRIM(?))
2026-09-07T19:35:06.849+05:30 TRACE 22976 --- [FinanceManagementSystem] [http-nio-8080-exec-3] org.hibernate.orm.jdbc.bind              : binding parameter (1:VARCHAR) <- [bhavesh@gmail.com]
2026-09-07T19:35:06.851+05:30 DEBUG 22976 --- [FinanceManagementSystem] [http-nio-8080-exec-3] org.hibernate.SQL                        : select s1_0.id,s1_0.created_at,s1_0.current_quantity,s1_0.is_active,s1_0.minimum_stock_level,s1_0.public_id,s1_0.raw_material,s1_0.unit,s1_0.updated_at,s1_0.user_id,s1_0.version from stocks s1_0 where s1_0.user_id=?
2026-09-07T19:35:06.852+05:30 TRACE 22976 --- [FinanceManagementSystem] [http-nio-8080-exec-3] org.hibernate.orm.jdbc.bind              : binding parameter (1:BIGINT) <- [2]
2026-09-07T19:35:06.853+05:30 DEBUG 22976 --- [FinanceManagementSystem] [http-nio-8080-exec-3] org.hibernate.SQL                        : SELECT * FROM users WHERE LOWER(TRIM(email)) = LOWER(TRIM(?))
2026-09-07T19:35:06.854+05:30 TRACE 22976 --- [FinanceManagementSystem] [http-nio-8080-exec-3] org.hibernate.orm.jdbc.bind              : binding parameter (1:VARCHAR) <- [bhavesh@gmail.com]
2026-09-07T19:35:06.855+05:30 DEBUG 22976 --- [FinanceManagementSystem] [http-nio-8080-exec-3] org.hibernate.SQL                        : select pd1_0.id,pd1_0.created_at,pd1_0.from_date,pd1_0.net_profit,pd1_0.public_id,pd1_0.to_date,pd1_0.total_expenses,pd1_0.total_purchase_cost,pd1_0.total_revenue,pd1_0.updated_at,pd1_0.user_id from profit_distributions pd1_0 where pd1_0.user_id=? order by coalesce(pd1_0.updated_at,pd1_0.created_at) desc,pd1_0.id desc
2026-09-07T19:35:06.856+05:30 TRACE 22976 --- [FinanceManagementSystem] [http-nio-8080-exec-3] org.hibernate.orm.jdbc.bind              : binding parameter (1:BIGINT) <- [2]
2026-09-07T19:35:06.857+05:30 DEBUG 22976 --- [FinanceManagementSystem] [http-nio-8080-exec-3] org.hibernate.SQL                        : select s1_0.id,s1_0.amount,s1_0.created_at,s1_0.customer_id,s1_0.customer_invoice_number,s1_0.gst_amount,s1_0.gst_percentage,s1_0.payment_status,s1_0.public_id,s1_0.rate_per_unit,s1_0.raw_material,s1_0.sale_date,s1_0.sale_number,s1_0.total_amount,s1_0.unit,s1_0.updated_at,s1_0.user_id,s1_0.weight from sales s1_0 where s1_0.user_id=? and s1_0.sale_date between ? and ?
2026-09-07T19:35:06.858+05:30 TRACE 22976 --- [FinanceManagementSystem] [http-nio-8080-exec-3] org.hibernate.orm.jdbc.bind              : binding parameter (1:BIGINT) <- [2]
2026-09-07T19:35:06.858+05:30 TRACE 22976 --- [FinanceManagementSystem] [http-nio-8080-exec-3] org.hibernate.orm.jdbc.bind              : binding parameter (2:DATE) <- [2026-04-01]
2026-09-07T19:35:06.858+05:30 TRACE 22976 --- [FinanceManagementSystem] [http-nio-8080-exec-3] org.hibernate.orm.jdbc.bind              : binding parameter (3:DATE) <- [2026-04-30]
2026-09-07T19:35:06.860+05:30 DEBUG 22976 --- [FinanceManagementSystem] [http-nio-8080-exec-3] org.hibernate.SQL                        : select p1_0.id,p1_0.amount,p1_0.created_at,p1_0.gst_amount,p1_0.gst_percentage,p1_0.payment_status,p1_0.public_id,p1_0.purchase_date,p1_0.purchase_number,p1_0.purchase_status,p1_0.rate_per_unit,p1_0.raw_material,p1_0.supplier_id,p1_0.supplier_invoice_number,p1_0.total_amount,p1_0.unit,p1_0.updated_at,p1_0.user_id,p1_0.weight from purchases p1_0 where p1_0.user_id=? and p1_0.purchase_date between ? and ?
2026-09-07T19:35:06.860+05:30 TRACE 22976 --- [FinanceManagementSystem] [http-nio-8080-exec-3] org.hibernate.orm.jdbc.bind              : binding parameter (1:BIGINT) <- [2]
2026-09-07T19:35:06.860+05:30 TRACE 22976 --- [FinanceManagementSystem] [http-nio-8080-exec-3] org.hibernate.orm.jdbc.bind              : binding parameter (2:DATE) <- [2026-04-01]
2026-09-07T19:35:06.860+05:30 TRACE 22976 --- [FinanceManagementSystem] [http-nio-8080-exec-3] org.hibernate.orm.jdbc.bind              : binding parameter (3:DATE) <- [2026-04-30]
2026-09-07T19:35:06.862+05:30 DEBUG 22976 --- [FinanceManagementSystem] [http-nio-8080-exec-3] org.hibernate.SQL                        : select coalesce(sum(e1_0.amount),0) from expenses e1_0 where e1_0.user_id=? and e1_0.is_active=1 and (? is null or e1_0.expense_date>=?) and (? is null or e1_0.expense_date<=?)
2026-09-07T19:35:06.862+05:30 TRACE 22976 --- [FinanceManagementSystem] [http-nio-8080-exec-3] org.hibernate.orm.jdbc.bind              : binding parameter (1:BIGINT) <- [2]
2026-09-07T19:35:06.862+05:30 TRACE 22976 --- [FinanceManagementSystem] [http-nio-8080-exec-3] org.hibernate.orm.jdbc.bind              : binding parameter (2:DATE) <- [2026-04-01]
2026-09-07T19:35:06.862+05:30 TRACE 22976 --- [FinanceManagementSystem] [http-nio-8080-exec-3] org.hibernate.orm.jdbc.bind              : binding parameter (3:DATE) <- [2026-04-01]
2026-09-07T19:35:06.862+05:30 TRACE 22976 --- [FinanceManagementSystem] [http-nio-8080-exec-3] org.hibernate.orm.jdbc.bind              : binding parameter (4:DATE) <- [2026-04-30]
2026-09-07T19:35:06.862+05:30 TRACE 22976 --- [FinanceManagementSystem] [http-nio-8080-exec-3] org.hibernate.orm.jdbc.bind              : binding parameter (5:DATE) <- [2026-04-30]
2026-09-07T19:35:06.864+05:30 DEBUG 22976 --- [FinanceManagementSystem] [http-nio-8080-exec-3] org.hibernate.SQL                        : select s1_0.id,s1_0.amount,s1_0.created_at,s1_0.customer_id,s1_0.customer_invoice_number,s1_0.gst_amount,s1_0.gst_percentage,s1_0.payment_status,s1_0.public_id,s1_0.rate_per_unit,s1_0.raw_material,s1_0.sale_date,s1_0.sale_number,s1_0.total_amount,s1_0.unit,s1_0.updated_at,s1_0.user_id,s1_0.weight from sales s1_0 where s1_0.user_id=? and s1_0.sale_date between ? and ?
2026-09-07T19:35:06.864+05:30 TRACE 22976 --- [FinanceManagementSystem] [http-nio-8080-exec-3] org.hibernate.orm.jdbc.bind              : binding parameter (1:BIGINT) <- [2]
2026-09-07T19:35:06.864+05:30 TRACE 22976 --- [FinanceManagementSystem] [http-nio-8080-exec-3] org.hibernate.orm.jdbc.bind              : binding parameter (2:DATE) <- [2026-05-01]
2026-09-07T19:35:06.864+05:30 TRACE 22976 --- [FinanceManagementSystem] [http-nio-8080-exec-3] org.hibernate.orm.jdbc.bind              : binding parameter (3:DATE) <- [2026-05-31]
2026-09-07T19:35:06.866+05:30 DEBUG 22976 --- [FinanceManagementSystem] [http-nio-8080-exec-3] org.hibernate.SQL                        : select p1_0.id,p1_0.amount,p1_0.created_at,p1_0.gst_amount,p1_0.gst_percentage,p1_0.payment_status,p1_0.public_id,p1_0.purchase_date,p1_0.purchase_number,p1_0.purchase_status,p1_0.rate_per_unit,p1_0.raw_material,p1_0.supplier_id,p1_0.supplier_invoice_number,p1_0.total_amount,p1_0.unit,p1_0.updated_at,p1_0.user_id,p1_0.weight from purchases p1_0 where p1_0.user_id=? and p1_0.purchase_date between ? and ?
2026-09-07T19:35:06.866+05:30 TRACE 22976 --- [FinanceManagementSystem] [http-nio-8080-exec-3] org.hibernate.orm.jdbc.bind              : binding parameter (1:BIGINT) <- [2]
2026-09-07T19:35:06.866+05:30 TRACE 22976 --- [FinanceManagementSystem] [http-nio-8080-exec-3] org.hibernate.orm.jdbc.bind              : binding parameter (2:DATE) <- [2026-05-01]
2026-09-07T19:35:06.866+05:30 TRACE 22976 --- [FinanceManagementSystem] [http-nio-8080-exec-3] org.hibernate.orm.jdbc.bind              : binding parameter (3:DATE) <- [2026-05-31]
2026-09-07T19:35:06.868+05:30 DEBUG 22976 --- [FinanceManagementSystem] [http-nio-8080-exec-3] org.hibernate.SQL                        : select coalesce(sum(e1_0.amount),0) from expenses e1_0 where e1_0.user_id=? and e1_0.is_active=1 and (? is null or e1_0.expense_date>=?) and (? is null or e1_0.expense_date<=?)
2026-09-07T19:35:06.868+05:30 TRACE 22976 --- [FinanceManagementSystem] [http-nio-8080-exec-3] org.hibernate.orm.jdbc.bind              : binding parameter (1:BIGINT) <- [2]
2026-09-07T19:35:06.868+05:30 TRACE 22976 --- [FinanceManagementSystem] [http-nio-8080-exec-3] org.hibernate.orm.jdbc.bind              : binding parameter (2:DATE) <- [2026-05-01]
2026-09-07T19:35:06.868+05:30 TRACE 22976 --- [FinanceManagementSystem] [http-nio-8080-exec-3] org.hibernate.orm.jdbc.bind              : binding parameter (3:DATE) <- [2026-05-01]
2026-09-07T19:35:06.868+05:30 TRACE 22976 --- [FinanceManagementSystem] [http-nio-8080-exec-3] org.hibernate.orm.jdbc.bind              : binding parameter (4:DATE) <- [2026-05-31]
2026-09-07T19:35:06.868+05:30 TRACE 22976 --- [FinanceManagementSystem] [http-nio-8080-exec-3] org.hibernate.orm.jdbc.bind              : binding parameter (5:DATE) <- [2026-05-31]
2026-09-07T19:35:06.870+05:30 DEBUG 22976 --- [FinanceManagementSystem] [http-nio-8080-exec-3] org.hibernate.SQL                        : select s1_0.id,s1_0.amount,s1_0.created_at,s1_0.customer_id,s1_0.customer_invoice_number,s1_0.gst_amount,s1_0.gst_percentage,s1_0.payment_status,s1_0.public_id,s1_0.rate_per_unit,s1_0.raw_material,s1_0.sale_date,s1_0.sale_number,s1_0.total_amount,s1_0.unit,s1_0.updated_at,s1_0.user_id,s1_0.weight from sales s1_0 where s1_0.user_id=? and s1_0.sale_date between ? and ?
2026-09-07T19:35:06.871+05:30 TRACE 22976 --- [FinanceManagementSystem] [http-nio-8080-exec-3] org.hibernate.orm.jdbc.bind              : binding parameter (1:BIGINT) <- [2]
2026-09-07T19:35:06.871+05:30 TRACE 22976 --- [FinanceManagementSystem] [http-nio-8080-exec-3] org.hibernate.orm.jdbc.bind              : binding parameter (2:DATE) <- [2026-06-01]
2026-09-07T19:35:06.871+05:30 TRACE 22976 --- [FinanceManagementSystem] [http-nio-8080-exec-3] org.hibernate.orm.jdbc.bind              : binding parameter (3:DATE) <- [2026-06-30]
2026-09-07T19:35:06.873+05:30 DEBUG 22976 --- [FinanceManagementSystem] [http-nio-8080-exec-3] org.hibernate.SQL                        : select p1_0.id,p1_0.amount,p1_0.created_at,p1_0.gst_amount,p1_0.gst_percentage,p1_0.payment_status,p1_0.public_id,p1_0.purchase_date,p1_0.purchase_number,p1_0.purchase_status,p1_0.rate_per_unit,p1_0.raw_material,p1_0.supplier_id,p1_0.supplier_invoice_number,p1_0.total_amount,p1_0.unit,p1_0.updated_at,p1_0.user_id,p1_0.weight from purchases p1_0 where p1_0.user_id=? and p1_0.purchase_date between ? and ?
2026-09-07T19:35:06.873+05:30 TRACE 22976 --- [FinanceManagementSystem] [http-nio-8080-exec-3] org.hibernate.orm.jdbc.bind              : binding parameter (1:BIGINT) <- [2]
2026-09-07T19:35:06.873+05:30 TRACE 22976 --- [FinanceManagementSystem] [http-nio-8080-exec-3] org.hibernate.orm.jdbc.bind              : binding parameter (2:DATE) <- [2026-06-01]
2026-09-07T19:35:06.873+05:30 TRACE 22976 --- [FinanceManagementSystem] [http-nio-8080-exec-3] org.hibernate.orm.jdbc.bind              : binding parameter (3:DATE) <- [2026-06-30]
2026-09-07T19:35:06.874+05:30 DEBUG 22976 --- [FinanceManagementSystem] [http-nio-8080-exec-3] org.hibernate.SQL                        : select coalesce(sum(e1_0.amount),0) from expenses e1_0 where e1_0.user_id=? and e1_0.is_active=1 and (? is null or e1_0.expense_date>=?) and (? is null or e1_0.expense_date<=?)
2026-09-07T19:35:06.875+05:30 TRACE 22976 --- [FinanceManagementSystem] [http-nio-8080-exec-3] org.hibernate.orm.jdbc.bind              : binding parameter (1:BIGINT) <- [2]
2026-09-07T19:35:06.875+05:30 TRACE 22976 --- [FinanceManagementSystem] [http-nio-8080-exec-3] org.hibernate.orm.jdbc.bind              : binding parameter (2:DATE) <- [2026-06-01]
2026-09-07T19:35:06.875+05:30 TRACE 22976 --- [FinanceManagementSystem] [http-nio-8080-exec-3] org.hibernate.orm.jdbc.bind              : binding parameter (3:DATE) <- [2026-06-01]
2026-09-07T19:35:06.875+05:30 TRACE 22976 --- [FinanceManagementSystem] [http-nio-8080-exec-3] org.hibernate.orm.jdbc.bind              : binding parameter (4:DATE) <- [2026-06-30]
2026-09-07T19:35:06.875+05:30 TRACE 22976 --- [FinanceManagementSystem] [http-nio-8080-exec-3] org.hibernate.orm.jdbc.bind              : binding parameter (5:DATE) <- [2026-06-30]
2026-09-07T19:35:06.877+05:30 DEBUG 22976 --- [FinanceManagementSystem] [http-nio-8080-exec-3] org.hibernate.SQL                        : select s1_0.id,s1_0.amount,s1_0.created_at,s1_0.customer_id,s1_0.customer_invoice_number,s1_0.gst_amount,s1_0.gst_percentage,s1_0.payment_status,s1_0.public_id,s1_0.rate_per_unit,s1_0.raw_material,s1_0.sale_date,s1_0.sale_number,s1_0.total_amount,s1_0.unit,s1_0.updated_at,s1_0.user_id,s1_0.weight from sales s1_0 where s1_0.user_id=? and s1_0.sale_date between ? and ?
2026-09-07T19:35:06.877+05:30 TRACE 22976 --- [FinanceManagementSystem] [http-nio-8080-exec-3] org.hibernate.orm.jdbc.bind              : binding parameter (1:BIGINT) <- [2]
2026-09-07T19:35:06.877+05:30 TRACE 22976 --- [FinanceManagementSystem] [http-nio-8080-exec-3] org.hibernate.orm.jdbc.bind              : binding parameter (2:DATE) <- [2026-07-01]
2026-09-07T19:35:06.877+05:30 TRACE 22976 --- [FinanceManagementSystem] [http-nio-8080-exec-3] org.hibernate.orm.jdbc.bind              : binding parameter (3:DATE) <- [2026-07-31]
2026-09-07T19:35:06.879+05:30 DEBUG 22976 --- [FinanceManagementSystem] [http-nio-8080-exec-3] org.hibernate.SQL                        : select p1_0.id,p1_0.amount,p1_0.created_at,p1_0.gst_amount,p1_0.gst_percentage,p1_0.payment_status,p1_0.public_id,p1_0.purchase_date,p1_0.purchase_number,p1_0.purchase_status,p1_0.rate_per_unit,p1_0.raw_material,p1_0.supplier_id,p1_0.supplier_invoice_number,p1_0.total_amount,p1_0.unit,p1_0.updated_at,p1_0.user_id,p1_0.weight from purchases p1_0 where p1_0.user_id=? and p1_0.purchase_date between ? and ?
2026-09-07T19:35:06.879+05:30 TRACE 22976 --- [FinanceManagementSystem] [http-nio-8080-exec-3] org.hibernate.orm.jdbc.bind              : binding parameter (1:BIGINT) <- [2]
2026-09-07T19:35:06.879+05:30 TRACE 22976 --- [FinanceManagementSystem] [http-nio-8080-exec-3] org.hibernate.orm.jdbc.bind              : binding parameter (2:DATE) <- [2026-07-01]
2026-09-07T19:35:06.880+05:30 TRACE 22976 --- [FinanceManagementSystem] [http-nio-8080-exec-3] org.hibernate.orm.jdbc.bind              : binding parameter (3:DATE) <- [2026-07-31]
2026-09-07T19:35:06.881+05:30 DEBUG 22976 --- [FinanceManagementSystem] [http-nio-8080-exec-3] org.hibernate.SQL                        : select coalesce(sum(e1_0.amount),0) from expenses e1_0 where e1_0.user_id=? and e1_0.is_active=1 and (? is null or e1_0.expense_date>=?) and (? is null or e1_0.expense_date<=?)
2026-09-07T19:35:06.881+05:30 TRACE 22976 --- [FinanceManagementSystem] [http-nio-8080-exec-3] org.hibernate.orm.jdbc.bind              : binding parameter (1:BIGINT) <- [2]
2026-09-07T19:35:06.881+05:30 TRACE 22976 --- [FinanceManagementSystem] [http-nio-8080-exec-3] org.hibernate.orm.jdbc.bind              : binding parameter (2:DATE) <- [2026-07-01]
2026-09-07T19:35:06.881+05:30 TRACE 22976 --- [FinanceManagementSystem] [http-nio-8080-exec-3] org.hibernate.orm.jdbc.bind              : binding parameter (3:DATE) <- [2026-07-01]
2026-09-07T19:35:06.881+05:30 TRACE 22976 --- [FinanceManagementSystem] [http-nio-8080-exec-3] org.hibernate.orm.jdbc.bind              : binding parameter (4:DATE) <- [2026-07-31]
2026-09-07T19:35:06.881+05:30 TRACE 22976 --- [FinanceManagementSystem] [http-nio-8080-exec-3] org.hibernate.orm.jdbc.bind              : binding parameter (5:DATE) <- [2026-07-31]
2026-09-07T19:35:06.883+05:30 DEBUG 22976 --- [FinanceManagementSystem] [http-nio-8080-exec-3] org.hibernate.SQL                        : select s1_0.id,s1_0.amount,s1_0.created_at,s1_0.customer_id,s1_0.customer_invoice_number,s1_0.gst_amount,s1_0.gst_percentage,s1_0.payment_status,s1_0.public_id,s1_0.rate_per_unit,s1_0.raw_material,s1_0.sale_date,s1_0.sale_number,s1_0.total_amount,s1_0.unit,s1_0.updated_at,s1_0.user_id,s1_0.weight from sales s1_0 where s1_0.user_id=? and s1_0.sale_date between ? and ?
2026-09-07T19:35:06.883+05:30 TRACE 22976 --- [FinanceManagementSystem] [http-nio-8080-exec-3] org.hibernate.orm.jdbc.bind              : binding parameter (1:BIGINT) <- [2]
2026-09-07T19:35:06.883+05:30 TRACE 22976 --- [FinanceManagementSystem] [http-nio-8080-exec-3] org.hibernate.orm.jdbc.bind              : binding parameter (2:DATE) <- [2026-08-01]
2026-09-07T19:35:06.884+05:30 TRACE 22976 --- [FinanceManagementSystem] [http-nio-8080-exec-3] org.hibernate.orm.jdbc.bind              : binding parameter (3:DATE) <- [2026-08-31]
2026-09-07T19:35:06.885+05:30 DEBUG 22976 --- [FinanceManagementSystem] [http-nio-8080-exec-3] org.hibernate.SQL                        : select p1_0.id,p1_0.amount,p1_0.created_at,p1_0.gst_amount,p1_0.gst_percentage,p1_0.payment_status,p1_0.public_id,p1_0.purchase_date,p1_0.purchase_number,p1_0.purchase_status,p1_0.rate_per_unit,p1_0.raw_material,p1_0.supplier_id,p1_0.supplier_invoice_number,p1_0.total_amount,p1_0.unit,p1_0.updated_at,p1_0.user_id,p1_0.weight from purchases p1_0 where p1_0.user_id=? and p1_0.purchase_date between ? and ?
2026-09-07T19:35:06.886+05:30 TRACE 22976 --- [FinanceManagementSystem] [http-nio-8080-exec-3] org.hibernate.orm.jdbc.bind              : binding parameter (1:BIGINT) <- [2]
2026-09-07T19:35:06.886+05:30 TRACE 22976 --- [FinanceManagementSystem] [http-nio-8080-exec-3] org.hibernate.orm.jdbc.bind              : binding parameter (2:DATE) <- [2026-08-01]
2026-09-07T19:35:06.886+05:30 TRACE 22976 --- [FinanceManagementSystem] [http-nio-8080-exec-3] org.hibernate.orm.jdbc.bind              : binding parameter (3:DATE) <- [2026-08-31]
2026-09-07T19:35:06.887+05:30 DEBUG 22976 --- [FinanceManagementSystem] [http-nio-8080-exec-3] org.hibernate.SQL                        : select coalesce(sum(e1_0.amount),0) from expenses e1_0 where e1_0.user_id=? and e1_0.is_active=1 and (? is null or e1_0.expense_date>=?) and (? is null or e1_0.expense_date<=?)
2026-09-07T19:35:06.887+05:30 TRACE 22976 --- [FinanceManagementSystem] [http-nio-8080-exec-3] org.hibernate.orm.jdbc.bind              : binding parameter (1:BIGINT) <- [2]
2026-09-07T19:35:06.887+05:30 TRACE 22976 --- [FinanceManagementSystem] [http-nio-8080-exec-3] org.hibernate.orm.jdbc.bind              : binding parameter (2:DATE) <- [2026-08-01]
2026-09-07T19:35:06.887+05:30 TRACE 22976 --- [FinanceManagementSystem] [http-nio-8080-exec-3] org.hibernate.orm.jdbc.bind              : binding parameter (3:DATE) <- [2026-08-01]
2026-09-07T19:35:06.887+05:30 TRACE 22976 --- [FinanceManagementSystem] [http-nio-8080-exec-3] org.hibernate.orm.jdbc.bind              : binding parameter (4:DATE) <- [2026-08-31]
2026-09-07T19:35:06.887+05:30 TRACE 22976 --- [FinanceManagementSystem] [http-nio-8080-exec-3] org.hibernate.orm.jdbc.bind              : binding parameter (5:DATE) <- [2026-08-31]
2026-09-07T19:35:06.892+05:30 DEBUG 22976 --- [FinanceManagementSystem] [http-nio-8080-exec-3] org.hibernate.SQL                        : select s1_0.id,s1_0.amount,s1_0.created_at,s1_0.customer_id,s1_0.customer_invoice_number,s1_0.gst_amount,s1_0.gst_percentage,s1_0.payment_status,s1_0.public_id,s1_0.rate_per_unit,s1_0.raw_material,s1_0.sale_date,s1_0.sale_number,s1_0.total_amount,s1_0.unit,s1_0.updated_at,s1_0.user_id,s1_0.weight from sales s1_0 where s1_0.user_id=? and s1_0.sale_date between ? and ?
2026-09-07T19:35:06.893+05:30 TRACE 22976 --- [FinanceManagementSystem] [http-nio-8080-exec-3] org.hibernate.orm.jdbc.bind              : binding parameter (1:BIGINT) <- [2]
2026-09-07T19:35:06.893+05:30 TRACE 22976 --- [FinanceManagementSystem] [http-nio-8080-exec-3] org.hibernate.orm.jdbc.bind              : binding parameter (2:DATE) <- [2026-09-01]
2026-09-07T19:35:06.893+05:30 TRACE 22976 --- [FinanceManagementSystem] [http-nio-8080-exec-3] org.hibernate.orm.jdbc.bind              : binding parameter (3:DATE) <- [2026-09-30]
2026-09-07T19:35:06.895+05:30 DEBUG 22976 --- [FinanceManagementSystem] [http-nio-8080-exec-3] org.hibernate.SQL                        : select p1_0.id,p1_0.amount,p1_0.created_at,p1_0.gst_amount,p1_0.gst_percentage,p1_0.payment_status,p1_0.public_id,p1_0.purchase_date,p1_0.purchase_number,p1_0.purchase_status,p1_0.rate_per_unit,p1_0.raw_material,p1_0.supplier_id,p1_0.supplier_invoice_number,p1_0.total_amount,p1_0.unit,p1_0.updated_at,p1_0.user_id,p1_0.weight from purchases p1_0 where p1_0.user_id=? and p1_0.purchase_date between ? and ?
2026-09-07T19:35:06.895+05:30 TRACE 22976 --- [FinanceManagementSystem] [http-nio-8080-exec-3] org.hibernate.orm.jdbc.bind              : binding parameter (1:BIGINT) <- [2]
2026-09-07T19:35:06.895+05:30 TRACE 22976 --- [FinanceManagementSystem] [http-nio-8080-exec-3] org.hibernate.orm.jdbc.bind              : binding parameter (2:DATE) <- [2026-09-01]
2026-09-07T19:35:06.895+05:30 TRACE 22976 --- [FinanceManagementSystem] [http-nio-8080-exec-3] org.hibernate.orm.jdbc.bind              : binding parameter (3:DATE) <- [2026-09-30]
2026-09-07T19:35:06.897+05:30 DEBUG 22976 --- [FinanceManagementSystem] [http-nio-8080-exec-3] org.hibernate.SQL                        : select coalesce(sum(e1_0.amount),0) from expenses e1_0 where e1_0.user_id=? and e1_0.is_active=1 and (? is null or e1_0.expense_date>=?) and (? is null or e1_0.expense_date<=?)
2026-09-07T19:35:06.897+05:30 TRACE 22976 --- [FinanceManagementSystem] [http-nio-8080-exec-3] org.hibernate.orm.jdbc.bind              : binding parameter (1:BIGINT) <- [2]
2026-09-07T19:35:06.897+05:30 TRACE 22976 --- [FinanceManagementSystem] [http-nio-8080-exec-3] org.hibernate.orm.jdbc.bind              : binding parameter (2:DATE) <- [2026-09-01]
2026-09-07T19:35:06.897+05:30 TRACE 22976 --- [FinanceManagementSystem] [http-nio-8080-exec-3] org.hibernate.orm.jdbc.bind              : binding parameter (3:DATE) <- [2026-09-01]
2026-09-07T19:35:06.897+05:30 TRACE 22976 --- [FinanceManagementSystem] [http-nio-8080-exec-3] org.hibernate.orm.jdbc.bind              : binding parameter (4:DATE) <- [2026-09-30]
2026-09-07T19:35:06.897+05:30 TRACE 22976 --- [FinanceManagementSystem] [http-nio-8080-exec-3] org.hibernate.orm.jdbc.bind              : binding parameter (5:DATE) <- [2026-09-30]
2026-09-07T19:35:06.899+05:30 DEBUG 22976 --- [FinanceManagementSystem] [http-nio-8080-exec-3] org.hibernate.SQL                        : select s1_0.id,s1_0.amount,s1_0.created_at,s1_0.customer_id,s1_0.customer_invoice_number,s1_0.gst_amount,s1_0.gst_percentage,s1_0.payment_status,s1_0.public_id,s1_0.rate_per_unit,s1_0.raw_material,s1_0.sale_date,s1_0.sale_number,s1_0.total_amount,s1_0.unit,s1_0.updated_at,s1_0.user_id,s1_0.weight from sales s1_0 where s1_0.user_id=? order by s1_0.sale_date desc,s1_0.id desc limit ?
2026-09-07T19:35:06.899+05:30 TRACE 22976 --- [FinanceManagementSystem] [http-nio-8080-exec-3] org.hibernate.orm.jdbc.bind              : binding parameter (1:BIGINT) <- [2]
2026-09-07T19:35:06.900+05:30 TRACE 22976 --- [FinanceManagementSystem] [http-nio-8080-exec-3] org.hibernate.orm.jdbc.bind              : binding parameter (2:INTEGER) <- [5]
2026-09-07T19:35:06.902+05:30 DEBUG 22976 --- [FinanceManagementSystem] [http-nio-8080-exec-3] org.hibernate.SQL                        : select p1_0.id,p1_0.amount,p1_0.created_at,p1_0.gst_amount,p1_0.gst_percentage,p1_0.payment_status,p1_0.public_id,p1_0.purchase_date,p1_0.purchase_number,p1_0.purchase_status,p1_0.rate_per_unit,p1_0.raw_material,p1_0.supplier_id,p1_0.supplier_invoice_number,p1_0.total_amount,p1_0.unit,p1_0.updated_at,p1_0.user_id,p1_0.weight from purchases p1_0 where p1_0.user_id=? order by p1_0.purchase_date desc,p1_0.id desc limit ?
2026-09-07T19:35:06.902+05:30 TRACE 22976 --- [FinanceManagementSystem] [http-nio-8080-exec-3] org.hibernate.orm.jdbc.bind              : binding parameter (1:BIGINT) <- [2]
2026-09-07T19:35:06.902+05:30 TRACE 22976 --- [FinanceManagementSystem] [http-nio-8080-exec-3] org.hibernate.orm.jdbc.bind              : binding parameter (2:INTEGER) <- [5]
2026-09-07T19:35:06.904+05:30 DEBUG 22976 --- [FinanceManagementSystem] [http-nio-8080-exec-3] org.hibernate.SQL                        : select s1_0.id,a1_0.id,a1_0.address_line_1,a1_0.address_line_2,a1_0.city,a1_0.country,a1_0.created_at,a1_0.pincode,a1_0.state,a1_0.supplier_id,a1_0.updated_at,s1_0.alternate_mobile_number,s1_0.contact_person,s1_0.created_at,s1_0.email,s1_0.gst_number,s1_0.is_active,s1_0.mobile_number,s1_0.opening_balance,s1_0.payment_terms,s1_0.public_id,s1_0.supplier_name,s1_0.updated_at,s1_0.user_id from suppliers s1_0 left join supplier_address a1_0 on s1_0.id=a1_0.supplier_id where s1_0.id=?
2026-09-07T19:35:06.904+05:30 TRACE 22976 --- [FinanceManagementSystem] [http-nio-8080-exec-3] org.hibernate.orm.jdbc.bind              : binding parameter (1:BIGINT) <- [1]
2026-09-07T19:35:06.906+05:30 DEBUG 22976 --- [FinanceManagementSystem] [http-nio-8080-exec-3] org.hibernate.SQL                        : select e1_0.id,e1_0.amount,e1_0.category,e1_0.created_at,e1_0.description,e1_0.expense_date,e1_0.expense_number,e1_0.is_active,e1_0.payment_mode,e1_0.public_id,e1_0.reference_number,e1_0.remarks,e1_0.updated_at,e1_0.user_id from expenses e1_0 where e1_0.user_id=? and e1_0.is_active order by e1_0.expense_date desc limit ?
2026-09-07T19:35:06.906+05:30 TRACE 22976 --- [FinanceManagementSystem] [http-nio-8080-exec-3] org.hibernate.orm.jdbc.bind              : binding parameter (1:BIGINT) <- [2]
2026-09-07T19:35:06.906+05:30 TRACE 22976 --- [FinanceManagementSystem] [http-nio-8080-exec-3] org.hibernate.orm.jdbc.bind              : binding parameter (2:INTEGER) <- [5]
2026-09-07T19:35:06.909+05:30 DEBUG 22976 --- [FinanceManagementSystem] [http-nio-8080-exec-3] org.hibernate.SQL                        : select count(e1_0.id) from expenses e1_0 where e1_0.user_id=? and e1_0.is_active
2026-09-07T19:35:06.909+05:30 TRACE 22976 --- [FinanceManagementSystem] [http-nio-8080-exec-3] org.hibernate.orm.jdbc.bind              : binding parameter (1:BIGINT) <- [2]
2026-09-07T19:35:26.945+05:30 DEBUG 22976 --- [FinanceManagementSystem] [http-nio-8080-exec-6] org.hibernate.SQL                        : SELECT * FROM users WHERE LOWER(TRIM(email)) = LOWER(TRIM(?))
2026-09-07T19:35:26.946+05:30 TRACE 22976 --- [FinanceManagementSystem] [http-nio-8080-exec-6] org.hibernate.orm.jdbc.bind              : binding parameter (1:VARCHAR) <- [bhavesh@gmail.com]
2026-09-07T19:35:26.958+05:30 DEBUG 22976 --- [FinanceManagementSystem] [http-nio-8080-exec-6] org.hibernate.SQL                        : select ua1_0.id,ua1_0.area,ua1_0.city,ua1_0.country,ua1_0.created_at,ua1_0.house_no,ua1_0.pincode,ua1_0.society_name,ua1_0.state,ua1_0.updated_at,ua1_0.user_id from user_address ua1_0 where ua1_0.user_id=?
2026-09-07T19:35:26.959+05:30 TRACE 22976 --- [FinanceManagementSystem] [http-nio-8080-exec-6] org.hibernate.orm.jdbc.bind              : binding parameter (1:BIGINT) <- [2]
2026-09-07T19:35:26.964+05:30  INFO 22976 --- [FinanceManagementSystem] [http-nio-8080-exec-6] F.d.Security.CustomUserDetailsService    : CustomUserDetailsService - User loaded successfully: bhavesh@gmail.com
2026-09-07T19:35:26.974+05:30  INFO 22976 --- [FinanceManagementSystem] [http-nio-8080-exec-6] F.demo.Security.JwtUtil                  : JwtUtil - JWT token validation successful for user: bhavesh@gmail.com
2026-09-07T19:35:26.974+05:30  INFO 22976 --- [FinanceManagementSystem] [http-nio-8080-exec-6] F.demo.Security.JwtFilter                : JwtFilter - JWT validated successfully for user: bhavesh@gmail.com
2026-09-07T19:35:26.976+05:30  INFO 22976 --- [FinanceManagementSystem] [http-nio-8080-exec-6] F.demo.Controller.DashboardController    : CONTROLLER - request came in getDashboardSummary...
2026-09-07T19:35:26.978+05:30  INFO 22976 --- [FinanceManagementSystem] [http-nio-8080-exec-6] F.d.S.Implementations.DashboardService   : SERVICE - request came in getDashboardSummary...
2026-09-07T19:35:26.979+05:30 DEBUG 22976 --- [FinanceManagementSystem] [http-nio-8080-exec-6] org.hibernate.SQL                        : SELECT * FROM users WHERE LOWER(TRIM(email)) = LOWER(TRIM(?))
2026-09-07T19:35:26.979+05:30 TRACE 22976 --- [FinanceManagementSystem] [http-nio-8080-exec-6] org.hibernate.orm.jdbc.bind              : binding parameter (1:VARCHAR) <- [bhavesh@gmail.com]
2026-09-07T19:35:26.981+05:30 DEBUG 22976 --- [FinanceManagementSystem] [http-nio-8080-exec-6] org.hibernate.SQL                        : select ua1_0.id,ua1_0.area,ua1_0.city,ua1_0.country,ua1_0.created_at,ua1_0.house_no,ua1_0.pincode,ua1_0.society_name,ua1_0.state,ua1_0.updated_at,ua1_0.user_id from user_address ua1_0 where ua1_0.user_id=?
2026-09-07T19:35:26.982+05:30 TRACE 22976 --- [FinanceManagementSystem] [http-nio-8080-exec-6] org.hibernate.orm.jdbc.bind              : binding parameter (1:BIGINT) <- [2]
2026-09-07T19:35:26.984+05:30  INFO 22976 --- [FinanceManagementSystem] [http-nio-8080-exec-6] F.d.S.I.PurchasePaymentService           : SERVICE - request came in getTotalOutstandingAmount...
2026-09-07T19:35:26.985+05:30 DEBUG 22976 --- [FinanceManagementSystem] [http-nio-8080-exec-6] org.hibernate.SQL                        : SELECT * FROM users WHERE LOWER(TRIM(email)) = LOWER(TRIM(?))
2026-09-07T19:35:26.985+05:30 TRACE 22976 --- [FinanceManagementSystem] [http-nio-8080-exec-6] org.hibernate.orm.jdbc.bind              : binding parameter (1:VARCHAR) <- [bhavesh@gmail.com]
2026-09-07T19:35:26.988+05:30 DEBUG 22976 --- [FinanceManagementSystem] [http-nio-8080-exec-6] org.hibernate.SQL                        : select p1_0.id,p1_0.amount,p1_0.created_at,p1_0.gst_amount,p1_0.gst_percentage,p1_0.payment_status,p1_0.public_id,p1_0.purchase_date,p1_0.purchase_number,p1_0.purchase_status,p1_0.rate_per_unit,p1_0.raw_material,p1_0.supplier_id,p1_0.supplier_invoice_number,p1_0.total_amount,p1_0.unit,p1_0.updated_at,p1_0.user_id,p1_0.weight from purchases p1_0 where p1_0.user_id=? and p1_0.payment_status in (?,?)
2026-09-07T19:35:26.989+05:30 TRACE 22976 --- [FinanceManagementSystem] [http-nio-8080-exec-6] org.hibernate.orm.jdbc.bind              : binding parameter (1:BIGINT) <- [2]
2026-09-07T19:35:26.989+05:30 TRACE 22976 --- [FinanceManagementSystem] [http-nio-8080-exec-6] org.hibernate.orm.jdbc.bind              : binding parameter (2:ENUM) <- [PENDING]
2026-09-07T19:35:26.989+05:30 TRACE 22976 --- [FinanceManagementSystem] [http-nio-8080-exec-6] org.hibernate.orm.jdbc.bind              : binding parameter (3:ENUM) <- [PARTIALLY_PAID]
2026-09-07T19:35:26.997+05:30  INFO 22976 --- [FinanceManagementSystem] [http-nio-8080-exec-6] F.d.S.I.SalePaymentService               : SERVICE - request came in getTotalReceivableAmount...
2026-09-07T19:35:26.998+05:30 DEBUG 22976 --- [FinanceManagementSystem] [http-nio-8080-exec-6] org.hibernate.SQL                        : SELECT * FROM users WHERE LOWER(TRIM(email)) = LOWER(TRIM(?))
2026-09-07T19:35:26.998+05:30 TRACE 22976 --- [FinanceManagementSystem] [http-nio-8080-exec-6] org.hibernate.orm.jdbc.bind              : binding parameter (1:VARCHAR) <- [bhavesh@gmail.com]
2026-09-07T19:35:27.002+05:30 DEBUG 22976 --- [FinanceManagementSystem] [http-nio-8080-exec-6] org.hibernate.SQL                        : select s1_0.id,s1_0.amount,s1_0.created_at,s1_0.customer_id,s1_0.customer_invoice_number,s1_0.gst_amount,s1_0.gst_percentage,s1_0.payment_status,s1_0.public_id,s1_0.rate_per_unit,s1_0.raw_material,s1_0.sale_date,s1_0.sale_number,s1_0.total_amount,s1_0.unit,s1_0.updated_at,s1_0.user_id,s1_0.weight from sales s1_0 where s1_0.user_id=? and s1_0.payment_status in (?,?)
2026-09-07T19:35:27.002+05:30 TRACE 22976 --- [FinanceManagementSystem] [http-nio-8080-exec-6] org.hibernate.orm.jdbc.bind              : binding parameter (1:BIGINT) <- [2]
2026-09-07T19:35:27.003+05:30 TRACE 22976 --- [FinanceManagementSystem] [http-nio-8080-exec-6] org.hibernate.orm.jdbc.bind              : binding parameter (2:ENUM) <- [PENDING]
2026-09-07T19:35:27.003+05:30 TRACE 22976 --- [FinanceManagementSystem] [http-nio-8080-exec-6] org.hibernate.orm.jdbc.bind              : binding parameter (3:ENUM) <- [PARTIALLY_PAID]
2026-09-07T19:35:27.007+05:30 DEBUG 22976 --- [FinanceManagementSystem] [http-nio-8080-exec-6] org.hibernate.SQL                        : select coalesce(sum(sp1_0.amount_received),0) from sale_payments sp1_0 where sp1_0.user_id=?
2026-09-07T19:35:27.008+05:30 TRACE 22976 --- [FinanceManagementSystem] [http-nio-8080-exec-6] org.hibernate.orm.jdbc.bind              : binding parameter (1:BIGINT) <- [2]
2026-09-07T19:35:27.013+05:30 DEBUG 22976 --- [FinanceManagementSystem] [http-nio-8080-exec-6] org.hibernate.SQL                        : select coalesce(sum(pp1_0.amount_paid),0) from purchase_payments pp1_0 where pp1_0.user_id=?
2026-09-07T19:35:27.013+05:30 TRACE 22976 --- [FinanceManagementSystem] [http-nio-8080-exec-6] org.hibernate.orm.jdbc.bind              : binding parameter (1:BIGINT) <- [2]
2026-09-07T19:35:27.017+05:30 DEBUG 22976 --- [FinanceManagementSystem] [http-nio-8080-exec-6] org.hibernate.SQL                        : select coalesce(sum(e1_0.amount),0) from expenses e1_0 where e1_0.user_id=? and e1_0.is_active=1 and (? is null or e1_0.expense_date>=?) and (? is null or e1_0.expense_date<=?)
2026-09-07T19:35:27.017+05:30 TRACE 22976 --- [FinanceManagementSystem] [http-nio-8080-exec-6] org.hibernate.orm.jdbc.bind              : binding parameter (1:BIGINT) <- [2]
2026-09-07T19:35:27.017+05:30 TRACE 22976 --- [FinanceManagementSystem] [http-nio-8080-exec-6] org.hibernate.orm.jdbc.bind              : binding parameter (2:DATE) <- [null]
2026-09-07T19:35:27.018+05:30 TRACE 22976 --- [FinanceManagementSystem] [http-nio-8080-exec-6] org.hibernate.orm.jdbc.bind              : binding parameter (3:DATE) <- [null]
2026-09-07T19:35:27.018+05:30 TRACE 22976 --- [FinanceManagementSystem] [http-nio-8080-exec-6] org.hibernate.orm.jdbc.bind              : binding parameter (4:DATE) <- [null]
2026-09-07T19:35:27.018+05:30 TRACE 22976 --- [FinanceManagementSystem] [http-nio-8080-exec-6] org.hibernate.orm.jdbc.bind              : binding parameter (5:DATE) <- [null]
2026-09-07T19:35:27.022+05:30 DEBUG 22976 --- [FinanceManagementSystem] [http-nio-8080-exec-6] org.hibernate.SQL                        : select coalesce(sum(ppw1_0.amount),0) from partner_profit_withdrawals ppw1_0 where ppw1_0.user_id=?
2026-09-07T19:35:27.023+05:30 TRACE 22976 --- [FinanceManagementSystem] [http-nio-8080-exec-6] org.hibernate.orm.jdbc.bind              : binding parameter (1:BIGINT) <- [2]
2026-09-07T19:35:27.030+05:30  INFO 22976 --- [FinanceManagementSystem] [http-nio-8080-exec-6] F.d.S.Implementations.ExpenseService     : SERVICE - request came in getTotalExpenses...
2026-09-07T19:35:27.031+05:30 DEBUG 22976 --- [FinanceManagementSystem] [http-nio-8080-exec-6] org.hibernate.SQL                        : SELECT * FROM users WHERE LOWER(TRIM(email)) = LOWER(TRIM(?))
2026-09-07T19:35:27.031+05:30 TRACE 22976 --- [FinanceManagementSystem] [http-nio-8080-exec-6] org.hibernate.orm.jdbc.bind              : binding parameter (1:VARCHAR) <- [bhavesh@gmail.com]
2026-09-07T19:35:27.033+05:30 DEBUG 22976 --- [FinanceManagementSystem] [http-nio-8080-exec-6] org.hibernate.SQL                        : select coalesce(sum(e1_0.amount),0) from expenses e1_0 where e1_0.user_id=? and e1_0.is_active=1 and (? is null or e1_0.expense_date>=?) and (? is null or e1_0.expense_date<=?)
2026-09-07T19:35:27.034+05:30 TRACE 22976 --- [FinanceManagementSystem] [http-nio-8080-exec-6] org.hibernate.orm.jdbc.bind              : binding parameter (1:BIGINT) <- [2]
2026-09-07T19:35:27.034+05:30 TRACE 22976 --- [FinanceManagementSystem] [http-nio-8080-exec-6] org.hibernate.orm.jdbc.bind              : binding parameter (2:DATE) <- [2026-09-01]
2026-09-07T19:35:27.034+05:30 TRACE 22976 --- [FinanceManagementSystem] [http-nio-8080-exec-6] org.hibernate.orm.jdbc.bind              : binding parameter (3:DATE) <- [2026-09-01]
2026-09-07T19:35:27.034+05:30 TRACE 22976 --- [FinanceManagementSystem] [http-nio-8080-exec-6] org.hibernate.orm.jdbc.bind              : binding parameter (4:DATE) <- [2026-09-07]
2026-09-07T19:35:27.034+05:30 TRACE 22976 --- [FinanceManagementSystem] [http-nio-8080-exec-6] org.hibernate.orm.jdbc.bind              : binding parameter (5:DATE) <- [2026-09-07]
2026-09-07T19:35:27.036+05:30  INFO 22976 --- [FinanceManagementSystem] [http-nio-8080-exec-6] F.d.S.Implementations.StockService       : SERVICE - request came in getLowStockList...
2026-09-07T19:35:27.037+05:30 DEBUG 22976 --- [FinanceManagementSystem] [http-nio-8080-exec-6] org.hibernate.SQL                        : SELECT * FROM users WHERE LOWER(TRIM(email)) = LOWER(TRIM(?))
2026-09-07T19:35:27.037+05:30 TRACE 22976 --- [FinanceManagementSystem] [http-nio-8080-exec-6] org.hibernate.orm.jdbc.bind              : binding parameter (1:VARCHAR) <- [bhavesh@gmail.com]
2026-09-07T19:35:27.040+05:30 DEBUG 22976 --- [FinanceManagementSystem] [http-nio-8080-exec-6] org.hibernate.SQL                        : select s1_0.id,s1_0.created_at,s1_0.current_quantity,s1_0.is_active,s1_0.minimum_stock_level,s1_0.public_id,s1_0.raw_material,s1_0.unit,s1_0.updated_at,s1_0.user_id,s1_0.version from stocks s1_0 where s1_0.user_id=?
2026-09-07T19:35:27.040+05:30 TRACE 22976 --- [FinanceManagementSystem] [http-nio-8080-exec-6] org.hibernate.orm.jdbc.bind              : binding parameter (1:BIGINT) <- [2]
2026-09-07T19:35:27.043+05:30 DEBUG 22976 --- [FinanceManagementSystem] [http-nio-8080-exec-6] org.hibernate.SQL                        : SELECT * FROM users WHERE LOWER(TRIM(email)) = LOWER(TRIM(?))
2026-09-07T19:35:27.044+05:30 TRACE 22976 --- [FinanceManagementSystem] [http-nio-8080-exec-6] org.hibernate.orm.jdbc.bind              : binding parameter (1:VARCHAR) <- [bhavesh@gmail.com]
2026-09-07T19:35:27.046+05:30 DEBUG 22976 --- [FinanceManagementSystem] [http-nio-8080-exec-6] org.hibernate.SQL                        : select pd1_0.id,pd1_0.created_at,pd1_0.from_date,pd1_0.net_profit,pd1_0.public_id,pd1_0.to_date,pd1_0.total_expenses,pd1_0.total_purchase_cost,pd1_0.total_revenue,pd1_0.updated_at,pd1_0.user_id from profit_distributions pd1_0 where pd1_0.user_id=? order by coalesce(pd1_0.updated_at,pd1_0.created_at) desc,pd1_0.id desc
2026-09-07T19:35:27.047+05:30 TRACE 22976 --- [FinanceManagementSystem] [http-nio-8080-exec-6] org.hibernate.orm.jdbc.bind              : binding parameter (1:BIGINT) <- [2]
2026-09-07T19:35:27.053+05:30 DEBUG 22976 --- [FinanceManagementSystem] [http-nio-8080-exec-6] org.hibernate.SQL                        : select s1_0.id,s1_0.amount,s1_0.created_at,s1_0.customer_id,s1_0.customer_invoice_number,s1_0.gst_amount,s1_0.gst_percentage,s1_0.payment_status,s1_0.public_id,s1_0.rate_per_unit,s1_0.raw_material,s1_0.sale_date,s1_0.sale_number,s1_0.total_amount,s1_0.unit,s1_0.updated_at,s1_0.user_id,s1_0.weight from sales s1_0 where s1_0.user_id=? and s1_0.sale_date between ? and ?
2026-09-07T19:35:27.053+05:30 TRACE 22976 --- [FinanceManagementSystem] [http-nio-8080-exec-6] org.hibernate.orm.jdbc.bind              : binding parameter (1:BIGINT) <- [2]
2026-09-07T19:35:27.054+05:30 TRACE 22976 --- [FinanceManagementSystem] [http-nio-8080-exec-6] org.hibernate.orm.jdbc.bind              : binding parameter (2:DATE) <- [2026-04-01]
2026-09-07T19:35:27.054+05:30 TRACE 22976 --- [FinanceManagementSystem] [http-nio-8080-exec-6] org.hibernate.orm.jdbc.bind              : binding parameter (3:DATE) <- [2026-04-30]
2026-09-07T19:35:27.057+05:30 DEBUG 22976 --- [FinanceManagementSystem] [http-nio-8080-exec-6] org.hibernate.SQL                        : select p1_0.id,p1_0.amount,p1_0.created_at,p1_0.gst_amount,p1_0.gst_percentage,p1_0.payment_status,p1_0.public_id,p1_0.purchase_date,p1_0.purchase_number,p1_0.purchase_status,p1_0.rate_per_unit,p1_0.raw_material,p1_0.supplier_id,p1_0.supplier_invoice_number,p1_0.total_amount,p1_0.unit,p1_0.updated_at,p1_0.user_id,p1_0.weight from purchases p1_0 where p1_0.user_id=? and p1_0.purchase_date between ? and ?
2026-09-07T19:35:27.057+05:30 TRACE 22976 --- [FinanceManagementSystem] [http-nio-8080-exec-6] org.hibernate.orm.jdbc.bind              : binding parameter (1:BIGINT) <- [2]
2026-09-07T19:35:27.057+05:30 TRACE 22976 --- [FinanceManagementSystem] [http-nio-8080-exec-6] org.hibernate.orm.jdbc.bind              : binding parameter (2:DATE) <- [2026-04-01]
2026-09-07T19:35:27.057+05:30 TRACE 22976 --- [FinanceManagementSystem] [http-nio-8080-exec-6] org.hibernate.orm.jdbc.bind              : binding parameter (3:DATE) <- [2026-04-30]
2026-09-07T19:35:27.060+05:30 DEBUG 22976 --- [FinanceManagementSystem] [http-nio-8080-exec-6] org.hibernate.SQL                        : select coalesce(sum(e1_0.amount),0) from expenses e1_0 where e1_0.user_id=? and e1_0.is_active=1 and (? is null or e1_0.expense_date>=?) and (? is null or e1_0.expense_date<=?)
2026-09-07T19:35:27.060+05:30 TRACE 22976 --- [FinanceManagementSystem] [http-nio-8080-exec-6] org.hibernate.orm.jdbc.bind              : binding parameter (1:BIGINT) <- [2]
2026-09-07T19:35:27.060+05:30 TRACE 22976 --- [FinanceManagementSystem] [http-nio-8080-exec-6] org.hibernate.orm.jdbc.bind              : binding parameter (2:DATE) <- [2026-04-01]
2026-09-07T19:35:27.060+05:30 TRACE 22976 --- [FinanceManagementSystem] [http-nio-8080-exec-6] org.hibernate.orm.jdbc.bind              : binding parameter (3:DATE) <- [2026-04-01]
2026-09-07T19:35:27.061+05:30 TRACE 22976 --- [FinanceManagementSystem] [http-nio-8080-exec-6] org.hibernate.orm.jdbc.bind              : binding parameter (4:DATE) <- [2026-04-30]
2026-09-07T19:35:27.061+05:30 TRACE 22976 --- [FinanceManagementSystem] [http-nio-8080-exec-6] org.hibernate.orm.jdbc.bind              : binding parameter (5:DATE) <- [2026-04-30]
2026-09-07T19:35:27.064+05:30 DEBUG 22976 --- [FinanceManagementSystem] [http-nio-8080-exec-6] org.hibernate.SQL                        : select s1_0.id,s1_0.amount,s1_0.created_at,s1_0.customer_id,s1_0.customer_invoice_number,s1_0.gst_amount,s1_0.gst_percentage,s1_0.payment_status,s1_0.public_id,s1_0.rate_per_unit,s1_0.raw_material,s1_0.sale_date,s1_0.sale_number,s1_0.total_amount,s1_0.unit,s1_0.updated_at,s1_0.user_id,s1_0.weight from sales s1_0 where s1_0.user_id=? and s1_0.sale_date between ? and ?
2026-09-07T19:35:27.064+05:30 TRACE 22976 --- [FinanceManagementSystem] [http-nio-8080-exec-6] org.hibernate.orm.jdbc.bind              : binding parameter (1:BIGINT) <- [2]
2026-09-07T19:35:27.065+05:30 TRACE 22976 --- [FinanceManagementSystem] [http-nio-8080-exec-6] org.hibernate.orm.jdbc.bind              : binding parameter (2:DATE) <- [2026-05-01]
2026-09-07T19:35:27.065+05:30 TRACE 22976 --- [FinanceManagementSystem] [http-nio-8080-exec-6] org.hibernate.orm.jdbc.bind              : binding parameter (3:DATE) <- [2026-05-31]
2026-09-07T19:35:27.068+05:30 DEBUG 22976 --- [FinanceManagementSystem] [http-nio-8080-exec-6] org.hibernate.SQL                        : select p1_0.id,p1_0.amount,p1_0.created_at,p1_0.gst_amount,p1_0.gst_percentage,p1_0.payment_status,p1_0.public_id,p1_0.purchase_date,p1_0.purchase_number,p1_0.purchase_status,p1_0.rate_per_unit,p1_0.raw_material,p1_0.supplier_id,p1_0.supplier_invoice_number,p1_0.total_amount,p1_0.unit,p1_0.updated_at,p1_0.user_id,p1_0.weight from purchases p1_0 where p1_0.user_id=? and p1_0.purchase_date between ? and ?
2026-09-07T19:35:27.068+05:30 TRACE 22976 --- [FinanceManagementSystem] [http-nio-8080-exec-6] org.hibernate.orm.jdbc.bind              : binding parameter (1:BIGINT) <- [2]
2026-09-07T19:35:27.068+05:30 TRACE 22976 --- [FinanceManagementSystem] [http-nio-8080-exec-6] org.hibernate.orm.jdbc.bind              : binding parameter (2:DATE) <- [2026-05-01]
2026-09-07T19:35:27.068+05:30 TRACE 22976 --- [FinanceManagementSystem] [http-nio-8080-exec-6] org.hibernate.orm.jdbc.bind              : binding parameter (3:DATE) <- [2026-05-31]
2026-09-07T19:35:27.071+05:30 DEBUG 22976 --- [FinanceManagementSystem] [http-nio-8080-exec-6] org.hibernate.SQL                        : select coalesce(sum(e1_0.amount),0) from expenses e1_0 where e1_0.user_id=? and e1_0.is_active=1 and (? is null or e1_0.expense_date>=?) and (? is null or e1_0.expense_date<=?)
2026-09-07T19:35:27.071+05:30 TRACE 22976 --- [FinanceManagementSystem] [http-nio-8080-exec-6] org.hibernate.orm.jdbc.bind              : binding parameter (1:BIGINT) <- [2]
2026-09-07T19:35:27.071+05:30 TRACE 22976 --- [FinanceManagementSystem] [http-nio-8080-exec-6] org.hibernate.orm.jdbc.bind              : binding parameter (2:DATE) <- [2026-05-01]
2026-09-07T19:35:27.071+05:30 TRACE 22976 --- [FinanceManagementSystem] [http-nio-8080-exec-6] org.hibernate.orm.jdbc.bind              : binding parameter (3:DATE) <- [2026-05-01]
2026-09-07T19:35:27.071+05:30 TRACE 22976 --- [FinanceManagementSystem] [http-nio-8080-exec-6] org.hibernate.orm.jdbc.bind              : binding parameter (4:DATE) <- [2026-05-31]
2026-09-07T19:35:27.071+05:30 TRACE 22976 --- [FinanceManagementSystem] [http-nio-8080-exec-6] org.hibernate.orm.jdbc.bind              : binding parameter (5:DATE) <- [2026-05-31]
2026-09-07T19:35:27.074+05:30 DEBUG 22976 --- [FinanceManagementSystem] [http-nio-8080-exec-6] org.hibernate.SQL                        : select s1_0.id,s1_0.amount,s1_0.created_at,s1_0.customer_id,s1_0.customer_invoice_number,s1_0.gst_amount,s1_0.gst_percentage,s1_0.payment_status,s1_0.public_id,s1_0.rate_per_unit,s1_0.raw_material,s1_0.sale_date,s1_0.sale_number,s1_0.total_amount,s1_0.unit,s1_0.updated_at,s1_0.user_id,s1_0.weight from sales s1_0 where s1_0.user_id=? and s1_0.sale_date between ? and ?
2026-09-07T19:35:27.075+05:30 TRACE 22976 --- [FinanceManagementSystem] [http-nio-8080-exec-6] org.hibernate.orm.jdbc.bind              : binding parameter (1:BIGINT) <- [2]
2026-09-07T19:35:27.075+05:30 TRACE 22976 --- [FinanceManagementSystem] [http-nio-8080-exec-6] org.hibernate.orm.jdbc.bind              : binding parameter (2:DATE) <- [2026-06-01]
2026-09-07T19:35:27.075+05:30 TRACE 22976 --- [FinanceManagementSystem] [http-nio-8080-exec-6] org.hibernate.orm.jdbc.bind              : binding parameter (3:DATE) <- [2026-06-30]
2026-09-07T19:35:27.078+05:30 DEBUG 22976 --- [FinanceManagementSystem] [http-nio-8080-exec-6] org.hibernate.SQL                        : select p1_0.id,p1_0.amount,p1_0.created_at,p1_0.gst_amount,p1_0.gst_percentage,p1_0.payment_status,p1_0.public_id,p1_0.purchase_date,p1_0.purchase_number,p1_0.purchase_status,p1_0.rate_per_unit,p1_0.raw_material,p1_0.supplier_id,p1_0.supplier_invoice_number,p1_0.total_amount,p1_0.unit,p1_0.updated_at,p1_0.user_id,p1_0.weight from purchases p1_0 where p1_0.user_id=? and p1_0.purchase_date between ? and ?
2026-09-07T19:35:27.079+05:30 TRACE 22976 --- [FinanceManagementSystem] [http-nio-8080-exec-6] org.hibernate.orm.jdbc.bind              : binding parameter (1:BIGINT) <- [2]
2026-09-07T19:35:27.079+05:30 TRACE 22976 --- [FinanceManagementSystem] [http-nio-8080-exec-6] org.hibernate.orm.jdbc.bind              : binding parameter (2:DATE) <- [2026-06-01]
2026-09-07T19:35:27.079+05:30 TRACE 22976 --- [FinanceManagementSystem] [http-nio-8080-exec-6] org.hibernate.orm.jdbc.bind              : binding parameter (3:DATE) <- [2026-06-30]
2026-09-07T19:35:27.082+05:30 DEBUG 22976 --- [FinanceManagementSystem] [http-nio-8080-exec-6] org.hibernate.SQL                        : select coalesce(sum(e1_0.amount),0) from expenses e1_0 where e1_0.user_id=? and e1_0.is_active=1 and (? is null or e1_0.expense_date>=?) and (? is null or e1_0.expense_date<=?)
2026-09-07T19:35:27.082+05:30 TRACE 22976 --- [FinanceManagementSystem] [http-nio-8080-exec-6] org.hibernate.orm.jdbc.bind              : binding parameter (1:BIGINT) <- [2]
2026-09-07T19:35:27.082+05:30 TRACE 22976 --- [FinanceManagementSystem] [http-nio-8080-exec-6] org.hibernate.orm.jdbc.bind              : binding parameter (2:DATE) <- [2026-06-01]
2026-09-07T19:35:27.082+05:30 TRACE 22976 --- [FinanceManagementSystem] [http-nio-8080-exec-6] org.hibernate.orm.jdbc.bind              : binding parameter (3:DATE) <- [2026-06-01]
2026-09-07T19:35:27.082+05:30 TRACE 22976 --- [FinanceManagementSystem] [http-nio-8080-exec-6] org.hibernate.orm.jdbc.bind              : binding parameter (4:DATE) <- [2026-06-30]
2026-09-07T19:35:27.082+05:30 TRACE 22976 --- [FinanceManagementSystem] [http-nio-8080-exec-6] org.hibernate.orm.jdbc.bind              : binding parameter (5:DATE) <- [2026-06-30]
2026-09-07T19:35:27.085+05:30 DEBUG 22976 --- [FinanceManagementSystem] [http-nio-8080-exec-6] org.hibernate.SQL                        : select s1_0.id,s1_0.amount,s1_0.created_at,s1_0.customer_id,s1_0.customer_invoice_number,s1_0.gst_amount,s1_0.gst_percentage,s1_0.payment_status,s1_0.public_id,s1_0.rate_per_unit,s1_0.raw_material,s1_0.sale_date,s1_0.sale_number,s1_0.total_amount,s1_0.unit,s1_0.updated_at,s1_0.user_id,s1_0.weight from sales s1_0 where s1_0.user_id=? and s1_0.sale_date between ? and ?
2026-09-07T19:35:27.086+05:30 TRACE 22976 --- [FinanceManagementSystem] [http-nio-8080-exec-6] org.hibernate.orm.jdbc.bind              : binding parameter (1:BIGINT) <- [2]
2026-09-07T19:35:27.086+05:30 TRACE 22976 --- [FinanceManagementSystem] [http-nio-8080-exec-6] org.hibernate.orm.jdbc.bind              : binding parameter (2:DATE) <- [2026-07-01]
2026-09-07T19:35:27.086+05:30 TRACE 22976 --- [FinanceManagementSystem] [http-nio-8080-exec-6] org.hibernate.orm.jdbc.bind              : binding parameter (3:DATE) <- [2026-07-31]
2026-09-07T19:35:27.089+05:30 DEBUG 22976 --- [FinanceManagementSystem] [http-nio-8080-exec-6] org.hibernate.SQL                        : select p1_0.id,p1_0.amount,p1_0.created_at,p1_0.gst_amount,p1_0.gst_percentage,p1_0.payment_status,p1_0.public_id,p1_0.purchase_date,p1_0.purchase_number,p1_0.purchase_status,p1_0.rate_per_unit,p1_0.raw_material,p1_0.supplier_id,p1_0.supplier_invoice_number,p1_0.total_amount,p1_0.unit,p1_0.updated_at,p1_0.user_id,p1_0.weight from purchases p1_0 where p1_0.user_id=? and p1_0.purchase_date between ? and ?
2026-09-07T19:35:27.089+05:30 TRACE 22976 --- [FinanceManagementSystem] [http-nio-8080-exec-6] org.hibernate.orm.jdbc.bind              : binding parameter (1:BIGINT) <- [2]
2026-09-07T19:35:27.090+05:30 TRACE 22976 --- [FinanceManagementSystem] [http-nio-8080-exec-6] org.hibernate.orm.jdbc.bind              : binding parameter (2:DATE) <- [2026-07-01]
2026-09-07T19:35:27.090+05:30 TRACE 22976 --- [FinanceManagementSystem] [http-nio-8080-exec-6] org.hibernate.orm.jdbc.bind              : binding parameter (3:DATE) <- [2026-07-31]
2026-09-07T19:35:27.092+05:30 DEBUG 22976 --- [FinanceManagementSystem] [http-nio-8080-exec-6] org.hibernate.SQL                        : select coalesce(sum(e1_0.amount),0) from expenses e1_0 where e1_0.user_id=? and e1_0.is_active=1 and (? is null or e1_0.expense_date>=?) and (? is null or e1_0.expense_date<=?)
2026-09-07T19:35:27.092+05:30 TRACE 22976 --- [FinanceManagementSystem] [http-nio-8080-exec-6] org.hibernate.orm.jdbc.bind              : binding parameter (1:BIGINT) <- [2]
2026-09-07T19:35:27.093+05:30 TRACE 22976 --- [FinanceManagementSystem] [http-nio-8080-exec-6] org.hibernate.orm.jdbc.bind              : binding parameter (2:DATE) <- [2026-07-01]
2026-09-07T19:35:27.093+05:30 TRACE 22976 --- [FinanceManagementSystem] [http-nio-8080-exec-6] org.hibernate.orm.jdbc.bind              : binding parameter (3:DATE) <- [2026-07-01]
2026-09-07T19:35:27.093+05:30 TRACE 22976 --- [FinanceManagementSystem] [http-nio-8080-exec-6] org.hibernate.orm.jdbc.bind              : binding parameter (4:DATE) <- [2026-07-31]
2026-09-07T19:35:27.093+05:30 TRACE 22976 --- [FinanceManagementSystem] [http-nio-8080-exec-6] org.hibernate.orm.jdbc.bind              : binding parameter (5:DATE) <- [2026-07-31]
2026-09-07T19:35:27.096+05:30 DEBUG 22976 --- [FinanceManagementSystem] [http-nio-8080-exec-6] org.hibernate.SQL                        : select s1_0.id,s1_0.amount,s1_0.created_at,s1_0.customer_id,s1_0.customer_invoice_number,s1_0.gst_amount,s1_0.gst_percentage,s1_0.payment_status,s1_0.public_id,s1_0.rate_per_unit,s1_0.raw_material,s1_0.sale_date,s1_0.sale_number,s1_0.total_amount,s1_0.unit,s1_0.updated_at,s1_0.user_id,s1_0.weight from sales s1_0 where s1_0.user_id=? and s1_0.sale_date between ? and ?
2026-09-07T19:35:27.097+05:30 TRACE 22976 --- [FinanceManagementSystem] [http-nio-8080-exec-6] org.hibernate.orm.jdbc.bind              : binding parameter (1:BIGINT) <- [2]
2026-09-07T19:35:27.097+05:30 TRACE 22976 --- [FinanceManagementSystem] [http-nio-8080-exec-6] org.hibernate.orm.jdbc.bind              : binding parameter (2:DATE) <- [2026-08-01]
2026-09-07T19:35:27.097+05:30 TRACE 22976 --- [FinanceManagementSystem] [http-nio-8080-exec-6] org.hibernate.orm.jdbc.bind              : binding parameter (3:DATE) <- [2026-08-31]
2026-09-07T19:35:27.100+05:30 DEBUG 22976 --- [FinanceManagementSystem] [http-nio-8080-exec-6] org.hibernate.SQL                        : select p1_0.id,p1_0.amount,p1_0.created_at,p1_0.gst_amount,p1_0.gst_percentage,p1_0.payment_status,p1_0.public_id,p1_0.purchase_date,p1_0.purchase_number,p1_0.purchase_status,p1_0.rate_per_unit,p1_0.raw_material,p1_0.supplier_id,p1_0.supplier_invoice_number,p1_0.total_amount,p1_0.unit,p1_0.updated_at,p1_0.user_id,p1_0.weight from purchases p1_0 where p1_0.user_id=? and p1_0.purchase_date between ? and ?
2026-09-07T19:35:27.101+05:30 TRACE 22976 --- [FinanceManagementSystem] [http-nio-8080-exec-6] org.hibernate.orm.jdbc.bind              : binding parameter (1:BIGINT) <- [2]
2026-09-07T19:35:27.101+05:30 TRACE 22976 --- [FinanceManagementSystem] [http-nio-8080-exec-6] org.hibernate.orm.jdbc.bind              : binding parameter (2:DATE) <- [2026-08-01]
2026-09-07T19:35:27.101+05:30 TRACE 22976 --- [FinanceManagementSystem] [http-nio-8080-exec-6] org.hibernate.orm.jdbc.bind              : binding parameter (3:DATE) <- [2026-08-31]
2026-09-07T19:35:27.103+05:30 DEBUG 22976 --- [FinanceManagementSystem] [http-nio-8080-exec-6] org.hibernate.SQL                        : select coalesce(sum(e1_0.amount),0) from expenses e1_0 where e1_0.user_id=? and e1_0.is_active=1 and (? is null or e1_0.expense_date>=?) and (? is null or e1_0.expense_date<=?)
2026-09-07T19:35:27.103+05:30 TRACE 22976 --- [FinanceManagementSystem] [http-nio-8080-exec-6] org.hibernate.orm.jdbc.bind              : binding parameter (1:BIGINT) <- [2]
2026-09-07T19:35:27.103+05:30 TRACE 22976 --- [FinanceManagementSystem] [http-nio-8080-exec-6] org.hibernate.orm.jdbc.bind              : binding parameter (2:DATE) <- [2026-08-01]
2026-09-07T19:35:27.104+05:30 TRACE 22976 --- [FinanceManagementSystem] [http-nio-8080-exec-6] org.hibernate.orm.jdbc.bind              : binding parameter (3:DATE) <- [2026-08-01]
2026-09-07T19:35:27.104+05:30 TRACE 22976 --- [FinanceManagementSystem] [http-nio-8080-exec-6] org.hibernate.orm.jdbc.bind              : binding parameter (4:DATE) <- [2026-08-31]
2026-09-07T19:35:27.104+05:30 TRACE 22976 --- [FinanceManagementSystem] [http-nio-8080-exec-6] org.hibernate.orm.jdbc.bind              : binding parameter (5:DATE) <- [2026-08-31]
2026-09-07T19:35:27.107+05:30 DEBUG 22976 --- [FinanceManagementSystem] [http-nio-8080-exec-6] org.hibernate.SQL                        : select s1_0.id,s1_0.amount,s1_0.created_at,s1_0.customer_id,s1_0.customer_invoice_number,s1_0.gst_amount,s1_0.gst_percentage,s1_0.payment_status,s1_0.public_id,s1_0.rate_per_unit,s1_0.raw_material,s1_0.sale_date,s1_0.sale_number,s1_0.total_amount,s1_0.unit,s1_0.updated_at,s1_0.user_id,s1_0.weight from sales s1_0 where s1_0.user_id=? and s1_0.sale_date between ? and ?
2026-09-07T19:35:27.107+05:30 TRACE 22976 --- [FinanceManagementSystem] [http-nio-8080-exec-6] org.hibernate.orm.jdbc.bind              : binding parameter (1:BIGINT) <- [2]
2026-09-07T19:35:27.107+05:30 TRACE 22976 --- [FinanceManagementSystem] [http-nio-8080-exec-6] org.hibernate.orm.jdbc.bind              : binding parameter (2:DATE) <- [2026-09-01]
2026-09-07T19:35:27.107+05:30 TRACE 22976 --- [FinanceManagementSystem] [http-nio-8080-exec-6] org.hibernate.orm.jdbc.bind              : binding parameter (3:DATE) <- [2026-09-30]
2026-09-07T19:35:27.110+05:30 DEBUG 22976 --- [FinanceManagementSystem] [http-nio-8080-exec-6] org.hibernate.SQL                        : select p1_0.id,p1_0.amount,p1_0.created_at,p1_0.gst_amount,p1_0.gst_percentage,p1_0.payment_status,p1_0.public_id,p1_0.purchase_date,p1_0.purchase_number,p1_0.purchase_status,p1_0.rate_per_unit,p1_0.raw_material,p1_0.supplier_id,p1_0.supplier_invoice_number,p1_0.total_amount,p1_0.unit,p1_0.updated_at,p1_0.user_id,p1_0.weight from purchases p1_0 where p1_0.user_id=? and p1_0.purchase_date between ? and ?
2026-09-07T19:35:27.111+05:30 TRACE 22976 --- [FinanceManagementSystem] [http-nio-8080-exec-6] org.hibernate.orm.jdbc.bind              : binding parameter (1:BIGINT) <- [2]
2026-09-07T19:35:27.111+05:30 TRACE 22976 --- [FinanceManagementSystem] [http-nio-8080-exec-6] org.hibernate.orm.jdbc.bind              : binding parameter (2:DATE) <- [2026-09-01]
2026-09-07T19:35:27.111+05:30 TRACE 22976 --- [FinanceManagementSystem] [http-nio-8080-exec-6] org.hibernate.orm.jdbc.bind              : binding parameter (3:DATE) <- [2026-09-30]
2026-09-07T19:35:27.113+05:30 DEBUG 22976 --- [FinanceManagementSystem] [http-nio-8080-exec-6] org.hibernate.SQL                        : select coalesce(sum(e1_0.amount),0) from expenses e1_0 where e1_0.user_id=? and e1_0.is_active=1 and (? is null or e1_0.expense_date>=?) and (? is null or e1_0.expense_date<=?)
2026-09-07T19:35:27.114+05:30 TRACE 22976 --- [FinanceManagementSystem] [http-nio-8080-exec-6] org.hibernate.orm.jdbc.bind              : binding parameter (1:BIGINT) <- [2]
2026-09-07T19:35:27.114+05:30 TRACE 22976 --- [FinanceManagementSystem] [http-nio-8080-exec-6] org.hibernate.orm.jdbc.bind              : binding parameter (2:DATE) <- [2026-09-01]
2026-09-07T19:35:27.114+05:30 TRACE 22976 --- [FinanceManagementSystem] [http-nio-8080-exec-6] org.hibernate.orm.jdbc.bind              : binding parameter (3:DATE) <- [2026-09-01]
2026-09-07T19:35:27.114+05:30 TRACE 22976 --- [FinanceManagementSystem] [http-nio-8080-exec-6] org.hibernate.orm.jdbc.bind              : binding parameter (4:DATE) <- [2026-09-30]
2026-09-07T19:35:27.114+05:30 TRACE 22976 --- [FinanceManagementSystem] [http-nio-8080-exec-6] org.hibernate.orm.jdbc.bind              : binding parameter (5:DATE) <- [2026-09-30]
2026-09-07T19:35:27.117+05:30 DEBUG 22976 --- [FinanceManagementSystem] [http-nio-8080-exec-6] org.hibernate.SQL                        : select s1_0.id,s1_0.amount,s1_0.created_at,s1_0.customer_id,s1_0.customer_invoice_number,s1_0.gst_amount,s1_0.gst_percentage,s1_0.payment_status,s1_0.public_id,s1_0.rate_per_unit,s1_0.raw_material,s1_0.sale_date,s1_0.sale_number,s1_0.total_amount,s1_0.unit,s1_0.updated_at,s1_0.user_id,s1_0.weight from sales s1_0 where s1_0.user_id=? order by s1_0.sale_date desc,s1_0.id desc limit ?
2026-09-07T19:35:27.118+05:30 TRACE 22976 --- [FinanceManagementSystem] [http-nio-8080-exec-6] org.hibernate.orm.jdbc.bind              : binding parameter (1:BIGINT) <- [2]
2026-09-07T19:35:27.118+05:30 TRACE 22976 --- [FinanceManagementSystem] [http-nio-8080-exec-6] org.hibernate.orm.jdbc.bind              : binding parameter (2:INTEGER) <- [5]
2026-09-07T19:35:27.121+05:30 DEBUG 22976 --- [FinanceManagementSystem] [http-nio-8080-exec-6] org.hibernate.SQL                        : select p1_0.id,p1_0.amount,p1_0.created_at,p1_0.gst_amount,p1_0.gst_percentage,p1_0.payment_status,p1_0.public_id,p1_0.purchase_date,p1_0.purchase_number,p1_0.purchase_status,p1_0.rate_per_unit,p1_0.raw_material,p1_0.supplier_id,p1_0.supplier_invoice_number,p1_0.total_amount,p1_0.unit,p1_0.updated_at,p1_0.user_id,p1_0.weight from purchases p1_0 where p1_0.user_id=? order by p1_0.purchase_date desc,p1_0.id desc limit ?
2026-09-07T19:35:27.121+05:30 TRACE 22976 --- [FinanceManagementSystem] [http-nio-8080-exec-6] org.hibernate.orm.jdbc.bind              : binding parameter (1:BIGINT) <- [2]
2026-09-07T19:35:27.122+05:30 TRACE 22976 --- [FinanceManagementSystem] [http-nio-8080-exec-6] org.hibernate.orm.jdbc.bind              : binding parameter (2:INTEGER) <- [5]
2026-09-07T19:35:27.124+05:30 DEBUG 22976 --- [FinanceManagementSystem] [http-nio-8080-exec-6] org.hibernate.SQL                        : select s1_0.id,a1_0.id,a1_0.address_line_1,a1_0.address_line_2,a1_0.city,a1_0.country,a1_0.created_at,a1_0.pincode,a1_0.state,a1_0.supplier_id,a1_0.updated_at,s1_0.alternate_mobile_number,s1_0.contact_person,s1_0.created_at,s1_0.email,s1_0.gst_number,s1_0.is_active,s1_0.mobile_number,s1_0.opening_balance,s1_0.payment_terms,s1_0.public_id,s1_0.supplier_name,s1_0.updated_at,s1_0.user_id from suppliers s1_0 left join supplier_address a1_0 on s1_0.id=a1_0.supplier_id where s1_0.id=?
2026-09-07T19:35:27.125+05:30 TRACE 22976 --- [FinanceManagementSystem] [http-nio-8080-exec-6] org.hibernate.orm.jdbc.bind              : binding parameter (1:BIGINT) <- [1]
2026-09-07T19:35:27.135+05:30 DEBUG 22976 --- [FinanceManagementSystem] [http-nio-8080-exec-6] org.hibernate.SQL                        : select e1_0.id,e1_0.amount,e1_0.category,e1_0.created_at,e1_0.description,e1_0.expense_date,e1_0.expense_number,e1_0.is_active,e1_0.payment_mode,e1_0.public_id,e1_0.reference_number,e1_0.remarks,e1_0.updated_at,e1_0.user_id from expenses e1_0 where e1_0.user_id=? and e1_0.is_active order by e1_0.expense_date desc limit ?
2026-09-07T19:35:27.136+05:30 TRACE 22976 --- [FinanceManagementSystem] [http-nio-8080-exec-6] org.hibernate.orm.jdbc.bind              : binding parameter (1:BIGINT) <- [2]
2026-09-07T19:35:27.136+05:30 TRACE 22976 --- [FinanceManagementSystem] [http-nio-8080-exec-6] org.hibernate.orm.jdbc.bind              : binding parameter (2:INTEGER) <- [5]
2026-09-07T19:35:27.140+05:30 DEBUG 22976 --- [FinanceManagementSystem] [http-nio-8080-exec-6] org.hibernate.SQL                        : select count(e1_0.id) from expenses e1_0 where e1_0.user_id=? and e1_0.is_active
2026-09-07T19:35:27.140+05:30 TRACE 22976 --- [FinanceManagementSystem] [http-nio-8080-exec-6] org.hibernate.orm.jdbc.bind              : binding parameter (1:BIGINT) <- [2]
2026-09-07T19:35:47.178+05:30 DEBUG 22976 --- [FinanceManagementSystem] [http-nio-8080-exec-5] org.hibernate.SQL                        : SELECT * FROM users WHERE LOWER(TRIM(email)) = LOWER(TRIM(?))
2026-09-07T19:35:47.178+05:30 TRACE 22976 --- [FinanceManagementSystem] [http-nio-8080-exec-5] org.hibernate.orm.jdbc.bind              : binding parameter (1:VARCHAR) <- [bhavesh@gmail.com]
2026-09-07T19:35:47.180+05:30 DEBUG 22976 --- [FinanceManagementSystem] [http-nio-8080-exec-5] org.hibernate.SQL                        : select ua1_0.id,ua1_0.area,ua1_0.city,ua1_0.country,ua1_0.created_at,ua1_0.house_no,ua1_0.pincode,ua1_0.society_name,ua1_0.state,ua1_0.updated_at,ua1_0.user_id from user_address ua1_0 where ua1_0.user_id=?
2026-09-07T19:35:47.181+05:30 TRACE 22976 --- [FinanceManagementSystem] [http-nio-8080-exec-5] org.hibernate.orm.jdbc.bind              : binding parameter (1:BIGINT) <- [2]
2026-09-07T19:35:47.182+05:30  INFO 22976 --- [FinanceManagementSystem] [http-nio-8080-exec-5] F.d.Security.CustomUserDetailsService    : CustomUserDetailsService - User loaded successfully: bhavesh@gmail.com
2026-09-07T19:35:47.194+05:30  INFO 22976 --- [FinanceManagementSystem] [http-nio-8080-exec-5] F.demo.Security.JwtUtil                  : JwtUtil - JWT token validation successful for user: bhavesh@gmail.com
2026-09-07T19:35:47.195+05:30  INFO 22976 --- [FinanceManagementSystem] [http-nio-8080-exec-5] F.demo.Security.JwtFilter                : JwtFilter - JWT validated successfully for user: bhavesh@gmail.com
2026-09-07T19:35:47.196+05:30  INFO 22976 --- [FinanceManagementSystem] [http-nio-8080-exec-5] F.demo.Controller.DashboardController    : CONTROLLER - request came in getDashboardSummary...
2026-09-07T19:35:47.199+05:30  INFO 22976 --- [FinanceManagementSystem] [http-nio-8080-exec-5] F.d.S.Implementations.DashboardService   : SERVICE - request came in getDashboardSummary...
2026-09-07T19:35:47.199+05:30 DEBUG 22976 --- [FinanceManagementSystem] [http-nio-8080-exec-5] org.hibernate.SQL                        : SELECT * FROM users WHERE LOWER(TRIM(email)) = LOWER(TRIM(?))
2026-09-07T19:35:47.200+05:30 TRACE 22976 --- [FinanceManagementSystem] [http-nio-8080-exec-5] org.hibernate.orm.jdbc.bind              : binding parameter (1:VARCHAR) <- [bhavesh@gmail.com]
2026-09-07T19:35:47.202+05:30 DEBUG 22976 --- [FinanceManagementSystem] [http-nio-8080-exec-5] org.hibernate.SQL                        : select ua1_0.id,ua1_0.area,ua1_0.city,ua1_0.country,ua1_0.created_at,ua1_0.house_no,ua1_0.pincode,ua1_0.society_name,ua1_0.state,ua1_0.updated_at,ua1_0.user_id from user_address ua1_0 where ua1_0.user_id=?
2026-09-07T19:35:47.202+05:30 TRACE 22976 --- [FinanceManagementSystem] [http-nio-8080-exec-5] org.hibernate.orm.jdbc.bind              : binding parameter (1:BIGINT) <- [2]
2026-09-07T19:35:47.204+05:30  INFO 22976 --- [FinanceManagementSystem] [http-nio-8080-exec-5] F.d.S.I.PurchasePaymentService           : SERVICE - request came in getTotalOutstandingAmount...
2026-09-07T19:35:47.205+05:30 DEBUG 22976 --- [FinanceManagementSystem] [http-nio-8080-exec-5] org.hibernate.SQL                        : SELECT * FROM users WHERE LOWER(TRIM(email)) = LOWER(TRIM(?))
2026-09-07T19:35:47.205+05:30 TRACE 22976 --- [FinanceManagementSystem] [http-nio-8080-exec-5] org.hibernate.orm.jdbc.bind              : binding parameter (1:VARCHAR) <- [bhavesh@gmail.com]
2026-09-07T19:35:47.209+05:30 DEBUG 22976 --- [FinanceManagementSystem] [http-nio-8080-exec-5] org.hibernate.SQL                        : select p1_0.id,p1_0.amount,p1_0.created_at,p1_0.gst_amount,p1_0.gst_percentage,p1_0.payment_status,p1_0.public_id,p1_0.purchase_date,p1_0.purchase_number,p1_0.purchase_status,p1_0.rate_per_unit,p1_0.raw_material,p1_0.supplier_id,p1_0.supplier_invoice_number,p1_0.total_amount,p1_0.unit,p1_0.updated_at,p1_0.user_id,p1_0.weight from purchases p1_0 where p1_0.user_id=? and p1_0.payment_status in (?,?)
2026-09-07T19:35:47.209+05:30 TRACE 22976 --- [FinanceManagementSystem] [http-nio-8080-exec-5] org.hibernate.orm.jdbc.bind              : binding parameter (1:BIGINT) <- [2]
2026-09-07T19:35:47.210+05:30 TRACE 22976 --- [FinanceManagementSystem] [http-nio-8080-exec-5] org.hibernate.orm.jdbc.bind              : binding parameter (2:ENUM) <- [PENDING]
2026-09-07T19:35:47.210+05:30 TRACE 22976 --- [FinanceManagementSystem] [http-nio-8080-exec-5] org.hibernate.orm.jdbc.bind              : binding parameter (3:ENUM) <- [PARTIALLY_PAID]
2026-09-07T19:35:47.212+05:30  INFO 22976 --- [FinanceManagementSystem] [http-nio-8080-exec-5] F.d.S.I.SalePaymentService               : SERVICE - request came in getTotalReceivableAmount...
2026-09-07T19:35:47.212+05:30 DEBUG 22976 --- [FinanceManagementSystem] [http-nio-8080-exec-5] org.hibernate.SQL                        : SELECT * FROM users WHERE LOWER(TRIM(email)) = LOWER(TRIM(?))
2026-09-07T19:35:47.213+05:30 TRACE 22976 --- [FinanceManagementSystem] [http-nio-8080-exec-5] org.hibernate.orm.jdbc.bind              : binding parameter (1:VARCHAR) <- [bhavesh@gmail.com]
2026-09-07T19:35:47.216+05:30 DEBUG 22976 --- [FinanceManagementSystem] [http-nio-8080-exec-5] org.hibernate.SQL                        : select s1_0.id,s1_0.amount,s1_0.created_at,s1_0.customer_id,s1_0.customer_invoice_number,s1_0.gst_amount,s1_0.gst_percentage,s1_0.payment_status,s1_0.public_id,s1_0.rate_per_unit,s1_0.raw_material,s1_0.sale_date,s1_0.sale_number,s1_0.total_amount,s1_0.unit,s1_0.updated_at,s1_0.user_id,s1_0.weight from sales s1_0 where s1_0.user_id=? and s1_0.payment_status in (?,?)
2026-09-07T19:35:47.217+05:30 TRACE 22976 --- [FinanceManagementSystem] [http-nio-8080-exec-5] org.hibernate.orm.jdbc.bind              : binding parameter (1:BIGINT) <- [2]
2026-09-07T19:35:47.217+05:30 TRACE 22976 --- [FinanceManagementSystem] [http-nio-8080-exec-5] org.hibernate.orm.jdbc.bind              : binding parameter (2:ENUM) <- [PENDING]
2026-09-07T19:35:47.217+05:30 TRACE 22976 --- [FinanceManagementSystem] [http-nio-8080-exec-5] org.hibernate.orm.jdbc.bind              : binding parameter (3:ENUM) <- [PARTIALLY_PAID]
2026-09-07T19:35:47.219+05:30 DEBUG 22976 --- [FinanceManagementSystem] [http-nio-8080-exec-5] org.hibernate.SQL                        : select coalesce(sum(sp1_0.amount_received),0) from sale_payments sp1_0 where sp1_0.user_id=?
2026-09-07T19:35:47.220+05:30 TRACE 22976 --- [FinanceManagementSystem] [http-nio-8080-exec-5] org.hibernate.orm.jdbc.bind              : binding parameter (1:BIGINT) <- [2]
2026-09-07T19:35:47.221+05:30 DEBUG 22976 --- [FinanceManagementSystem] [http-nio-8080-exec-5] org.hibernate.SQL                        : select coalesce(sum(pp1_0.amount_paid),0) from purchase_payments pp1_0 where pp1_0.user_id=?
2026-09-07T19:35:47.222+05:30 TRACE 22976 --- [FinanceManagementSystem] [http-nio-8080-exec-5] org.hibernate.orm.jdbc.bind              : binding parameter (1:BIGINT) <- [2]
2026-09-07T19:35:47.224+05:30 DEBUG 22976 --- [FinanceManagementSystem] [http-nio-8080-exec-5] org.hibernate.SQL                        : select coalesce(sum(e1_0.amount),0) from expenses e1_0 where e1_0.user_id=? and e1_0.is_active=1 and (? is null or e1_0.expense_date>=?) and (? is null or e1_0.expense_date<=?)
2026-09-07T19:35:47.224+05:30 TRACE 22976 --- [FinanceManagementSystem] [http-nio-8080-exec-5] org.hibernate.orm.jdbc.bind              : binding parameter (1:BIGINT) <- [2]
2026-09-07T19:35:47.224+05:30 TRACE 22976 --- [FinanceManagementSystem] [http-nio-8080-exec-5] org.hibernate.orm.jdbc.bind              : binding parameter (2:DATE) <- [null]
2026-09-07T19:35:47.224+05:30 TRACE 22976 --- [FinanceManagementSystem] [http-nio-8080-exec-5] org.hibernate.orm.jdbc.bind              : binding parameter (3:DATE) <- [null]
2026-09-07T19:35:47.224+05:30 TRACE 22976 --- [FinanceManagementSystem] [http-nio-8080-exec-5] org.hibernate.orm.jdbc.bind              : binding parameter (4:DATE) <- [null]
2026-09-07T19:35:47.224+05:30 TRACE 22976 --- [FinanceManagementSystem] [http-nio-8080-exec-5] org.hibernate.orm.jdbc.bind              : binding parameter (5:DATE) <- [null]
2026-09-07T19:35:47.227+05:30 DEBUG 22976 --- [FinanceManagementSystem] [http-nio-8080-exec-5] org.hibernate.SQL                        : select coalesce(sum(ppw1_0.amount),0) from partner_profit_withdrawals ppw1_0 where ppw1_0.user_id=?
2026-09-07T19:35:47.227+05:30 TRACE 22976 --- [FinanceManagementSystem] [http-nio-8080-exec-5] org.hibernate.orm.jdbc.bind              : binding parameter (1:BIGINT) <- [2]
2026-09-07T19:35:47.229+05:30  INFO 22976 --- [FinanceManagementSystem] [http-nio-8080-exec-5] F.d.S.Implementations.ExpenseService     : SERVICE - request came in getTotalExpenses...
2026-09-07T19:35:47.229+05:30 DEBUG 22976 --- [FinanceManagementSystem] [http-nio-8080-exec-5] org.hibernate.SQL                        : SELECT * FROM users WHERE LOWER(TRIM(email)) = LOWER(TRIM(?))
2026-09-07T19:35:47.230+05:30 TRACE 22976 --- [FinanceManagementSystem] [http-nio-8080-exec-5] org.hibernate.orm.jdbc.bind              : binding parameter (1:VARCHAR) <- [bhavesh@gmail.com]
2026-09-07T19:35:47.232+05:30 DEBUG 22976 --- [FinanceManagementSystem] [http-nio-8080-exec-5] org.hibernate.SQL                        : select coalesce(sum(e1_0.amount),0) from expenses e1_0 where e1_0.user_id=? and e1_0.is_active=1 and (? is null or e1_0.expense_date>=?) and (? is null or e1_0.expense_date<=?)
2026-09-07T19:35:47.232+05:30 TRACE 22976 --- [FinanceManagementSystem] [http-nio-8080-exec-5] org.hibernate.orm.jdbc.bind              : binding parameter (1:BIGINT) <- [2]
2026-09-07T19:35:47.232+05:30 TRACE 22976 --- [FinanceManagementSystem] [http-nio-8080-exec-5] org.hibernate.orm.jdbc.bind              : binding parameter (2:DATE) <- [2026-09-01]
2026-09-07T19:35:47.233+05:30 TRACE 22976 --- [FinanceManagementSystem] [http-nio-8080-exec-5] org.hibernate.orm.jdbc.bind              : binding parameter (3:DATE) <- [2026-09-01]
2026-09-07T19:35:47.233+05:30 TRACE 22976 --- [FinanceManagementSystem] [http-nio-8080-exec-5] org.hibernate.orm.jdbc.bind              : binding parameter (4:DATE) <- [2026-09-07]
2026-09-07T19:35:47.233+05:30 TRACE 22976 --- [FinanceManagementSystem] [http-nio-8080-exec-5] org.hibernate.orm.jdbc.bind              : binding parameter (5:DATE) <- [2026-09-07]
2026-09-07T19:35:47.235+05:30  INFO 22976 --- [FinanceManagementSystem] [http-nio-8080-exec-5] F.d.S.Implementations.StockService       : SERVICE - request came in getLowStockList...
2026-09-07T19:35:47.235+05:30 DEBUG 22976 --- [FinanceManagementSystem] [http-nio-8080-exec-5] org.hibernate.SQL                        : SELECT * FROM users WHERE LOWER(TRIM(email)) = LOWER(TRIM(?))
2026-09-07T19:35:47.236+05:30 TRACE 22976 --- [FinanceManagementSystem] [http-nio-8080-exec-5] org.hibernate.orm.jdbc.bind              : binding parameter (1:VARCHAR) <- [bhavesh@gmail.com]
2026-09-07T19:35:47.239+05:30 DEBUG 22976 --- [FinanceManagementSystem] [http-nio-8080-exec-5] org.hibernate.SQL                        : select s1_0.id,s1_0.created_at,s1_0.current_quantity,s1_0.is_active,s1_0.minimum_stock_level,s1_0.public_id,s1_0.raw_material,s1_0.unit,s1_0.updated_at,s1_0.user_id,s1_0.version from stocks s1_0 where s1_0.user_id=?
2026-09-07T19:35:47.239+05:30 TRACE 22976 --- [FinanceManagementSystem] [http-nio-8080-exec-5] org.hibernate.orm.jdbc.bind              : binding parameter (1:BIGINT) <- [2]
2026-09-07T19:35:47.242+05:30 DEBUG 22976 --- [FinanceManagementSystem] [http-nio-8080-exec-5] org.hibernate.SQL                        : SELECT * FROM users WHERE LOWER(TRIM(email)) = LOWER(TRIM(?))
2026-09-07T19:35:47.242+05:30 TRACE 22976 --- [FinanceManagementSystem] [http-nio-8080-exec-5] org.hibernate.orm.jdbc.bind              : binding parameter (1:VARCHAR) <- [bhavesh@gmail.com]
2026-09-07T19:35:47.244+05:30 DEBUG 22976 --- [FinanceManagementSystem] [http-nio-8080-exec-5] org.hibernate.SQL                        : select pd1_0.id,pd1_0.created_at,pd1_0.from_date,pd1_0.net_profit,pd1_0.public_id,pd1_0.to_date,pd1_0.total_expenses,pd1_0.total_purchase_cost,pd1_0.total_revenue,pd1_0.updated_at,pd1_0.user_id from profit_distributions pd1_0 where pd1_0.user_id=? order by coalesce(pd1_0.updated_at,pd1_0.created_at) desc,pd1_0.id desc
2026-09-07T19:35:47.245+05:30 TRACE 22976 --- [FinanceManagementSystem] [http-nio-8080-exec-5] org.hibernate.orm.jdbc.bind              : binding parameter (1:BIGINT) <- [2]
2026-09-07T19:35:47.248+05:30 DEBUG 22976 --- [FinanceManagementSystem] [http-nio-8080-exec-5] org.hibernate.SQL                        : select s1_0.id,s1_0.amount,s1_0.created_at,s1_0.customer_id,s1_0.customer_invoice_number,s1_0.gst_amount,s1_0.gst_percentage,s1_0.payment_status,s1_0.public_id,s1_0.rate_per_unit,s1_0.raw_material,s1_0.sale_date,s1_0.sale_number,s1_0.total_amount,s1_0.unit,s1_0.updated_at,s1_0.user_id,s1_0.weight from sales s1_0 where s1_0.user_id=? and s1_0.sale_date between ? and ?
2026-09-07T19:35:47.248+05:30 TRACE 22976 --- [FinanceManagementSystem] [http-nio-8080-exec-5] org.hibernate.orm.jdbc.bind              : binding parameter (1:BIGINT) <- [2]
2026-09-07T19:35:47.248+05:30 TRACE 22976 --- [FinanceManagementSystem] [http-nio-8080-exec-5] org.hibernate.orm.jdbc.bind              : binding parameter (2:DATE) <- [2026-04-01]
2026-09-07T19:35:47.249+05:30 TRACE 22976 --- [FinanceManagementSystem] [http-nio-8080-exec-5] org.hibernate.orm.jdbc.bind              : binding parameter (3:DATE) <- [2026-04-30]
2026-09-07T19:35:47.252+05:30 DEBUG 22976 --- [FinanceManagementSystem] [http-nio-8080-exec-5] org.hibernate.SQL                        : select p1_0.id,p1_0.amount,p1_0.created_at,p1_0.gst_amount,p1_0.gst_percentage,p1_0.payment_status,p1_0.public_id,p1_0.purchase_date,p1_0.purchase_number,p1_0.purchase_status,p1_0.rate_per_unit,p1_0.raw_material,p1_0.supplier_id,p1_0.supplier_invoice_number,p1_0.total_amount,p1_0.unit,p1_0.updated_at,p1_0.user_id,p1_0.weight from purchases p1_0 where p1_0.user_id=? and p1_0.purchase_date between ? and ?
2026-09-07T19:35:47.252+05:30 TRACE 22976 --- [FinanceManagementSystem] [http-nio-8080-exec-5] org.hibernate.orm.jdbc.bind              : binding parameter (1:BIGINT) <- [2]
2026-09-07T19:35:47.252+05:30 TRACE 22976 --- [FinanceManagementSystem] [http-nio-8080-exec-5] org.hibernate.orm.jdbc.bind              : binding parameter (2:DATE) <- [2026-04-01]
2026-09-07T19:35:47.252+05:30 TRACE 22976 --- [FinanceManagementSystem] [http-nio-8080-exec-5] org.hibernate.orm.jdbc.bind              : binding parameter (3:DATE) <- [2026-04-30]
2026-09-07T19:35:47.254+05:30 DEBUG 22976 --- [FinanceManagementSystem] [http-nio-8080-exec-5] org.hibernate.SQL                        : select coalesce(sum(e1_0.amount),0) from expenses e1_0 where e1_0.user_id=? and e1_0.is_active=1 and (? is null or e1_0.expense_date>=?) and (? is null or e1_0.expense_date<=?)
2026-09-07T19:35:47.255+05:30 TRACE 22976 --- [FinanceManagementSystem] [http-nio-8080-exec-5] org.hibernate.orm.jdbc.bind              : binding parameter (1:BIGINT) <- [2]
2026-09-07T19:35:47.255+05:30 TRACE 22976 --- [FinanceManagementSystem] [http-nio-8080-exec-5] org.hibernate.orm.jdbc.bind              : binding parameter (2:DATE) <- [2026-04-01]
2026-09-07T19:35:47.255+05:30 TRACE 22976 --- [FinanceManagementSystem] [http-nio-8080-exec-5] org.hibernate.orm.jdbc.bind              : binding parameter (3:DATE) <- [2026-04-01]
2026-09-07T19:35:47.255+05:30 TRACE 22976 --- [FinanceManagementSystem] [http-nio-8080-exec-5] org.hibernate.orm.jdbc.bind              : binding parameter (4:DATE) <- [2026-04-30]
2026-09-07T19:35:47.255+05:30 TRACE 22976 --- [FinanceManagementSystem] [http-nio-8080-exec-5] org.hibernate.orm.jdbc.bind              : binding parameter (5:DATE) <- [2026-04-30]
2026-09-07T19:35:47.258+05:30 DEBUG 22976 --- [FinanceManagementSystem] [http-nio-8080-exec-5] org.hibernate.SQL                        : select s1_0.id,s1_0.amount,s1_0.created_at,s1_0.customer_id,s1_0.customer_invoice_number,s1_0.gst_amount,s1_0.gst_percentage,s1_0.payment_status,s1_0.public_id,s1_0.rate_per_unit,s1_0.raw_material,s1_0.sale_date,s1_0.sale_number,s1_0.total_amount,s1_0.unit,s1_0.updated_at,s1_0.user_id,s1_0.weight from sales s1_0 where s1_0.user_id=? and s1_0.sale_date between ? and ?
2026-09-07T19:35:47.258+05:30 TRACE 22976 --- [FinanceManagementSystem] [http-nio-8080-exec-5] org.hibernate.orm.jdbc.bind              : binding parameter (1:BIGINT) <- [2]
2026-09-07T19:35:47.258+05:30 TRACE 22976 --- [FinanceManagementSystem] [http-nio-8080-exec-5] org.hibernate.orm.jdbc.bind              : binding parameter (2:DATE) <- [2026-05-01]
2026-09-07T19:35:47.258+05:30 TRACE 22976 --- [FinanceManagementSystem] [http-nio-8080-exec-5] org.hibernate.orm.jdbc.bind              : binding parameter (3:DATE) <- [2026-05-31]
2026-09-07T19:35:47.261+05:30 DEBUG 22976 --- [FinanceManagementSystem] [http-nio-8080-exec-5] org.hibernate.SQL                        : select p1_0.id,p1_0.amount,p1_0.created_at,p1_0.gst_amount,p1_0.gst_percentage,p1_0.payment_status,p1_0.public_id,p1_0.purchase_date,p1_0.purchase_number,p1_0.purchase_status,p1_0.rate_per_unit,p1_0.raw_material,p1_0.supplier_id,p1_0.supplier_invoice_number,p1_0.total_amount,p1_0.unit,p1_0.updated_at,p1_0.user_id,p1_0.weight from purchases p1_0 where p1_0.user_id=? and p1_0.purchase_date between ? and ?
2026-09-07T19:35:47.261+05:30 TRACE 22976 --- [FinanceManagementSystem] [http-nio-8080-exec-5] org.hibernate.orm.jdbc.bind              : binding parameter (1:BIGINT) <- [2]
2026-09-07T19:35:47.261+05:30 TRACE 22976 --- [FinanceManagementSystem] [http-nio-8080-exec-5] org.hibernate.orm.jdbc.bind              : binding parameter (2:DATE) <- [2026-05-01]
2026-09-07T19:35:47.261+05:30 TRACE 22976 --- [FinanceManagementSystem] [http-nio-8080-exec-5] org.hibernate.orm.jdbc.bind              : binding parameter (3:DATE) <- [2026-05-31]
2026-09-07T19:35:47.263+05:30 DEBUG 22976 --- [FinanceManagementSystem] [http-nio-8080-exec-5] org.hibernate.SQL                        : select coalesce(sum(e1_0.amount),0) from expenses e1_0 where e1_0.user_id=? and e1_0.is_active=1 and (? is null or e1_0.expense_date>=?) and (? is null or e1_0.expense_date<=?)
2026-09-07T19:35:47.263+05:30 TRACE 22976 --- [FinanceManagementSystem] [http-nio-8080-exec-5] org.hibernate.orm.jdbc.bind              : binding parameter (1:BIGINT) <- [2]
2026-09-07T19:35:47.263+05:30 TRACE 22976 --- [FinanceManagementSystem] [http-nio-8080-exec-5] org.hibernate.orm.jdbc.bind              : binding parameter (2:DATE) <- [2026-05-01]
2026-09-07T19:35:47.263+05:30 TRACE 22976 --- [FinanceManagementSystem] [http-nio-8080-exec-5] org.hibernate.orm.jdbc.bind              : binding parameter (3:DATE) <- [2026-05-01]
2026-09-07T19:35:47.263+05:30 TRACE 22976 --- [FinanceManagementSystem] [http-nio-8080-exec-5] org.hibernate.orm.jdbc.bind              : binding parameter (4:DATE) <- [2026-05-31]
2026-09-07T19:35:47.264+05:30 TRACE 22976 --- [FinanceManagementSystem] [http-nio-8080-exec-5] org.hibernate.orm.jdbc.bind              : binding parameter (5:DATE) <- [2026-05-31]
2026-09-07T19:35:47.265+05:30 DEBUG 22976 --- [FinanceManagementSystem] [http-nio-8080-exec-5] org.hibernate.SQL                        : select s1_0.id,s1_0.amount,s1_0.created_at,s1_0.customer_id,s1_0.customer_invoice_number,s1_0.gst_amount,s1_0.gst_percentage,s1_0.payment_status,s1_0.public_id,s1_0.rate_per_unit,s1_0.raw_material,s1_0.sale_date,s1_0.sale_number,s1_0.total_amount,s1_0.unit,s1_0.updated_at,s1_0.user_id,s1_0.weight from sales s1_0 where s1_0.user_id=? and s1_0.sale_date between ? and ?
2026-09-07T19:35:47.266+05:30 TRACE 22976 --- [FinanceManagementSystem] [http-nio-8080-exec-5] org.hibernate.orm.jdbc.bind              : binding parameter (1:BIGINT) <- [2]
2026-09-07T19:35:47.266+05:30 TRACE 22976 --- [FinanceManagementSystem] [http-nio-8080-exec-5] org.hibernate.orm.jdbc.bind              : binding parameter (2:DATE) <- [2026-06-01]
2026-09-07T19:35:47.266+05:30 TRACE 22976 --- [FinanceManagementSystem] [http-nio-8080-exec-5] org.hibernate.orm.jdbc.bind              : binding parameter (3:DATE) <- [2026-06-30]
2026-09-07T19:35:47.268+05:30 DEBUG 22976 --- [FinanceManagementSystem] [http-nio-8080-exec-5] org.hibernate.SQL                        : select p1_0.id,p1_0.amount,p1_0.created_at,p1_0.gst_amount,p1_0.gst_percentage,p1_0.payment_status,p1_0.public_id,p1_0.purchase_date,p1_0.purchase_number,p1_0.purchase_status,p1_0.rate_per_unit,p1_0.raw_material,p1_0.supplier_id,p1_0.supplier_invoice_number,p1_0.total_amount,p1_0.unit,p1_0.updated_at,p1_0.user_id,p1_0.weight from purchases p1_0 where p1_0.user_id=? and p1_0.purchase_date between ? and ?
2026-09-07T19:35:47.268+05:30 TRACE 22976 --- [FinanceManagementSystem] [http-nio-8080-exec-5] org.hibernate.orm.jdbc.bind              : binding parameter (1:BIGINT) <- [2]
2026-09-07T19:35:47.268+05:30 TRACE 22976 --- [FinanceManagementSystem] [http-nio-8080-exec-5] org.hibernate.orm.jdbc.bind              : binding parameter (2:DATE) <- [2026-06-01]
2026-09-07T19:35:47.268+05:30 TRACE 22976 --- [FinanceManagementSystem] [http-nio-8080-exec-5] org.hibernate.orm.jdbc.bind              : binding parameter (3:DATE) <- [2026-06-30]
2026-09-07T19:35:47.269+05:30 DEBUG 22976 --- [FinanceManagementSystem] [http-nio-8080-exec-5] org.hibernate.SQL                        : select coalesce(sum(e1_0.amount),0) from expenses e1_0 where e1_0.user_id=? and e1_0.is_active=1 and (? is null or e1_0.expense_date>=?) and (? is null or e1_0.expense_date<=?)
2026-09-07T19:35:47.270+05:30 TRACE 22976 --- [FinanceManagementSystem] [http-nio-8080-exec-5] org.hibernate.orm.jdbc.bind              : binding parameter (1:BIGINT) <- [2]
2026-09-07T19:35:47.270+05:30 TRACE 22976 --- [FinanceManagementSystem] [http-nio-8080-exec-5] org.hibernate.orm.jdbc.bind              : binding parameter (2:DATE) <- [2026-06-01]
2026-09-07T19:35:47.270+05:30 TRACE 22976 --- [FinanceManagementSystem] [http-nio-8080-exec-5] org.hibernate.orm.jdbc.bind              : binding parameter (3:DATE) <- [2026-06-01]
2026-09-07T19:35:47.270+05:30 TRACE 22976 --- [FinanceManagementSystem] [http-nio-8080-exec-5] org.hibernate.orm.jdbc.bind              : binding parameter (4:DATE) <- [2026-06-30]
2026-09-07T19:35:47.270+05:30 TRACE 22976 --- [FinanceManagementSystem] [http-nio-8080-exec-5] org.hibernate.orm.jdbc.bind              : binding parameter (5:DATE) <- [2026-06-30]
2026-09-07T19:35:47.272+05:30 DEBUG 22976 --- [FinanceManagementSystem] [http-nio-8080-exec-5] org.hibernate.SQL                        : select s1_0.id,s1_0.amount,s1_0.created_at,s1_0.customer_id,s1_0.customer_invoice_number,s1_0.gst_amount,s1_0.gst_percentage,s1_0.payment_status,s1_0.public_id,s1_0.rate_per_unit,s1_0.raw_material,s1_0.sale_date,s1_0.sale_number,s1_0.total_amount,s1_0.unit,s1_0.updated_at,s1_0.user_id,s1_0.weight from sales s1_0 where s1_0.user_id=? and s1_0.sale_date between ? and ?
2026-09-07T19:35:47.272+05:30 TRACE 22976 --- [FinanceManagementSystem] [http-nio-8080-exec-5] org.hibernate.orm.jdbc.bind              : binding parameter (1:BIGINT) <- [2]
2026-09-07T19:35:47.272+05:30 TRACE 22976 --- [FinanceManagementSystem] [http-nio-8080-exec-5] org.hibernate.orm.jdbc.bind              : binding parameter (2:DATE) <- [2026-07-01]
2026-09-07T19:35:47.272+05:30 TRACE 22976 --- [FinanceManagementSystem] [http-nio-8080-exec-5] org.hibernate.orm.jdbc.bind              : binding parameter (3:DATE) <- [2026-07-31]
2026-09-07T19:35:47.274+05:30 DEBUG 22976 --- [FinanceManagementSystem] [http-nio-8080-exec-5] org.hibernate.SQL                        : select p1_0.id,p1_0.amount,p1_0.created_at,p1_0.gst_amount,p1_0.gst_percentage,p1_0.payment_status,p1_0.public_id,p1_0.purchase_date,p1_0.purchase_number,p1_0.purchase_status,p1_0.rate_per_unit,p1_0.raw_material,p1_0.supplier_id,p1_0.supplier_invoice_number,p1_0.total_amount,p1_0.unit,p1_0.updated_at,p1_0.user_id,p1_0.weight from purchases p1_0 where p1_0.user_id=? and p1_0.purchase_date between ? and ?
2026-09-07T19:35:47.274+05:30 TRACE 22976 --- [FinanceManagementSystem] [http-nio-8080-exec-5] org.hibernate.orm.jdbc.bind              : binding parameter (1:BIGINT) <- [2]
2026-09-07T19:35:47.274+05:30 TRACE 22976 --- [FinanceManagementSystem] [http-nio-8080-exec-5] org.hibernate.orm.jdbc.bind              : binding parameter (2:DATE) <- [2026-07-01]
2026-09-07T19:35:47.274+05:30 TRACE 22976 --- [FinanceManagementSystem] [http-nio-8080-exec-5] org.hibernate.orm.jdbc.bind              : binding parameter (3:DATE) <- [2026-07-31]
2026-09-07T19:35:47.275+05:30 DEBUG 22976 --- [FinanceManagementSystem] [http-nio-8080-exec-5] org.hibernate.SQL                        : select coalesce(sum(e1_0.amount),0) from expenses e1_0 where e1_0.user_id=? and e1_0.is_active=1 and (? is null or e1_0.expense_date>=?) and (? is null or e1_0.expense_date<=?)
2026-09-07T19:35:47.276+05:30 TRACE 22976 --- [FinanceManagementSystem] [http-nio-8080-exec-5] org.hibernate.orm.jdbc.bind              : binding parameter (1:BIGINT) <- [2]
2026-09-07T19:35:47.276+05:30 TRACE 22976 --- [FinanceManagementSystem] [http-nio-8080-exec-5] org.hibernate.orm.jdbc.bind              : binding parameter (2:DATE) <- [2026-07-01]
2026-09-07T19:35:47.276+05:30 TRACE 22976 --- [FinanceManagementSystem] [http-nio-8080-exec-5] org.hibernate.orm.jdbc.bind              : binding parameter (3:DATE) <- [2026-07-01]
2026-09-07T19:35:47.276+05:30 TRACE 22976 --- [FinanceManagementSystem] [http-nio-8080-exec-5] org.hibernate.orm.jdbc.bind              : binding parameter (4:DATE) <- [2026-07-31]
2026-09-07T19:35:47.276+05:30 TRACE 22976 --- [FinanceManagementSystem] [http-nio-8080-exec-5] org.hibernate.orm.jdbc.bind              : binding parameter (5:DATE) <- [2026-07-31]
2026-09-07T19:35:47.277+05:30 DEBUG 22976 --- [FinanceManagementSystem] [http-nio-8080-exec-5] org.hibernate.SQL                        : select s1_0.id,s1_0.amount,s1_0.created_at,s1_0.customer_id,s1_0.customer_invoice_number,s1_0.gst_amount,s1_0.gst_percentage,s1_0.payment_status,s1_0.public_id,s1_0.rate_per_unit,s1_0.raw_material,s1_0.sale_date,s1_0.sale_number,s1_0.total_amount,s1_0.unit,s1_0.updated_at,s1_0.user_id,s1_0.weight from sales s1_0 where s1_0.user_id=? and s1_0.sale_date between ? and ?
2026-09-07T19:35:47.277+05:30 TRACE 22976 --- [FinanceManagementSystem] [http-nio-8080-exec-5] org.hibernate.orm.jdbc.bind              : binding parameter (1:BIGINT) <- [2]
2026-09-07T19:35:47.277+05:30 TRACE 22976 --- [FinanceManagementSystem] [http-nio-8080-exec-5] org.hibernate.orm.jdbc.bind              : binding parameter (2:DATE) <- [2026-08-01]
2026-09-07T19:35:47.277+05:30 TRACE 22976 --- [FinanceManagementSystem] [http-nio-8080-exec-5] org.hibernate.orm.jdbc.bind              : binding parameter (3:DATE) <- [2026-08-31]
2026-09-07T19:35:47.279+05:30 DEBUG 22976 --- [FinanceManagementSystem] [http-nio-8080-exec-5] org.hibernate.SQL                        : select p1_0.id,p1_0.amount,p1_0.created_at,p1_0.gst_amount,p1_0.gst_percentage,p1_0.payment_status,p1_0.public_id,p1_0.purchase_date,p1_0.purchase_number,p1_0.purchase_status,p1_0.rate_per_unit,p1_0.raw_material,p1_0.supplier_id,p1_0.supplier_invoice_number,p1_0.total_amount,p1_0.unit,p1_0.updated_at,p1_0.user_id,p1_0.weight from purchases p1_0 where p1_0.user_id=? and p1_0.purchase_date between ? and ?
2026-09-07T19:35:47.279+05:30 TRACE 22976 --- [FinanceManagementSystem] [http-nio-8080-exec-5] org.hibernate.orm.jdbc.bind              : binding parameter (1:BIGINT) <- [2]
2026-09-07T19:35:47.279+05:30 TRACE 22976 --- [FinanceManagementSystem] [http-nio-8080-exec-5] org.hibernate.orm.jdbc.bind              : binding parameter (2:DATE) <- [2026-08-01]
2026-09-07T19:35:47.279+05:30 TRACE 22976 --- [FinanceManagementSystem] [http-nio-8080-exec-5] org.hibernate.orm.jdbc.bind              : binding parameter (3:DATE) <- [2026-08-31]
2026-09-07T19:35:47.280+05:30 DEBUG 22976 --- [FinanceManagementSystem] [http-nio-8080-exec-5] org.hibernate.SQL                        : select coalesce(sum(e1_0.amount),0) from expenses e1_0 where e1_0.user_id=? and e1_0.is_active=1 and (? is null or e1_0.expense_date>=?) and (? is null or e1_0.expense_date<=?)
2026-09-07T19:35:47.281+05:30 TRACE 22976 --- [FinanceManagementSystem] [http-nio-8080-exec-5] org.hibernate.orm.jdbc.bind              : binding parameter (1:BIGINT) <- [2]
2026-09-07T19:35:47.281+05:30 TRACE 22976 --- [FinanceManagementSystem] [http-nio-8080-exec-5] org.hibernate.orm.jdbc.bind              : binding parameter (2:DATE) <- [2026-08-01]
2026-09-07T19:35:47.281+05:30 TRACE 22976 --- [FinanceManagementSystem] [http-nio-8080-exec-5] org.hibernate.orm.jdbc.bind              : binding parameter (3:DATE) <- [2026-08-01]
2026-09-07T19:35:47.281+05:30 TRACE 22976 --- [FinanceManagementSystem] [http-nio-8080-exec-5] org.hibernate.orm.jdbc.bind              : binding parameter (4:DATE) <- [2026-08-31]
2026-09-07T19:35:47.281+05:30 TRACE 22976 --- [FinanceManagementSystem] [http-nio-8080-exec-5] org.hibernate.orm.jdbc.bind              : binding parameter (5:DATE) <- [2026-08-31]
2026-09-07T19:35:47.282+05:30 DEBUG 22976 --- [FinanceManagementSystem] [http-nio-8080-exec-5] org.hibernate.SQL                        : select s1_0.id,s1_0.amount,s1_0.created_at,s1_0.customer_id,s1_0.customer_invoice_number,s1_0.gst_amount,s1_0.gst_percentage,s1_0.payment_status,s1_0.public_id,s1_0.rate_per_unit,s1_0.raw_material,s1_0.sale_date,s1_0.sale_number,s1_0.total_amount,s1_0.unit,s1_0.updated_at,s1_0.user_id,s1_0.weight from sales s1_0 where s1_0.user_id=? and s1_0.sale_date between ? and ?
2026-09-07T19:35:47.282+05:30 TRACE 22976 --- [FinanceManagementSystem] [http-nio-8080-exec-5] org.hibernate.orm.jdbc.bind              : binding parameter (1:BIGINT) <- [2]
2026-09-07T19:35:47.282+05:30 TRACE 22976 --- [FinanceManagementSystem] [http-nio-8080-exec-5] org.hibernate.orm.jdbc.bind              : binding parameter (2:DATE) <- [2026-09-01]
2026-09-07T19:35:47.282+05:30 TRACE 22976 --- [FinanceManagementSystem] [http-nio-8080-exec-5] org.hibernate.orm.jdbc.bind              : binding parameter (3:DATE) <- [2026-09-30]
2026-09-07T19:35:47.284+05:30 DEBUG 22976 --- [FinanceManagementSystem] [http-nio-8080-exec-5] org.hibernate.SQL                        : select p1_0.id,p1_0.amount,p1_0.created_at,p1_0.gst_amount,p1_0.gst_percentage,p1_0.payment_status,p1_0.public_id,p1_0.purchase_date,p1_0.purchase_number,p1_0.purchase_status,p1_0.rate_per_unit,p1_0.raw_material,p1_0.supplier_id,p1_0.supplier_invoice_number,p1_0.total_amount,p1_0.unit,p1_0.updated_at,p1_0.user_id,p1_0.weight from purchases p1_0 where p1_0.user_id=? and p1_0.purchase_date between ? and ?
2026-09-07T19:35:47.284+05:30 TRACE 22976 --- [FinanceManagementSystem] [http-nio-8080-exec-5] org.hibernate.orm.jdbc.bind              : binding parameter (1:BIGINT) <- [2]
2026-09-07T19:35:47.284+05:30 TRACE 22976 --- [FinanceManagementSystem] [http-nio-8080-exec-5] org.hibernate.orm.jdbc.bind              : binding parameter (2:DATE) <- [2026-09-01]
2026-09-07T19:35:47.284+05:30 TRACE 22976 --- [FinanceManagementSystem] [http-nio-8080-exec-5] org.hibernate.orm.jdbc.bind              : binding parameter (3:DATE) <- [2026-09-30]
2026-09-07T19:35:47.285+05:30 DEBUG 22976 --- [FinanceManagementSystem] [http-nio-8080-exec-5] org.hibernate.SQL                        : select coalesce(sum(e1_0.amount),0) from expenses e1_0 where e1_0.user_id=? and e1_0.is_active=1 and (? is null or e1_0.expense_date>=?) and (? is null or e1_0.expense_date<=?)
2026-09-07T19:35:47.285+05:30 TRACE 22976 --- [FinanceManagementSystem] [http-nio-8080-exec-5] org.hibernate.orm.jdbc.bind              : binding parameter (1:BIGINT) <- [2]
2026-09-07T19:35:47.285+05:30 TRACE 22976 --- [FinanceManagementSystem] [http-nio-8080-exec-5] org.hibernate.orm.jdbc.bind              : binding parameter (2:DATE) <- [2026-09-01]
2026-09-07T19:35:47.285+05:30 TRACE 22976 --- [FinanceManagementSystem] [http-nio-8080-exec-5] org.hibernate.orm.jdbc.bind              : binding parameter (3:DATE) <- [2026-09-01]
2026-09-07T19:35:47.285+05:30 TRACE 22976 --- [FinanceManagementSystem] [http-nio-8080-exec-5] org.hibernate.orm.jdbc.bind              : binding parameter (4:DATE) <- [2026-09-30]
2026-09-07T19:35:47.285+05:30 TRACE 22976 --- [FinanceManagementSystem] [http-nio-8080-exec-5] org.hibernate.orm.jdbc.bind              : binding parameter (5:DATE) <- [2026-09-30]
2026-09-07T19:35:47.287+05:30 DEBUG 22976 --- [FinanceManagementSystem] [http-nio-8080-exec-5] org.hibernate.SQL                        : select s1_0.id,s1_0.amount,s1_0.created_at,s1_0.customer_id,s1_0.customer_invoice_number,s1_0.gst_amount,s1_0.gst_percentage,s1_0.payment_status,s1_0.public_id,s1_0.rate_per_unit,s1_0.raw_material,s1_0.sale_date,s1_0.sale_number,s1_0.total_amount,s1_0.unit,s1_0.updated_at,s1_0.user_id,s1_0.weight from sales s1_0 where s1_0.user_id=? order by s1_0.sale_date desc,s1_0.id desc limit ?
2026-09-07T19:35:47.287+05:30 TRACE 22976 --- [FinanceManagementSystem] [http-nio-8080-exec-5] org.hibernate.orm.jdbc.bind              : binding parameter (1:BIGINT) <- [2]
2026-09-07T19:35:47.287+05:30 TRACE 22976 --- [FinanceManagementSystem] [http-nio-8080-exec-5] org.hibernate.orm.jdbc.bind              : binding parameter (2:INTEGER) <- [5]
2026-09-07T19:35:47.290+05:30 DEBUG 22976 --- [FinanceManagementSystem] [http-nio-8080-exec-5] org.hibernate.SQL                        : select p1_0.id,p1_0.amount,p1_0.created_at,p1_0.gst_amount,p1_0.gst_percentage,p1_0.payment_status,p1_0.public_id,p1_0.purchase_date,p1_0.purchase_number,p1_0.purchase_status,p1_0.rate_per_unit,p1_0.raw_material,p1_0.supplier_id,p1_0.supplier_invoice_number,p1_0.total_amount,p1_0.unit,p1_0.updated_at,p1_0.user_id,p1_0.weight from purchases p1_0 where p1_0.user_id=? order by p1_0.purchase_date desc,p1_0.id desc limit ?
2026-09-07T19:35:47.290+05:30 TRACE 22976 --- [FinanceManagementSystem] [http-nio-8080-exec-5] org.hibernate.orm.jdbc.bind              : binding parameter (1:BIGINT) <- [2]
2026-09-07T19:35:47.290+05:30 TRACE 22976 --- [FinanceManagementSystem] [http-nio-8080-exec-5] org.hibernate.orm.jdbc.bind              : binding parameter (2:INTEGER) <- [5]
2026-09-07T19:35:47.292+05:30 DEBUG 22976 --- [FinanceManagementSystem] [http-nio-8080-exec-5] org.hibernate.SQL                        : select s1_0.id,a1_0.id,a1_0.address_line_1,a1_0.address_line_2,a1_0.city,a1_0.country,a1_0.created_at,a1_0.pincode,a1_0.state,a1_0.supplier_id,a1_0.updated_at,s1_0.alternate_mobile_number,s1_0.contact_person,s1_0.created_at,s1_0.email,s1_0.gst_number,s1_0.is_active,s1_0.mobile_number,s1_0.opening_balance,s1_0.payment_terms,s1_0.public_id,s1_0.supplier_name,s1_0.updated_at,s1_0.user_id from suppliers s1_0 left join supplier_address a1_0 on s1_0.id=a1_0.supplier_id where s1_0.id=?
2026-09-07T19:35:47.292+05:30 TRACE 22976 --- [FinanceManagementSystem] [http-nio-8080-exec-5] org.hibernate.orm.jdbc.bind              : binding parameter (1:BIGINT) <- [1]
2026-09-07T19:35:47.294+05:30 DEBUG 22976 --- [FinanceManagementSystem] [http-nio-8080-exec-5] org.hibernate.SQL                        : select e1_0.id,e1_0.amount,e1_0.category,e1_0.created_at,e1_0.description,e1_0.expense_date,e1_0.expense_number,e1_0.is_active,e1_0.payment_mode,e1_0.public_id,e1_0.reference_number,e1_0.remarks,e1_0.updated_at,e1_0.user_id from expenses e1_0 where e1_0.user_id=? and e1_0.is_active order by e1_0.expense_date desc limit ?
2026-09-07T19:35:47.294+05:30 TRACE 22976 --- [FinanceManagementSystem] [http-nio-8080-exec-5] org.hibernate.orm.jdbc.bind              : binding parameter (1:BIGINT) <- [2]
2026-09-07T19:35:47.294+05:30 TRACE 22976 --- [FinanceManagementSystem] [http-nio-8080-exec-5] org.hibernate.orm.jdbc.bind              : binding parameter (2:INTEGER) <- [5]
2026-09-07T19:35:47.296+05:30 DEBUG 22976 --- [FinanceManagementSystem] [http-nio-8080-exec-5] org.hibernate.SQL                        : select count(e1_0.id) from expenses e1_0 where e1_0.user_id=? and e1_0.is_active
2026-09-07T19:35:47.297+05:30 TRACE 22976 --- [FinanceManagementSystem] [http-nio-8080-exec-5] org.hibernate.orm.jdbc.bind              : binding parameter (1:BIGINT) <- [2]
2026-09-07T19:36:07.313+05:30 DEBUG 22976 --- [FinanceManagementSystem] [http-nio-8080-exec-8] org.hibernate.SQL                        : SELECT * FROM users WHERE LOWER(TRIM(email)) = LOWER(TRIM(?))
2026-09-07T19:36:07.313+05:30 TRACE 22976 --- [FinanceManagementSystem] [http-nio-8080-exec-8] org.hibernate.orm.jdbc.bind              : binding parameter (1:VARCHAR) <- [bhavesh@gmail.com]
2026-09-07T19:36:07.318+05:30 DEBUG 22976 --- [FinanceManagementSystem] [http-nio-8080-exec-8] org.hibernate.SQL                        : select ua1_0.id,ua1_0.area,ua1_0.city,ua1_0.country,ua1_0.created_at,ua1_0.house_no,ua1_0.pincode,ua1_0.society_name,ua1_0.state,ua1_0.updated_at,ua1_0.user_id from user_address ua1_0 where ua1_0.user_id=?
2026-09-07T19:36:07.319+05:30 TRACE 22976 --- [FinanceManagementSystem] [http-nio-8080-exec-8] org.hibernate.orm.jdbc.bind              : binding parameter (1:BIGINT) <- [2]
2026-09-07T19:36:07.321+05:30  INFO 22976 --- [FinanceManagementSystem] [http-nio-8080-exec-8] F.d.Security.CustomUserDetailsService    : CustomUserDetailsService - User loaded successfully: bhavesh@gmail.com
2026-09-07T19:36:07.325+05:30  INFO 22976 --- [FinanceManagementSystem] [http-nio-8080-exec-8] F.demo.Security.JwtUtil                  : JwtUtil - JWT token validation successful for user: bhavesh@gmail.com
2026-09-07T19:36:07.325+05:30  INFO 22976 --- [FinanceManagementSystem] [http-nio-8080-exec-8] F.demo.Security.JwtFilter                : JwtFilter - JWT validated successfully for user: bhavesh@gmail.com
2026-09-07T19:36:07.326+05:30  INFO 22976 --- [FinanceManagementSystem] [http-nio-8080-exec-8] F.demo.Controller.DashboardController    : CONTROLLER - request came in getDashboardSummary...
2026-09-07T19:36:07.327+05:30  INFO 22976 --- [FinanceManagementSystem] [http-nio-8080-exec-8] F.d.S.Implementations.DashboardService   : SERVICE - request came in getDashboardSummary...
2026-09-07T19:36:07.327+05:30 DEBUG 22976 --- [FinanceManagementSystem] [http-nio-8080-exec-8] org.hibernate.SQL                        : SELECT * FROM users WHERE LOWER(TRIM(email)) = LOWER(TRIM(?))
2026-09-07T19:36:07.327+05:30 TRACE 22976 --- [FinanceManagementSystem] [http-nio-8080-exec-8] org.hibernate.orm.jdbc.bind              : binding parameter (1:VARCHAR) <- [bhavesh@gmail.com]
2026-09-07T19:36:07.328+05:30 DEBUG 22976 --- [FinanceManagementSystem] [http-nio-8080-exec-8] org.hibernate.SQL                        : select ua1_0.id,ua1_0.area,ua1_0.city,ua1_0.country,ua1_0.created_at,ua1_0.house_no,ua1_0.pincode,ua1_0.society_name,ua1_0.state,ua1_0.updated_at,ua1_0.user_id from user_address ua1_0 where ua1_0.user_id=?
2026-09-07T19:36:07.329+05:30 TRACE 22976 --- [FinanceManagementSystem] [http-nio-8080-exec-8] org.hibernate.orm.jdbc.bind              : binding parameter (1:BIGINT) <- [2]
2026-09-07T19:36:07.329+05:30  INFO 22976 --- [FinanceManagementSystem] [http-nio-8080-exec-8] F.d.S.I.PurchasePaymentService           : SERVICE - request came in getTotalOutstandingAmount...
2026-09-07T19:36:07.330+05:30 DEBUG 22976 --- [FinanceManagementSystem] [http-nio-8080-exec-8] org.hibernate.SQL                        : SELECT * FROM users WHERE LOWER(TRIM(email)) = LOWER(TRIM(?))
2026-09-07T19:36:07.330+05:30 TRACE 22976 --- [FinanceManagementSystem] [http-nio-8080-exec-8] org.hibernate.orm.jdbc.bind              : binding parameter (1:VARCHAR) <- [bhavesh@gmail.com]
2026-09-07T19:36:07.332+05:30 DEBUG 22976 --- [FinanceManagementSystem] [http-nio-8080-exec-8] org.hibernate.SQL                        : select p1_0.id,p1_0.amount,p1_0.created_at,p1_0.gst_amount,p1_0.gst_percentage,p1_0.payment_status,p1_0.public_id,p1_0.purchase_date,p1_0.purchase_number,p1_0.purchase_status,p1_0.rate_per_unit,p1_0.raw_material,p1_0.supplier_id,p1_0.supplier_invoice_number,p1_0.total_amount,p1_0.unit,p1_0.updated_at,p1_0.user_id,p1_0.weight from purchases p1_0 where p1_0.user_id=? and p1_0.payment_status in (?,?)
2026-09-07T19:36:07.332+05:30 TRACE 22976 --- [FinanceManagementSystem] [http-nio-8080-exec-8] org.hibernate.orm.jdbc.bind              : binding parameter (1:BIGINT) <- [2]
2026-09-07T19:36:07.332+05:30 TRACE 22976 --- [FinanceManagementSystem] [http-nio-8080-exec-8] org.hibernate.orm.jdbc.bind              : binding parameter (2:ENUM) <- [PENDING]
2026-09-07T19:36:07.332+05:30 TRACE 22976 --- [FinanceManagementSystem] [http-nio-8080-exec-8] org.hibernate.orm.jdbc.bind              : binding parameter (3:ENUM) <- [PARTIALLY_PAID]
2026-09-07T19:36:07.334+05:30  INFO 22976 --- [FinanceManagementSystem] [http-nio-8080-exec-8] F.d.S.I.SalePaymentService               : SERVICE - request came in getTotalReceivableAmount...
2026-09-07T19:36:07.334+05:30 DEBUG 22976 --- [FinanceManagementSystem] [http-nio-8080-exec-8] org.hibernate.SQL                        : SELECT * FROM users WHERE LOWER(TRIM(email)) = LOWER(TRIM(?))
2026-09-07T19:36:07.334+05:30 TRACE 22976 --- [FinanceManagementSystem] [http-nio-8080-exec-8] org.hibernate.orm.jdbc.bind              : binding parameter (1:VARCHAR) <- [bhavesh@gmail.com]
2026-09-07T19:36:07.335+05:30 DEBUG 22976 --- [FinanceManagementSystem] [http-nio-8080-exec-8] org.hibernate.SQL                        : select s1_0.id,s1_0.amount,s1_0.created_at,s1_0.customer_id,s1_0.customer_invoice_number,s1_0.gst_amount,s1_0.gst_percentage,s1_0.payment_status,s1_0.public_id,s1_0.rate_per_unit,s1_0.raw_material,s1_0.sale_date,s1_0.sale_number,s1_0.total_amount,s1_0.unit,s1_0.updated_at,s1_0.user_id,s1_0.weight from sales s1_0 where s1_0.user_id=? and s1_0.payment_status in (?,?)
2026-09-07T19:36:07.336+05:30 TRACE 22976 --- [FinanceManagementSystem] [http-nio-8080-exec-8] org.hibernate.orm.jdbc.bind              : binding parameter (1:BIGINT) <- [2]
2026-09-07T19:36:07.336+05:30 TRACE 22976 --- [FinanceManagementSystem] [http-nio-8080-exec-8] org.hibernate.orm.jdbc.bind              : binding parameter (2:ENUM) <- [PENDING]
2026-09-07T19:36:07.336+05:30 TRACE 22976 --- [FinanceManagementSystem] [http-nio-8080-exec-8] org.hibernate.orm.jdbc.bind              : binding parameter (3:ENUM) <- [PARTIALLY_PAID]
2026-09-07T19:36:07.341+05:30 DEBUG 22976 --- [FinanceManagementSystem] [http-nio-8080-exec-8] org.hibernate.SQL                        : select coalesce(sum(sp1_0.amount_received),0) from sale_payments sp1_0 where sp1_0.user_id=?
2026-09-07T19:36:07.341+05:30 TRACE 22976 --- [FinanceManagementSystem] [http-nio-8080-exec-8] org.hibernate.orm.jdbc.bind              : binding parameter (1:BIGINT) <- [2]
2026-09-07T19:36:07.342+05:30 DEBUG 22976 --- [FinanceManagementSystem] [http-nio-8080-exec-8] org.hibernate.SQL                        : select coalesce(sum(pp1_0.amount_paid),0) from purchase_payments pp1_0 where pp1_0.user_id=?
2026-09-07T19:36:07.343+05:30 TRACE 22976 --- [FinanceManagementSystem] [http-nio-8080-exec-8] org.hibernate.orm.jdbc.bind              : binding parameter (1:BIGINT) <- [2]
2026-09-07T19:36:07.345+05:30 DEBUG 22976 --- [FinanceManagementSystem] [http-nio-8080-exec-8] org.hibernate.SQL                        : select coalesce(sum(e1_0.amount),0) from expenses e1_0 where e1_0.user_id=? and e1_0.is_active=1 and (? is null or e1_0.expense_date>=?) and (? is null or e1_0.expense_date<=?)
2026-09-07T19:36:07.345+05:30 TRACE 22976 --- [FinanceManagementSystem] [http-nio-8080-exec-8] org.hibernate.orm.jdbc.bind              : binding parameter (1:BIGINT) <- [2]
2026-09-07T19:36:07.345+05:30 TRACE 22976 --- [FinanceManagementSystem] [http-nio-8080-exec-8] org.hibernate.orm.jdbc.bind              : binding parameter (2:DATE) <- [null]
2026-09-07T19:36:07.346+05:30 TRACE 22976 --- [FinanceManagementSystem] [http-nio-8080-exec-8] org.hibernate.orm.jdbc.bind              : binding parameter (3:DATE) <- [null]
2026-09-07T19:36:07.346+05:30 TRACE 22976 --- [FinanceManagementSystem] [http-nio-8080-exec-8] org.hibernate.orm.jdbc.bind              : binding parameter (4:DATE) <- [null]
2026-09-07T19:36:07.346+05:30 TRACE 22976 --- [FinanceManagementSystem] [http-nio-8080-exec-8] org.hibernate.orm.jdbc.bind              : binding parameter (5:DATE) <- [null]
2026-09-07T19:36:07.348+05:30 DEBUG 22976 --- [FinanceManagementSystem] [http-nio-8080-exec-8] org.hibernate.SQL                        : select coalesce(sum(ppw1_0.amount),0) from partner_profit_withdrawals ppw1_0 where ppw1_0.user_id=?
2026-09-07T19:36:07.348+05:30 TRACE 22976 --- [FinanceManagementSystem] [http-nio-8080-exec-8] org.hibernate.orm.jdbc.bind              : binding parameter (1:BIGINT) <- [2]
2026-09-07T19:36:07.353+05:30  INFO 22976 --- [FinanceManagementSystem] [http-nio-8080-exec-8] F.d.S.Implementations.ExpenseService     : SERVICE - request came in getTotalExpenses...
2026-09-07T19:36:07.353+05:30 DEBUG 22976 --- [FinanceManagementSystem] [http-nio-8080-exec-8] org.hibernate.SQL                        : SELECT * FROM users WHERE LOWER(TRIM(email)) = LOWER(TRIM(?))
2026-09-07T19:36:07.353+05:30 TRACE 22976 --- [FinanceManagementSystem] [http-nio-8080-exec-8] org.hibernate.orm.jdbc.bind              : binding parameter (1:VARCHAR) <- [bhavesh@gmail.com]
2026-09-07T19:36:07.354+05:30 DEBUG 22976 --- [FinanceManagementSystem] [http-nio-8080-exec-8] org.hibernate.SQL                        : select coalesce(sum(e1_0.amount),0) from expenses e1_0 where e1_0.user_id=? and e1_0.is_active=1 and (? is null or e1_0.expense_date>=?) and (? is null or e1_0.expense_date<=?)
2026-09-07T19:36:07.355+05:30 TRACE 22976 --- [FinanceManagementSystem] [http-nio-8080-exec-8] org.hibernate.orm.jdbc.bind              : binding parameter (1:BIGINT) <- [2]
2026-09-07T19:36:07.355+05:30 TRACE 22976 --- [FinanceManagementSystem] [http-nio-8080-exec-8] org.hibernate.orm.jdbc.bind              : binding parameter (2:DATE) <- [2026-09-01]
2026-09-07T19:36:07.355+05:30 TRACE 22976 --- [FinanceManagementSystem] [http-nio-8080-exec-8] org.hibernate.orm.jdbc.bind              : binding parameter (3:DATE) <- [2026-09-01]
2026-09-07T19:36:07.355+05:30 TRACE 22976 --- [FinanceManagementSystem] [http-nio-8080-exec-8] org.hibernate.orm.jdbc.bind              : binding parameter (4:DATE) <- [2026-09-07]
2026-09-07T19:36:07.355+05:30 TRACE 22976 --- [FinanceManagementSystem] [http-nio-8080-exec-8] org.hibernate.orm.jdbc.bind              : binding parameter (5:DATE) <- [2026-09-07]
2026-09-07T19:36:07.356+05:30  INFO 22976 --- [FinanceManagementSystem] [http-nio-8080-exec-8] F.d.S.Implementations.StockService       : SERVICE - request came in getLowStockList...
2026-09-07T19:36:07.356+05:30 DEBUG 22976 --- [FinanceManagementSystem] [http-nio-8080-exec-8] org.hibernate.SQL                        : SELECT * FROM users WHERE LOWER(TRIM(email)) = LOWER(TRIM(?))
2026-09-07T19:36:07.356+05:30 TRACE 22976 --- [FinanceManagementSystem] [http-nio-8080-exec-8] org.hibernate.orm.jdbc.bind              : binding parameter (1:VARCHAR) <- [bhavesh@gmail.com]
2026-09-07T19:36:07.358+05:30 DEBUG 22976 --- [FinanceManagementSystem] [http-nio-8080-exec-8] org.hibernate.SQL                        : select s1_0.id,s1_0.created_at,s1_0.current_quantity,s1_0.is_active,s1_0.minimum_stock_level,s1_0.public_id,s1_0.raw_material,s1_0.unit,s1_0.updated_at,s1_0.user_id,s1_0.version from stocks s1_0 where s1_0.user_id=?
2026-09-07T19:36:07.358+05:30 TRACE 22976 --- [FinanceManagementSystem] [http-nio-8080-exec-8] org.hibernate.orm.jdbc.bind              : binding parameter (1:BIGINT) <- [2]
2026-09-07T19:36:07.361+05:30 DEBUG 22976 --- [FinanceManagementSystem] [http-nio-8080-exec-8] org.hibernate.SQL                        : SELECT * FROM users WHERE LOWER(TRIM(email)) = LOWER(TRIM(?))
2026-09-07T19:36:07.361+05:30 TRACE 22976 --- [FinanceManagementSystem] [http-nio-8080-exec-8] org.hibernate.orm.jdbc.bind              : binding parameter (1:VARCHAR) <- [bhavesh@gmail.com]
2026-09-07T19:36:07.362+05:30 DEBUG 22976 --- [FinanceManagementSystem] [http-nio-8080-exec-8] org.hibernate.SQL                        : select pd1_0.id,pd1_0.created_at,pd1_0.from_date,pd1_0.net_profit,pd1_0.public_id,pd1_0.to_date,pd1_0.total_expenses,pd1_0.total_purchase_cost,pd1_0.total_revenue,pd1_0.updated_at,pd1_0.user_id from profit_distributions pd1_0 where pd1_0.user_id=? order by coalesce(pd1_0.updated_at,pd1_0.created_at) desc,pd1_0.id desc
2026-09-07T19:36:07.362+05:30 TRACE 22976 --- [FinanceManagementSystem] [http-nio-8080-exec-8] org.hibernate.orm.jdbc.bind              : binding parameter (1:BIGINT) <- [2]
2026-09-07T19:36:07.366+05:30 DEBUG 22976 --- [FinanceManagementSystem] [http-nio-8080-exec-8] org.hibernate.SQL                        : select s1_0.id,s1_0.amount,s1_0.created_at,s1_0.customer_id,s1_0.customer_invoice_number,s1_0.gst_amount,s1_0.gst_percentage,s1_0.payment_status,s1_0.public_id,s1_0.rate_per_unit,s1_0.raw_material,s1_0.sale_date,s1_0.sale_number,s1_0.total_amount,s1_0.unit,s1_0.updated_at,s1_0.user_id,s1_0.weight from sales s1_0 where s1_0.user_id=? and s1_0.sale_date between ? and ?
2026-09-07T19:36:07.366+05:30 TRACE 22976 --- [FinanceManagementSystem] [http-nio-8080-exec-8] org.hibernate.orm.jdbc.bind              : binding parameter (1:BIGINT) <- [2]
2026-09-07T19:36:07.366+05:30 TRACE 22976 --- [FinanceManagementSystem] [http-nio-8080-exec-8] org.hibernate.orm.jdbc.bind              : binding parameter (2:DATE) <- [2026-04-01]
2026-09-07T19:36:07.366+05:30 TRACE 22976 --- [FinanceManagementSystem] [http-nio-8080-exec-8] org.hibernate.orm.jdbc.bind              : binding parameter (3:DATE) <- [2026-04-30]
2026-09-07T19:36:07.368+05:30 DEBUG 22976 --- [FinanceManagementSystem] [http-nio-8080-exec-8] org.hibernate.SQL                        : select p1_0.id,p1_0.amount,p1_0.created_at,p1_0.gst_amount,p1_0.gst_percentage,p1_0.payment_status,p1_0.public_id,p1_0.purchase_date,p1_0.purchase_number,p1_0.purchase_status,p1_0.rate_per_unit,p1_0.raw_material,p1_0.supplier_id,p1_0.supplier_invoice_number,p1_0.total_amount,p1_0.unit,p1_0.updated_at,p1_0.user_id,p1_0.weight from purchases p1_0 where p1_0.user_id=? and p1_0.purchase_date between ? and ?
2026-09-07T19:36:07.368+05:30 TRACE 22976 --- [FinanceManagementSystem] [http-nio-8080-exec-8] org.hibernate.orm.jdbc.bind              : binding parameter (1:BIGINT) <- [2]
2026-09-07T19:36:07.368+05:30 TRACE 22976 --- [FinanceManagementSystem] [http-nio-8080-exec-8] org.hibernate.orm.jdbc.bind              : binding parameter (2:DATE) <- [2026-04-01]
2026-09-07T19:36:07.368+05:30 TRACE 22976 --- [FinanceManagementSystem] [http-nio-8080-exec-8] org.hibernate.orm.jdbc.bind              : binding parameter (3:DATE) <- [2026-04-30]
2026-09-07T19:36:07.369+05:30 DEBUG 22976 --- [FinanceManagementSystem] [http-nio-8080-exec-8] org.hibernate.SQL                        : select coalesce(sum(e1_0.amount),0) from expenses e1_0 where e1_0.user_id=? and e1_0.is_active=1 and (? is null or e1_0.expense_date>=?) and (? is null or e1_0.expense_date<=?)
2026-09-07T19:36:07.369+05:30 TRACE 22976 --- [FinanceManagementSystem] [http-nio-8080-exec-8] org.hibernate.orm.jdbc.bind              : binding parameter (1:BIGINT) <- [2]
2026-09-07T19:36:07.369+05:30 TRACE 22976 --- [FinanceManagementSystem] [http-nio-8080-exec-8] org.hibernate.orm.jdbc.bind              : binding parameter (2:DATE) <- [2026-04-01]
2026-09-07T19:36:07.369+05:30 TRACE 22976 --- [FinanceManagementSystem] [http-nio-8080-exec-8] org.hibernate.orm.jdbc.bind              : binding parameter (3:DATE) <- [2026-04-01]
2026-09-07T19:36:07.369+05:30 TRACE 22976 --- [FinanceManagementSystem] [http-nio-8080-exec-8] org.hibernate.orm.jdbc.bind              : binding parameter (4:DATE) <- [2026-04-30]
2026-09-07T19:36:07.369+05:30 TRACE 22976 --- [FinanceManagementSystem] [http-nio-8080-exec-8] org.hibernate.orm.jdbc.bind              : binding parameter (5:DATE) <- [2026-04-30]
2026-09-07T19:36:07.371+05:30 DEBUG 22976 --- [FinanceManagementSystem] [http-nio-8080-exec-8] org.hibernate.SQL                        : select s1_0.id,s1_0.amount,s1_0.created_at,s1_0.customer_id,s1_0.customer_invoice_number,s1_0.gst_amount,s1_0.gst_percentage,s1_0.payment_status,s1_0.public_id,s1_0.rate_per_unit,s1_0.raw_material,s1_0.sale_date,s1_0.sale_number,s1_0.total_amount,s1_0.unit,s1_0.updated_at,s1_0.user_id,s1_0.weight from sales s1_0 where s1_0.user_id=? and s1_0.sale_date between ? and ?
2026-09-07T19:36:07.371+05:30 TRACE 22976 --- [FinanceManagementSystem] [http-nio-8080-exec-8] org.hibernate.orm.jdbc.bind              : binding parameter (1:BIGINT) <- [2]
2026-09-07T19:36:07.371+05:30 TRACE 22976 --- [FinanceManagementSystem] [http-nio-8080-exec-8] org.hibernate.orm.jdbc.bind              : binding parameter (2:DATE) <- [2026-05-01]
2026-09-07T19:36:07.371+05:30 TRACE 22976 --- [FinanceManagementSystem] [http-nio-8080-exec-8] org.hibernate.orm.jdbc.bind              : binding parameter (3:DATE) <- [2026-05-31]
2026-09-07T19:36:07.372+05:30 DEBUG 22976 --- [FinanceManagementSystem] [http-nio-8080-exec-8] org.hibernate.SQL                        : select p1_0.id,p1_0.amount,p1_0.created_at,p1_0.gst_amount,p1_0.gst_percentage,p1_0.payment_status,p1_0.public_id,p1_0.purchase_date,p1_0.purchase_number,p1_0.purchase_status,p1_0.rate_per_unit,p1_0.raw_material,p1_0.supplier_id,p1_0.supplier_invoice_number,p1_0.total_amount,p1_0.unit,p1_0.updated_at,p1_0.user_id,p1_0.weight from purchases p1_0 where p1_0.user_id=? and p1_0.purchase_date between ? and ?
2026-09-07T19:36:07.373+05:30 TRACE 22976 --- [FinanceManagementSystem] [http-nio-8080-exec-8] org.hibernate.orm.jdbc.bind              : binding parameter (1:BIGINT) <- [2]
2026-09-07T19:36:07.373+05:30 TRACE 22976 --- [FinanceManagementSystem] [http-nio-8080-exec-8] org.hibernate.orm.jdbc.bind              : binding parameter (2:DATE) <- [2026-05-01]
2026-09-07T19:36:07.373+05:30 TRACE 22976 --- [FinanceManagementSystem] [http-nio-8080-exec-8] org.hibernate.orm.jdbc.bind              : binding parameter (3:DATE) <- [2026-05-31]
2026-09-07T19:36:07.374+05:30 DEBUG 22976 --- [FinanceManagementSystem] [http-nio-8080-exec-8] org.hibernate.SQL                        : select coalesce(sum(e1_0.amount),0) from expenses e1_0 where e1_0.user_id=? and e1_0.is_active=1 and (? is null or e1_0.expense_date>=?) and (? is null or e1_0.expense_date<=?)
2026-09-07T19:36:07.374+05:30 TRACE 22976 --- [FinanceManagementSystem] [http-nio-8080-exec-8] org.hibernate.orm.jdbc.bind              : binding parameter (1:BIGINT) <- [2]
2026-09-07T19:36:07.374+05:30 TRACE 22976 --- [FinanceManagementSystem] [http-nio-8080-exec-8] org.hibernate.orm.jdbc.bind              : binding parameter (2:DATE) <- [2026-05-01]
2026-09-07T19:36:07.374+05:30 TRACE 22976 --- [FinanceManagementSystem] [http-nio-8080-exec-8] org.hibernate.orm.jdbc.bind              : binding parameter (3:DATE) <- [2026-05-01]
2026-09-07T19:36:07.374+05:30 TRACE 22976 --- [FinanceManagementSystem] [http-nio-8080-exec-8] org.hibernate.orm.jdbc.bind              : binding parameter (4:DATE) <- [2026-05-31]
2026-09-07T19:36:07.374+05:30 TRACE 22976 --- [FinanceManagementSystem] [http-nio-8080-exec-8] org.hibernate.orm.jdbc.bind              : binding parameter (5:DATE) <- [2026-05-31]
2026-09-07T19:36:07.376+05:30 DEBUG 22976 --- [FinanceManagementSystem] [http-nio-8080-exec-8] org.hibernate.SQL                        : select s1_0.id,s1_0.amount,s1_0.created_at,s1_0.customer_id,s1_0.customer_invoice_number,s1_0.gst_amount,s1_0.gst_percentage,s1_0.payment_status,s1_0.public_id,s1_0.rate_per_unit,s1_0.raw_material,s1_0.sale_date,s1_0.sale_number,s1_0.total_amount,s1_0.unit,s1_0.updated_at,s1_0.user_id,s1_0.weight from sales s1_0 where s1_0.user_id=? and s1_0.sale_date between ? and ?
2026-09-07T19:36:07.376+05:30 TRACE 22976 --- [FinanceManagementSystem] [http-nio-8080-exec-8] org.hibernate.orm.jdbc.bind              : binding parameter (1:BIGINT) <- [2]
2026-09-07T19:36:07.376+05:30 TRACE 22976 --- [FinanceManagementSystem] [http-nio-8080-exec-8] org.hibernate.orm.jdbc.bind              : binding parameter (2:DATE) <- [2026-06-01]
2026-09-07T19:36:07.376+05:30 TRACE 22976 --- [FinanceManagementSystem] [http-nio-8080-exec-8] org.hibernate.orm.jdbc.bind              : binding parameter (3:DATE) <- [2026-06-30]
2026-09-07T19:36:07.378+05:30 DEBUG 22976 --- [FinanceManagementSystem] [http-nio-8080-exec-8] org.hibernate.SQL                        : select p1_0.id,p1_0.amount,p1_0.created_at,p1_0.gst_amount,p1_0.gst_percentage,p1_0.payment_status,p1_0.public_id,p1_0.purchase_date,p1_0.purchase_number,p1_0.purchase_status,p1_0.rate_per_unit,p1_0.raw_material,p1_0.supplier_id,p1_0.supplier_invoice_number,p1_0.total_amount,p1_0.unit,p1_0.updated_at,p1_0.user_id,p1_0.weight from purchases p1_0 where p1_0.user_id=? and p1_0.purchase_date between ? and ?
2026-09-07T19:36:07.378+05:30 TRACE 22976 --- [FinanceManagementSystem] [http-nio-8080-exec-8] org.hibernate.orm.jdbc.bind              : binding parameter (1:BIGINT) <- [2]
2026-09-07T19:36:07.378+05:30 TRACE 22976 --- [FinanceManagementSystem] [http-nio-8080-exec-8] org.hibernate.orm.jdbc.bind              : binding parameter (2:DATE) <- [2026-06-01]
2026-09-07T19:36:07.378+05:30 TRACE 22976 --- [FinanceManagementSystem] [http-nio-8080-exec-8] org.hibernate.orm.jdbc.bind              : binding parameter (3:DATE) <- [2026-06-30]
2026-09-07T19:36:07.379+05:30 DEBUG 22976 --- [FinanceManagementSystem] [http-nio-8080-exec-8] org.hibernate.SQL                        : select coalesce(sum(e1_0.amount),0) from expenses e1_0 where e1_0.user_id=? and e1_0.is_active=1 and (? is null or e1_0.expense_date>=?) and (? is null or e1_0.expense_date<=?)
2026-09-07T19:36:07.379+05:30 TRACE 22976 --- [FinanceManagementSystem] [http-nio-8080-exec-8] org.hibernate.orm.jdbc.bind              : binding parameter (1:BIGINT) <- [2]
2026-09-07T19:36:07.379+05:30 TRACE 22976 --- [FinanceManagementSystem] [http-nio-8080-exec-8] org.hibernate.orm.jdbc.bind              : binding parameter (2:DATE) <- [2026-06-01]
2026-09-07T19:36:07.379+05:30 TRACE 22976 --- [FinanceManagementSystem] [http-nio-8080-exec-8] org.hibernate.orm.jdbc.bind              : binding parameter (3:DATE) <- [2026-06-01]
2026-09-07T19:36:07.379+05:30 TRACE 22976 --- [FinanceManagementSystem] [http-nio-8080-exec-8] org.hibernate.orm.jdbc.bind              : binding parameter (4:DATE) <- [2026-06-30]
2026-09-07T19:36:07.379+05:30 TRACE 22976 --- [FinanceManagementSystem] [http-nio-8080-exec-8] org.hibernate.orm.jdbc.bind              : binding parameter (5:DATE) <- [2026-06-30]
2026-09-07T19:36:07.381+05:30 DEBUG 22976 --- [FinanceManagementSystem] [http-nio-8080-exec-8] org.hibernate.SQL                        : select s1_0.id,s1_0.amount,s1_0.created_at,s1_0.customer_id,s1_0.customer_invoice_number,s1_0.gst_amount,s1_0.gst_percentage,s1_0.payment_status,s1_0.public_id,s1_0.rate_per_unit,s1_0.raw_material,s1_0.sale_date,s1_0.sale_number,s1_0.total_amount,s1_0.unit,s1_0.updated_at,s1_0.user_id,s1_0.weight from sales s1_0 where s1_0.user_id=? and s1_0.sale_date between ? and ?
2026-09-07T19:36:07.381+05:30 TRACE 22976 --- [FinanceManagementSystem] [http-nio-8080-exec-8] org.hibernate.orm.jdbc.bind              : binding parameter (1:BIGINT) <- [2]
2026-09-07T19:36:07.381+05:30 TRACE 22976 --- [FinanceManagementSystem] [http-nio-8080-exec-8] org.hibernate.orm.jdbc.bind              : binding parameter (2:DATE) <- [2026-07-01]
2026-09-07T19:36:07.381+05:30 TRACE 22976 --- [FinanceManagementSystem] [http-nio-8080-exec-8] org.hibernate.orm.jdbc.bind              : binding parameter (3:DATE) <- [2026-07-31]
2026-09-07T19:36:07.382+05:30 DEBUG 22976 --- [FinanceManagementSystem] [http-nio-8080-exec-8] org.hibernate.SQL                        : select p1_0.id,p1_0.amount,p1_0.created_at,p1_0.gst_amount,p1_0.gst_percentage,p1_0.payment_status,p1_0.public_id,p1_0.purchase_date,p1_0.purchase_number,p1_0.purchase_status,p1_0.rate_per_unit,p1_0.raw_material,p1_0.supplier_id,p1_0.supplier_invoice_number,p1_0.total_amount,p1_0.unit,p1_0.updated_at,p1_0.user_id,p1_0.weight from purchases p1_0 where p1_0.user_id=? and p1_0.purchase_date between ? and ?
2026-09-07T19:36:07.383+05:30 TRACE 22976 --- [FinanceManagementSystem] [http-nio-8080-exec-8] org.hibernate.orm.jdbc.bind              : binding parameter (1:BIGINT) <- [2]
2026-09-07T19:36:07.383+05:30 TRACE 22976 --- [FinanceManagementSystem] [http-nio-8080-exec-8] org.hibernate.orm.jdbc.bind              : binding parameter (2:DATE) <- [2026-07-01]
2026-09-07T19:36:07.383+05:30 TRACE 22976 --- [FinanceManagementSystem] [http-nio-8080-exec-8] org.hibernate.orm.jdbc.bind              : binding parameter (3:DATE) <- [2026-07-31]
2026-09-07T19:36:07.384+05:30 DEBUG 22976 --- [FinanceManagementSystem] [http-nio-8080-exec-8] org.hibernate.SQL                        : select coalesce(sum(e1_0.amount),0) from expenses e1_0 where e1_0.user_id=? and e1_0.is_active=1 and (? is null or e1_0.expense_date>=?) and (? is null or e1_0.expense_date<=?)
2026-09-07T19:36:07.384+05:30 TRACE 22976 --- [FinanceManagementSystem] [http-nio-8080-exec-8] org.hibernate.orm.jdbc.bind              : binding parameter (1:BIGINT) <- [2]
2026-09-07T19:36:07.384+05:30 TRACE 22976 --- [FinanceManagementSystem] [http-nio-8080-exec-8] org.hibernate.orm.jdbc.bind              : binding parameter (2:DATE) <- [2026-07-01]
2026-09-07T19:36:07.384+05:30 TRACE 22976 --- [FinanceManagementSystem] [http-nio-8080-exec-8] org.hibernate.orm.jdbc.bind              : binding parameter (3:DATE) <- [2026-07-01]
2026-09-07T19:36:07.384+05:30 TRACE 22976 --- [FinanceManagementSystem] [http-nio-8080-exec-8] org.hibernate.orm.jdbc.bind              : binding parameter (4:DATE) <- [2026-07-31]
2026-09-07T19:36:07.384+05:30 TRACE 22976 --- [FinanceManagementSystem] [http-nio-8080-exec-8] org.hibernate.orm.jdbc.bind              : binding parameter (5:DATE) <- [2026-07-31]
2026-09-07T19:36:07.386+05:30 DEBUG 22976 --- [FinanceManagementSystem] [http-nio-8080-exec-8] org.hibernate.SQL                        : select s1_0.id,s1_0.amount,s1_0.created_at,s1_0.customer_id,s1_0.customer_invoice_number,s1_0.gst_amount,s1_0.gst_percentage,s1_0.payment_status,s1_0.public_id,s1_0.rate_per_unit,s1_0.raw_material,s1_0.sale_date,s1_0.sale_number,s1_0.total_amount,s1_0.unit,s1_0.updated_at,s1_0.user_id,s1_0.weight from sales s1_0 where s1_0.user_id=? and s1_0.sale_date between ? and ?
2026-09-07T19:36:07.386+05:30 TRACE 22976 --- [FinanceManagementSystem] [http-nio-8080-exec-8] org.hibernate.orm.jdbc.bind              : binding parameter (1:BIGINT) <- [2]
2026-09-07T19:36:07.386+05:30 TRACE 22976 --- [FinanceManagementSystem] [http-nio-8080-exec-8] org.hibernate.orm.jdbc.bind              : binding parameter (2:DATE) <- [2026-08-01]
2026-09-07T19:36:07.386+05:30 TRACE 22976 --- [FinanceManagementSystem] [http-nio-8080-exec-8] org.hibernate.orm.jdbc.bind              : binding parameter (3:DATE) <- [2026-08-31]
2026-09-07T19:36:07.387+05:30 DEBUG 22976 --- [FinanceManagementSystem] [http-nio-8080-exec-8] org.hibernate.SQL                        : select p1_0.id,p1_0.amount,p1_0.created_at,p1_0.gst_amount,p1_0.gst_percentage,p1_0.payment_status,p1_0.public_id,p1_0.purchase_date,p1_0.purchase_number,p1_0.purchase_status,p1_0.rate_per_unit,p1_0.raw_material,p1_0.supplier_id,p1_0.supplier_invoice_number,p1_0.total_amount,p1_0.unit,p1_0.updated_at,p1_0.user_id,p1_0.weight from purchases p1_0 where p1_0.user_id=? and p1_0.purchase_date between ? and ?
2026-09-07T19:36:07.388+05:30 TRACE 22976 --- [FinanceManagementSystem] [http-nio-8080-exec-8] org.hibernate.orm.jdbc.bind              : binding parameter (1:BIGINT) <- [2]
2026-09-07T19:36:07.388+05:30 TRACE 22976 --- [FinanceManagementSystem] [http-nio-8080-exec-8] org.hibernate.orm.jdbc.bind              : binding parameter (2:DATE) <- [2026-08-01]
2026-09-07T19:36:07.388+05:30 TRACE 22976 --- [FinanceManagementSystem] [http-nio-8080-exec-8] org.hibernate.orm.jdbc.bind              : binding parameter (3:DATE) <- [2026-08-31]
2026-09-07T19:36:07.389+05:30 DEBUG 22976 --- [FinanceManagementSystem] [http-nio-8080-exec-8] org.hibernate.SQL                        : select coalesce(sum(e1_0.amount),0) from expenses e1_0 where e1_0.user_id=? and e1_0.is_active=1 and (? is null or e1_0.expense_date>=?) and (? is null or e1_0.expense_date<=?)
2026-09-07T19:36:07.389+05:30 TRACE 22976 --- [FinanceManagementSystem] [http-nio-8080-exec-8] org.hibernate.orm.jdbc.bind              : binding parameter (1:BIGINT) <- [2]
2026-09-07T19:36:07.389+05:30 TRACE 22976 --- [FinanceManagementSystem] [http-nio-8080-exec-8] org.hibernate.orm.jdbc.bind              : binding parameter (2:DATE) <- [2026-08-01]
2026-09-07T19:36:07.389+05:30 TRACE 22976 --- [FinanceManagementSystem] [http-nio-8080-exec-8] org.hibernate.orm.jdbc.bind              : binding parameter (3:DATE) <- [2026-08-01]
2026-09-07T19:36:07.389+05:30 TRACE 22976 --- [FinanceManagementSystem] [http-nio-8080-exec-8] org.hibernate.orm.jdbc.bind              : binding parameter (4:DATE) <- [2026-08-31]
2026-09-07T19:36:07.389+05:30 TRACE 22976 --- [FinanceManagementSystem] [http-nio-8080-exec-8] org.hibernate.orm.jdbc.bind              : binding parameter (5:DATE) <- [2026-08-31]
2026-09-07T19:36:07.391+05:30 DEBUG 22976 --- [FinanceManagementSystem] [http-nio-8080-exec-8] org.hibernate.SQL                        : select s1_0.id,s1_0.amount,s1_0.created_at,s1_0.customer_id,s1_0.customer_invoice_number,s1_0.gst_amount,s1_0.gst_percentage,s1_0.payment_status,s1_0.public_id,s1_0.rate_per_unit,s1_0.raw_material,s1_0.sale_date,s1_0.sale_number,s1_0.total_amount,s1_0.unit,s1_0.updated_at,s1_0.user_id,s1_0.weight from sales s1_0 where s1_0.user_id=? and s1_0.sale_date between ? and ?
2026-09-07T19:36:07.392+05:30 TRACE 22976 --- [FinanceManagementSystem] [http-nio-8080-exec-8] org.hibernate.orm.jdbc.bind              : binding parameter (1:BIGINT) <- [2]
2026-09-07T19:36:07.392+05:30 TRACE 22976 --- [FinanceManagementSystem] [http-nio-8080-exec-8] org.hibernate.orm.jdbc.bind              : binding parameter (2:DATE) <- [2026-09-01]
2026-09-07T19:36:07.392+05:30 TRACE 22976 --- [FinanceManagementSystem] [http-nio-8080-exec-8] org.hibernate.orm.jdbc.bind              : binding parameter (3:DATE) <- [2026-09-30]
2026-09-07T19:36:07.393+05:30 DEBUG 22976 --- [FinanceManagementSystem] [http-nio-8080-exec-8] org.hibernate.SQL                        : select p1_0.id,p1_0.amount,p1_0.created_at,p1_0.gst_amount,p1_0.gst_percentage,p1_0.payment_status,p1_0.public_id,p1_0.purchase_date,p1_0.purchase_number,p1_0.purchase_status,p1_0.rate_per_unit,p1_0.raw_material,p1_0.supplier_id,p1_0.supplier_invoice_number,p1_0.total_amount,p1_0.unit,p1_0.updated_at,p1_0.user_id,p1_0.weight from purchases p1_0 where p1_0.user_id=? and p1_0.purchase_date between ? and ?
2026-09-07T19:36:07.394+05:30 TRACE 22976 --- [FinanceManagementSystem] [http-nio-8080-exec-8] org.hibernate.orm.jdbc.bind              : binding parameter (1:BIGINT) <- [2]
2026-09-07T19:36:07.394+05:30 TRACE 22976 --- [FinanceManagementSystem] [http-nio-8080-exec-8] org.hibernate.orm.jdbc.bind              : binding parameter (2:DATE) <- [2026-09-01]
2026-09-07T19:36:07.394+05:30 TRACE 22976 --- [FinanceManagementSystem] [http-nio-8080-exec-8] org.hibernate.orm.jdbc.bind              : binding parameter (3:DATE) <- [2026-09-30]
2026-09-07T19:36:07.395+05:30 DEBUG 22976 --- [FinanceManagementSystem] [http-nio-8080-exec-8] org.hibernate.SQL                        : select coalesce(sum(e1_0.amount),0) from expenses e1_0 where e1_0.user_id=? and e1_0.is_active=1 and (? is null or e1_0.expense_date>=?) and (? is null or e1_0.expense_date<=?)
2026-09-07T19:36:07.395+05:30 TRACE 22976 --- [FinanceManagementSystem] [http-nio-8080-exec-8] org.hibernate.orm.jdbc.bind              : binding parameter (1:BIGINT) <- [2]
2026-09-07T19:36:07.395+05:30 TRACE 22976 --- [FinanceManagementSystem] [http-nio-8080-exec-8] org.hibernate.orm.jdbc.bind              : binding parameter (2:DATE) <- [2026-09-01]
2026-09-07T19:36:07.395+05:30 TRACE 22976 --- [FinanceManagementSystem] [http-nio-8080-exec-8] org.hibernate.orm.jdbc.bind              : binding parameter (3:DATE) <- [2026-09-01]
2026-09-07T19:36:07.395+05:30 TRACE 22976 --- [FinanceManagementSystem] [http-nio-8080-exec-8] org.hibernate.orm.jdbc.bind              : binding parameter (4:DATE) <- [2026-09-30]
2026-09-07T19:36:07.395+05:30 TRACE 22976 --- [FinanceManagementSystem] [http-nio-8080-exec-8] org.hibernate.orm.jdbc.bind              : binding parameter (5:DATE) <- [2026-09-30]
2026-09-07T19:36:07.397+05:30 DEBUG 22976 --- [FinanceManagementSystem] [http-nio-8080-exec-8] org.hibernate.SQL                        : select s1_0.id,s1_0.amount,s1_0.created_at,s1_0.customer_id,s1_0.customer_invoice_number,s1_0.gst_amount,s1_0.gst_percentage,s1_0.payment_status,s1_0.public_id,s1_0.rate_per_unit,s1_0.raw_material,s1_0.sale_date,s1_0.sale_number,s1_0.total_amount,s1_0.unit,s1_0.updated_at,s1_0.user_id,s1_0.weight from sales s1_0 where s1_0.user_id=? order by s1_0.sale_date desc,s1_0.id desc limit ?
2026-09-07T19:36:07.397+05:30 TRACE 22976 --- [FinanceManagementSystem] [http-nio-8080-exec-8] org.hibernate.orm.jdbc.bind              : binding parameter (1:BIGINT) <- [2]
2026-09-07T19:36:07.397+05:30 TRACE 22976 --- [FinanceManagementSystem] [http-nio-8080-exec-8] org.hibernate.orm.jdbc.bind              : binding parameter (2:INTEGER) <- [5]
2026-09-07T19:36:07.399+05:30 DEBUG 22976 --- [FinanceManagementSystem] [http-nio-8080-exec-8] org.hibernate.SQL                        : select p1_0.id,p1_0.amount,p1_0.created_at,p1_0.gst_amount,p1_0.gst_percentage,p1_0.payment_status,p1_0.public_id,p1_0.purchase_date,p1_0.purchase_number,p1_0.purchase_status,p1_0.rate_per_unit,p1_0.raw_material,p1_0.supplier_id,p1_0.supplier_invoice_number,p1_0.total_amount,p1_0.unit,p1_0.updated_at,p1_0.user_id,p1_0.weight from purchases p1_0 where p1_0.user_id=? order by p1_0.purchase_date desc,p1_0.id desc limit ?
2026-09-07T19:36:07.399+05:30 TRACE 22976 --- [FinanceManagementSystem] [http-nio-8080-exec-8] org.hibernate.orm.jdbc.bind              : binding parameter (1:BIGINT) <- [2]
2026-09-07T19:36:07.399+05:30 TRACE 22976 --- [FinanceManagementSystem] [http-nio-8080-exec-8] org.hibernate.orm.jdbc.bind              : binding parameter (2:INTEGER) <- [5]
2026-09-07T19:36:07.400+05:30 DEBUG 22976 --- [FinanceManagementSystem] [http-nio-8080-exec-8] org.hibernate.SQL                        : select s1_0.id,a1_0.id,a1_0.address_line_1,a1_0.address_line_2,a1_0.city,a1_0.country,a1_0.created_at,a1_0.pincode,a1_0.state,a1_0.supplier_id,a1_0.updated_at,s1_0.alternate_mobile_number,s1_0.contact_person,s1_0.created_at,s1_0.email,s1_0.gst_number,s1_0.is_active,s1_0.mobile_number,s1_0.opening_balance,s1_0.payment_terms,s1_0.public_id,s1_0.supplier_name,s1_0.updated_at,s1_0.user_id from suppliers s1_0 left join supplier_address a1_0 on s1_0.id=a1_0.supplier_id where s1_0.id=?
2026-09-07T19:36:07.401+05:30 TRACE 22976 --- [FinanceManagementSystem] [http-nio-8080-exec-8] org.hibernate.orm.jdbc.bind              : binding parameter (1:BIGINT) <- [1]
2026-09-07T19:36:07.406+05:30 DEBUG 22976 --- [FinanceManagementSystem] [http-nio-8080-exec-8] org.hibernate.SQL                        : select e1_0.id,e1_0.amount,e1_0.category,e1_0.created_at,e1_0.description,e1_0.expense_date,e1_0.expense_number,e1_0.is_active,e1_0.payment_mode,e1_0.public_id,e1_0.reference_number,e1_0.remarks,e1_0.updated_at,e1_0.user_id from expenses e1_0 where e1_0.user_id=? and e1_0.is_active order by e1_0.expense_date desc limit ?
2026-09-07T19:36:07.406+05:30 TRACE 22976 --- [FinanceManagementSystem] [http-nio-8080-exec-8] org.hibernate.orm.jdbc.bind              : binding parameter (1:BIGINT) <- [2]
2026-09-07T19:36:07.406+05:30 TRACE 22976 --- [FinanceManagementSystem] [http-nio-8080-exec-8] org.hibernate.orm.jdbc.bind              : binding parameter (2:INTEGER) <- [5]
2026-09-07T19:36:07.408+05:30 DEBUG 22976 --- [FinanceManagementSystem] [http-nio-8080-exec-8] org.hibernate.SQL                        : select count(e1_0.id) from expenses e1_0 where e1_0.user_id=? and e1_0.is_active
2026-09-07T19:36:07.409+05:30 TRACE 22976 --- [FinanceManagementSystem] [http-nio-8080-exec-8] org.hibernate.orm.jdbc.bind              : binding parameter (1:BIGINT) <- [2]
2026-09-07T19:36:27.426+05:30 DEBUG 22976 --- [FinanceManagementSystem] [http-nio-8080-exec-10] org.hibernate.SQL                        : SELECT * FROM users WHERE LOWER(TRIM(email)) = LOWER(TRIM(?))
2026-09-07T19:36:27.426+05:30 TRACE 22976 --- [FinanceManagementSystem] [http-nio-8080-exec-10] org.hibernate.orm.jdbc.bind              : binding parameter (1:VARCHAR) <- [bhavesh@gmail.com]
2026-09-07T19:36:27.428+05:30 DEBUG 22976 --- [FinanceManagementSystem] [http-nio-8080-exec-10] org.hibernate.SQL                        : select ua1_0.id,ua1_0.area,ua1_0.city,ua1_0.country,ua1_0.created_at,ua1_0.house_no,ua1_0.pincode,ua1_0.society_name,ua1_0.state,ua1_0.updated_at,ua1_0.user_id from user_address ua1_0 where ua1_0.user_id=?
2026-09-07T19:36:27.428+05:30 TRACE 22976 --- [FinanceManagementSystem] [http-nio-8080-exec-10] org.hibernate.orm.jdbc.bind              : binding parameter (1:BIGINT) <- [2]
2026-09-07T19:36:27.429+05:30  INFO 22976 --- [FinanceManagementSystem] [http-nio-8080-exec-10] F.d.Security.CustomUserDetailsService    : CustomUserDetailsService - User loaded successfully: bhavesh@gmail.com
2026-09-07T19:36:27.433+05:30  INFO 22976 --- [FinanceManagementSystem] [http-nio-8080-exec-10] F.demo.Security.JwtUtil                  : JwtUtil - JWT token validation successful for user: bhavesh@gmail.com
2026-09-07T19:36:27.433+05:30  INFO 22976 --- [FinanceManagementSystem] [http-nio-8080-exec-10] F.demo.Security.JwtFilter                : JwtFilter - JWT validated successfully for user: bhavesh@gmail.com
2026-09-07T19:36:27.434+05:30  INFO 22976 --- [FinanceManagementSystem] [http-nio-8080-exec-10] F.demo.Controller.DashboardController    : CONTROLLER - request came in getDashboardSummary...
2026-09-07T19:36:27.435+05:30  INFO 22976 --- [FinanceManagementSystem] [http-nio-8080-exec-10] F.d.S.Implementations.DashboardService   : SERVICE - request came in getDashboardSummary...
2026-09-07T19:36:27.436+05:30 DEBUG 22976 --- [FinanceManagementSystem] [http-nio-8080-exec-10] org.hibernate.SQL                        : SELECT * FROM users WHERE LOWER(TRIM(email)) = LOWER(TRIM(?))
2026-09-07T19:36:27.436+05:30 TRACE 22976 --- [FinanceManagementSystem] [http-nio-8080-exec-10] org.hibernate.orm.jdbc.bind              : binding parameter (1:VARCHAR) <- [bhavesh@gmail.com]
2026-09-07T19:36:27.437+05:30 DEBUG 22976 --- [FinanceManagementSystem] [http-nio-8080-exec-10] org.hibernate.SQL                        : select ua1_0.id,ua1_0.area,ua1_0.city,ua1_0.country,ua1_0.created_at,ua1_0.house_no,ua1_0.pincode,ua1_0.society_name,ua1_0.state,ua1_0.updated_at,ua1_0.user_id from user_address ua1_0 where ua1_0.user_id=?
2026-09-07T19:36:27.437+05:30 TRACE 22976 --- [FinanceManagementSystem] [http-nio-8080-exec-10] org.hibernate.orm.jdbc.bind              : binding parameter (1:BIGINT) <- [2]
2026-09-07T19:36:27.438+05:30  INFO 22976 --- [FinanceManagementSystem] [http-nio-8080-exec-10] F.d.S.I.PurchasePaymentService           : SERVICE - request came in getTotalOutstandingAmount...
2026-09-07T19:36:27.438+05:30 DEBUG 22976 --- [FinanceManagementSystem] [http-nio-8080-exec-10] org.hibernate.SQL                        : SELECT * FROM users WHERE LOWER(TRIM(email)) = LOWER(TRIM(?))
2026-09-07T19:36:27.439+05:30 TRACE 22976 --- [FinanceManagementSystem] [http-nio-8080-exec-10] org.hibernate.orm.jdbc.bind              : binding parameter (1:VARCHAR) <- [bhavesh@gmail.com]
2026-09-07T19:36:27.441+05:30 DEBUG 22976 --- [FinanceManagementSystem] [http-nio-8080-exec-10] org.hibernate.SQL                        : select p1_0.id,p1_0.amount,p1_0.created_at,p1_0.gst_amount,p1_0.gst_percentage,p1_0.payment_status,p1_0.public_id,p1_0.purchase_date,p1_0.purchase_number,p1_0.purchase_status,p1_0.rate_per_unit,p1_0.raw_material,p1_0.supplier_id,p1_0.supplier_invoice_number,p1_0.total_amount,p1_0.unit,p1_0.updated_at,p1_0.user_id,p1_0.weight from purchases p1_0 where p1_0.user_id=? and p1_0.payment_status in (?,?)
2026-09-07T19:36:27.441+05:30 TRACE 22976 --- [FinanceManagementSystem] [http-nio-8080-exec-10] org.hibernate.orm.jdbc.bind              : binding parameter (1:BIGINT) <- [2]
2026-09-07T19:36:27.441+05:30 TRACE 22976 --- [FinanceManagementSystem] [http-nio-8080-exec-10] org.hibernate.orm.jdbc.bind              : binding parameter (2:ENUM) <- [PENDING]
2026-09-07T19:36:27.441+05:30 TRACE 22976 --- [FinanceManagementSystem] [http-nio-8080-exec-10] org.hibernate.orm.jdbc.bind              : binding parameter (3:ENUM) <- [PARTIALLY_PAID]
2026-09-07T19:36:27.442+05:30  INFO 22976 --- [FinanceManagementSystem] [http-nio-8080-exec-10] F.d.S.I.SalePaymentService               : SERVICE - request came in getTotalReceivableAmount...
2026-09-07T19:36:27.443+05:30 DEBUG 22976 --- [FinanceManagementSystem] [http-nio-8080-exec-10] org.hibernate.SQL                        : SELECT * FROM users WHERE LOWER(TRIM(email)) = LOWER(TRIM(?))
2026-09-07T19:36:27.443+05:30 TRACE 22976 --- [FinanceManagementSystem] [http-nio-8080-exec-10] org.hibernate.orm.jdbc.bind              : binding parameter (1:VARCHAR) <- [bhavesh@gmail.com]
2026-09-07T19:36:27.446+05:30 DEBUG 22976 --- [FinanceManagementSystem] [http-nio-8080-exec-10] org.hibernate.SQL                        : select s1_0.id,s1_0.amount,s1_0.created_at,s1_0.customer_id,s1_0.customer_invoice_number,s1_0.gst_amount,s1_0.gst_percentage,s1_0.payment_status,s1_0.public_id,s1_0.rate_per_unit,s1_0.raw_material,s1_0.sale_date,s1_0.sale_number,s1_0.total_amount,s1_0.unit,s1_0.updated_at,s1_0.user_id,s1_0.weight from sales s1_0 where s1_0.user_id=? and s1_0.payment_status in (?,?)
2026-09-07T19:36:27.446+05:30 TRACE 22976 --- [FinanceManagementSystem] [http-nio-8080-exec-10] org.hibernate.orm.jdbc.bind              : binding parameter (1:BIGINT) <- [2]
2026-09-07T19:36:27.446+05:30 TRACE 22976 --- [FinanceManagementSystem] [http-nio-8080-exec-10] org.hibernate.orm.jdbc.bind              : binding parameter (2:ENUM) <- [PENDING]
2026-09-07T19:36:27.446+05:30 TRACE 22976 --- [FinanceManagementSystem] [http-nio-8080-exec-10] org.hibernate.orm.jdbc.bind              : binding parameter (3:ENUM) <- [PARTIALLY_PAID]
2026-09-07T19:36:27.447+05:30 DEBUG 22976 --- [FinanceManagementSystem] [http-nio-8080-exec-10] org.hibernate.SQL                        : select coalesce(sum(sp1_0.amount_received),0) from sale_payments sp1_0 where sp1_0.user_id=?
2026-09-07T19:36:27.447+05:30 TRACE 22976 --- [FinanceManagementSystem] [http-nio-8080-exec-10] org.hibernate.orm.jdbc.bind              : binding parameter (1:BIGINT) <- [2]
2026-09-07T19:36:27.448+05:30 DEBUG 22976 --- [FinanceManagementSystem] [http-nio-8080-exec-10] org.hibernate.SQL                        : select coalesce(sum(pp1_0.amount_paid),0) from purchase_payments pp1_0 where pp1_0.user_id=?
2026-09-07T19:36:27.448+05:30 TRACE 22976 --- [FinanceManagementSystem] [http-nio-8080-exec-10] org.hibernate.orm.jdbc.bind              : binding parameter (1:BIGINT) <- [2]
2026-09-07T19:36:27.448+05:30 DEBUG 22976 --- [FinanceManagementSystem] [http-nio-8080-exec-10] org.hibernate.SQL                        : select coalesce(sum(e1_0.amount),0) from expenses e1_0 where e1_0.user_id=? and e1_0.is_active=1 and (? is null or e1_0.expense_date>=?) and (? is null or e1_0.expense_date<=?)
2026-09-07T19:36:27.449+05:30 TRACE 22976 --- [FinanceManagementSystem] [http-nio-8080-exec-10] org.hibernate.orm.jdbc.bind              : binding parameter (1:BIGINT) <- [2]
2026-09-07T19:36:27.449+05:30 TRACE 22976 --- [FinanceManagementSystem] [http-nio-8080-exec-10] org.hibernate.orm.jdbc.bind              : binding parameter (2:DATE) <- [null]
2026-09-07T19:36:27.449+05:30 TRACE 22976 --- [FinanceManagementSystem] [http-nio-8080-exec-10] org.hibernate.orm.jdbc.bind              : binding parameter (3:DATE) <- [null]
2026-09-07T19:36:27.449+05:30 TRACE 22976 --- [FinanceManagementSystem] [http-nio-8080-exec-10] org.hibernate.orm.jdbc.bind              : binding parameter (4:DATE) <- [null]
2026-09-07T19:36:27.449+05:30 TRACE 22976 --- [FinanceManagementSystem] [http-nio-8080-exec-10] org.hibernate.orm.jdbc.bind              : binding parameter (5:DATE) <- [null]
2026-09-07T19:36:27.450+05:30 DEBUG 22976 --- [FinanceManagementSystem] [http-nio-8080-exec-10] org.hibernate.SQL                        : select coalesce(sum(ppw1_0.amount),0) from partner_profit_withdrawals ppw1_0 where ppw1_0.user_id=?
2026-09-07T19:36:27.450+05:30 TRACE 22976 --- [FinanceManagementSystem] [http-nio-8080-exec-10] org.hibernate.orm.jdbc.bind              : binding parameter (1:BIGINT) <- [2]
2026-09-07T19:36:27.450+05:30  INFO 22976 --- [FinanceManagementSystem] [http-nio-8080-exec-10] F.d.S.Implementations.ExpenseService     : SERVICE - request came in getTotalExpenses...
2026-09-07T19:36:27.451+05:30 DEBUG 22976 --- [FinanceManagementSystem] [http-nio-8080-exec-10] org.hibernate.SQL                        : SELECT * FROM users WHERE LOWER(TRIM(email)) = LOWER(TRIM(?))
2026-09-07T19:36:27.451+05:30 TRACE 22976 --- [FinanceManagementSystem] [http-nio-8080-exec-10] org.hibernate.orm.jdbc.bind              : binding parameter (1:VARCHAR) <- [bhavesh@gmail.com]
2026-09-07T19:36:27.452+05:30 DEBUG 22976 --- [FinanceManagementSystem] [http-nio-8080-exec-10] org.hibernate.SQL                        : select coalesce(sum(e1_0.amount),0) from expenses e1_0 where e1_0.user_id=? and e1_0.is_active=1 and (? is null or e1_0.expense_date>=?) and (? is null or e1_0.expense_date<=?)
2026-09-07T19:36:27.452+05:30 TRACE 22976 --- [FinanceManagementSystem] [http-nio-8080-exec-10] org.hibernate.orm.jdbc.bind              : binding parameter (1:BIGINT) <- [2]
2026-09-07T19:36:27.452+05:30 TRACE 22976 --- [FinanceManagementSystem] [http-nio-8080-exec-10] org.hibernate.orm.jdbc.bind              : binding parameter (2:DATE) <- [2026-09-01]
2026-09-07T19:36:27.452+05:30 TRACE 22976 --- [FinanceManagementSystem] [http-nio-8080-exec-10] org.hibernate.orm.jdbc.bind              : binding parameter (3:DATE) <- [2026-09-01]
2026-09-07T19:36:27.452+05:30 TRACE 22976 --- [FinanceManagementSystem] [http-nio-8080-exec-10] org.hibernate.orm.jdbc.bind              : binding parameter (4:DATE) <- [2026-09-07]
2026-09-07T19:36:27.452+05:30 TRACE 22976 --- [FinanceManagementSystem] [http-nio-8080-exec-10] org.hibernate.orm.jdbc.bind              : binding parameter (5:DATE) <- [2026-09-07]
2026-09-07T19:36:27.453+05:30  INFO 22976 --- [FinanceManagementSystem] [http-nio-8080-exec-10] F.d.S.Implementations.StockService       : SERVICE - request came in getLowStockList...
2026-09-07T19:36:27.454+05:30 DEBUG 22976 --- [FinanceManagementSystem] [http-nio-8080-exec-10] org.hibernate.SQL                        : SELECT * FROM users WHERE LOWER(TRIM(email)) = LOWER(TRIM(?))
2026-09-07T19:36:27.454+05:30 TRACE 22976 --- [FinanceManagementSystem] [http-nio-8080-exec-10] org.hibernate.orm.jdbc.bind              : binding parameter (1:VARCHAR) <- [bhavesh@gmail.com]
2026-09-07T19:36:27.455+05:30 DEBUG 22976 --- [FinanceManagementSystem] [http-nio-8080-exec-10] org.hibernate.SQL                        : select s1_0.id,s1_0.created_at,s1_0.current_quantity,s1_0.is_active,s1_0.minimum_stock_level,s1_0.public_id,s1_0.raw_material,s1_0.unit,s1_0.updated_at,s1_0.user_id,s1_0.version from stocks s1_0 where s1_0.user_id=?
2026-09-07T19:36:27.455+05:30 TRACE 22976 --- [FinanceManagementSystem] [http-nio-8080-exec-10] org.hibernate.orm.jdbc.bind              : binding parameter (1:BIGINT) <- [2]
2026-09-07T19:36:27.457+05:30 DEBUG 22976 --- [FinanceManagementSystem] [http-nio-8080-exec-10] org.hibernate.SQL                        : SELECT * FROM users WHERE LOWER(TRIM(email)) = LOWER(TRIM(?))
2026-09-07T19:36:27.457+05:30 TRACE 22976 --- [FinanceManagementSystem] [http-nio-8080-exec-10] org.hibernate.orm.jdbc.bind              : binding parameter (1:VARCHAR) <- [bhavesh@gmail.com]
2026-09-07T19:36:27.458+05:30 DEBUG 22976 --- [FinanceManagementSystem] [http-nio-8080-exec-10] org.hibernate.SQL                        : select pd1_0.id,pd1_0.created_at,pd1_0.from_date,pd1_0.net_profit,pd1_0.public_id,pd1_0.to_date,pd1_0.total_expenses,pd1_0.total_purchase_cost,pd1_0.total_revenue,pd1_0.updated_at,pd1_0.user_id from profit_distributions pd1_0 where pd1_0.user_id=? order by coalesce(pd1_0.updated_at,pd1_0.created_at) desc,pd1_0.id desc
2026-09-07T19:36:27.458+05:30 TRACE 22976 --- [FinanceManagementSystem] [http-nio-8080-exec-10] org.hibernate.orm.jdbc.bind              : binding parameter (1:BIGINT) <- [2]
2026-09-07T19:36:27.460+05:30 DEBUG 22976 --- [FinanceManagementSystem] [http-nio-8080-exec-10] org.hibernate.SQL                        : select s1_0.id,s1_0.amount,s1_0.created_at,s1_0.customer_id,s1_0.customer_invoice_number,s1_0.gst_amount,s1_0.gst_percentage,s1_0.payment_status,s1_0.public_id,s1_0.rate_per_unit,s1_0.raw_material,s1_0.sale_date,s1_0.sale_number,s1_0.total_amount,s1_0.unit,s1_0.updated_at,s1_0.user_id,s1_0.weight from sales s1_0 where s1_0.user_id=? and s1_0.sale_date between ? and ?
2026-09-07T19:36:27.460+05:30 TRACE 22976 --- [FinanceManagementSystem] [http-nio-8080-exec-10] org.hibernate.orm.jdbc.bind              : binding parameter (1:BIGINT) <- [2]
2026-09-07T19:36:27.460+05:30 TRACE 22976 --- [FinanceManagementSystem] [http-nio-8080-exec-10] org.hibernate.orm.jdbc.bind              : binding parameter (2:DATE) <- [2026-04-01]
2026-09-07T19:36:27.460+05:30 TRACE 22976 --- [FinanceManagementSystem] [http-nio-8080-exec-10] org.hibernate.orm.jdbc.bind              : binding parameter (3:DATE) <- [2026-04-30]
2026-09-07T19:36:27.461+05:30 DEBUG 22976 --- [FinanceManagementSystem] [http-nio-8080-exec-10] org.hibernate.SQL                        : select p1_0.id,p1_0.amount,p1_0.created_at,p1_0.gst_amount,p1_0.gst_percentage,p1_0.payment_status,p1_0.public_id,p1_0.purchase_date,p1_0.purchase_number,p1_0.purchase_status,p1_0.rate_per_unit,p1_0.raw_material,p1_0.supplier_id,p1_0.supplier_invoice_number,p1_0.total_amount,p1_0.unit,p1_0.updated_at,p1_0.user_id,p1_0.weight from purchases p1_0 where p1_0.user_id=? and p1_0.purchase_date between ? and ?
2026-09-07T19:36:27.462+05:30 TRACE 22976 --- [FinanceManagementSystem] [http-nio-8080-exec-10] org.hibernate.orm.jdbc.bind              : binding parameter (1:BIGINT) <- [2]
2026-09-07T19:36:27.462+05:30 TRACE 22976 --- [FinanceManagementSystem] [http-nio-8080-exec-10] org.hibernate.orm.jdbc.bind              : binding parameter (2:DATE) <- [2026-04-01]
2026-09-07T19:36:27.462+05:30 TRACE 22976 --- [FinanceManagementSystem] [http-nio-8080-exec-10] org.hibernate.orm.jdbc.bind              : binding parameter (3:DATE) <- [2026-04-30]
2026-09-07T19:36:27.463+05:30 DEBUG 22976 --- [FinanceManagementSystem] [http-nio-8080-exec-10] org.hibernate.SQL                        : select coalesce(sum(e1_0.amount),0) from expenses e1_0 where e1_0.user_id=? and e1_0.is_active=1 and (? is null or e1_0.expense_date>=?) and (? is null or e1_0.expense_date<=?)
2026-09-07T19:36:27.463+05:30 TRACE 22976 --- [FinanceManagementSystem] [http-nio-8080-exec-10] org.hibernate.orm.jdbc.bind              : binding parameter (1:BIGINT) <- [2]
2026-09-07T19:36:27.463+05:30 TRACE 22976 --- [FinanceManagementSystem] [http-nio-8080-exec-10] org.hibernate.orm.jdbc.bind              : binding parameter (2:DATE) <- [2026-04-01]
2026-09-07T19:36:27.463+05:30 TRACE 22976 --- [FinanceManagementSystem] [http-nio-8080-exec-10] org.hibernate.orm.jdbc.bind              : binding parameter (3:DATE) <- [2026-04-01]
2026-09-07T19:36:27.463+05:30 TRACE 22976 --- [FinanceManagementSystem] [http-nio-8080-exec-10] org.hibernate.orm.jdbc.bind              : binding parameter (4:DATE) <- [2026-04-30]
2026-09-07T19:36:27.464+05:30 TRACE 22976 --- [FinanceManagementSystem] [http-nio-8080-exec-10] org.hibernate.orm.jdbc.bind              : binding parameter (5:DATE) <- [2026-04-30]
2026-09-07T19:36:27.465+05:30 DEBUG 22976 --- [FinanceManagementSystem] [http-nio-8080-exec-10] org.hibernate.SQL                        : select s1_0.id,s1_0.amount,s1_0.created_at,s1_0.customer_id,s1_0.customer_invoice_number,s1_0.gst_amount,s1_0.gst_percentage,s1_0.payment_status,s1_0.public_id,s1_0.rate_per_unit,s1_0.raw_material,s1_0.sale_date,s1_0.sale_number,s1_0.total_amount,s1_0.unit,s1_0.updated_at,s1_0.user_id,s1_0.weight from sales s1_0 where s1_0.user_id=? and s1_0.sale_date between ? and ?
2026-09-07T19:36:27.467+05:30 TRACE 22976 --- [FinanceManagementSystem] [http-nio-8080-exec-10] org.hibernate.orm.jdbc.bind              : binding parameter (1:BIGINT) <- [2]
2026-09-07T19:36:27.467+05:30 TRACE 22976 --- [FinanceManagementSystem] [http-nio-8080-exec-10] org.hibernate.orm.jdbc.bind              : binding parameter (2:DATE) <- [2026-05-01]
2026-09-07T19:36:27.467+05:30 TRACE 22976 --- [FinanceManagementSystem] [http-nio-8080-exec-10] org.hibernate.orm.jdbc.bind              : binding parameter (3:DATE) <- [2026-05-31]
2026-09-07T19:36:27.467+05:30 DEBUG 22976 --- [FinanceManagementSystem] [http-nio-8080-exec-10] org.hibernate.SQL                        : select p1_0.id,p1_0.amount,p1_0.created_at,p1_0.gst_amount,p1_0.gst_percentage,p1_0.payment_status,p1_0.public_id,p1_0.purchase_date,p1_0.purchase_number,p1_0.purchase_status,p1_0.rate_per_unit,p1_0.raw_material,p1_0.supplier_id,p1_0.supplier_invoice_number,p1_0.total_amount,p1_0.unit,p1_0.updated_at,p1_0.user_id,p1_0.weight from purchases p1_0 where p1_0.user_id=? and p1_0.purchase_date between ? and ?
2026-09-07T19:36:27.467+05:30 TRACE 22976 --- [FinanceManagementSystem] [http-nio-8080-exec-10] org.hibernate.orm.jdbc.bind              : binding parameter (1:BIGINT) <- [2]
2026-09-07T19:36:27.467+05:30 TRACE 22976 --- [FinanceManagementSystem] [http-nio-8080-exec-10] org.hibernate.orm.jdbc.bind              : binding parameter (2:DATE) <- [2026-05-01]
2026-09-07T19:36:27.468+05:30 TRACE 22976 --- [FinanceManagementSystem] [http-nio-8080-exec-10] org.hibernate.orm.jdbc.bind              : binding parameter (3:DATE) <- [2026-05-31]
2026-09-07T19:36:27.469+05:30 DEBUG 22976 --- [FinanceManagementSystem] [http-nio-8080-exec-10] org.hibernate.SQL                        : select coalesce(sum(e1_0.amount),0) from expenses e1_0 where e1_0.user_id=? and e1_0.is_active=1 and (? is null or e1_0.expense_date>=?) and (? is null or e1_0.expense_date<=?)
2026-09-07T19:36:27.469+05:30 TRACE 22976 --- [FinanceManagementSystem] [http-nio-8080-exec-10] org.hibernate.orm.jdbc.bind              : binding parameter (1:BIGINT) <- [2]
2026-09-07T19:36:27.469+05:30 TRACE 22976 --- [FinanceManagementSystem] [http-nio-8080-exec-10] org.hibernate.orm.jdbc.bind              : binding parameter (2:DATE) <- [2026-05-01]
2026-09-07T19:36:27.469+05:30 TRACE 22976 --- [FinanceManagementSystem] [http-nio-8080-exec-10] org.hibernate.orm.jdbc.bind              : binding parameter (3:DATE) <- [2026-05-01]
2026-09-07T19:36:27.469+05:30 TRACE 22976 --- [FinanceManagementSystem] [http-nio-8080-exec-10] org.hibernate.orm.jdbc.bind              : binding parameter (4:DATE) <- [2026-05-31]
2026-09-07T19:36:27.469+05:30 TRACE 22976 --- [FinanceManagementSystem] [http-nio-8080-exec-10] org.hibernate.orm.jdbc.bind              : binding parameter (5:DATE) <- [2026-05-31]
2026-09-07T19:36:27.472+05:30 DEBUG 22976 --- [FinanceManagementSystem] [http-nio-8080-exec-10] org.hibernate.SQL                        : select s1_0.id,s1_0.amount,s1_0.created_at,s1_0.customer_id,s1_0.customer_invoice_number,s1_0.gst_amount,s1_0.gst_percentage,s1_0.payment_status,s1_0.public_id,s1_0.rate_per_unit,s1_0.raw_material,s1_0.sale_date,s1_0.sale_number,s1_0.total_amount,s1_0.unit,s1_0.updated_at,s1_0.user_id,s1_0.weight from sales s1_0 where s1_0.user_id=? and s1_0.sale_date between ? and ?
2026-09-07T19:36:27.472+05:30 TRACE 22976 --- [FinanceManagementSystem] [http-nio-8080-exec-10] org.hibernate.orm.jdbc.bind              : binding parameter (1:BIGINT) <- [2]
2026-09-07T19:36:27.472+05:30 TRACE 22976 --- [FinanceManagementSystem] [http-nio-8080-exec-10] org.hibernate.orm.jdbc.bind              : binding parameter (2:DATE) <- [2026-06-01]
2026-09-07T19:36:27.472+05:30 TRACE 22976 --- [FinanceManagementSystem] [http-nio-8080-exec-10] org.hibernate.orm.jdbc.bind              : binding parameter (3:DATE) <- [2026-06-30]
2026-09-07T19:36:27.472+05:30 DEBUG 22976 --- [FinanceManagementSystem] [http-nio-8080-exec-10] org.hibernate.SQL                        : select p1_0.id,p1_0.amount,p1_0.created_at,p1_0.gst_amount,p1_0.gst_percentage,p1_0.payment_status,p1_0.public_id,p1_0.purchase_date,p1_0.purchase_number,p1_0.purchase_status,p1_0.rate_per_unit,p1_0.raw_material,p1_0.supplier_id,p1_0.supplier_invoice_number,p1_0.total_amount,p1_0.unit,p1_0.updated_at,p1_0.user_id,p1_0.weight from purchases p1_0 where p1_0.user_id=? and p1_0.purchase_date between ? and ?
2026-09-07T19:36:27.472+05:30 TRACE 22976 --- [FinanceManagementSystem] [http-nio-8080-exec-10] org.hibernate.orm.jdbc.bind              : binding parameter (1:BIGINT) <- [2]
2026-09-07T19:36:27.472+05:30 TRACE 22976 --- [FinanceManagementSystem] [http-nio-8080-exec-10] org.hibernate.orm.jdbc.bind              : binding parameter (2:DATE) <- [2026-06-01]
2026-09-07T19:36:27.472+05:30 TRACE 22976 --- [FinanceManagementSystem] [http-nio-8080-exec-10] org.hibernate.orm.jdbc.bind              : binding parameter (3:DATE) <- [2026-06-30]
2026-09-07T19:36:27.473+05:30 DEBUG 22976 --- [FinanceManagementSystem] [http-nio-8080-exec-10] org.hibernate.SQL                        : select coalesce(sum(e1_0.amount),0) from expenses e1_0 where e1_0.user_id=? and e1_0.is_active=1 and (? is null or e1_0.expense_date>=?) and (? is null or e1_0.expense_date<=?)
2026-09-07T19:36:27.475+05:30 TRACE 22976 --- [FinanceManagementSystem] [http-nio-8080-exec-10] org.hibernate.orm.jdbc.bind              : binding parameter (1:BIGINT) <- [2]
2026-09-07T19:36:27.475+05:30 TRACE 22976 --- [FinanceManagementSystem] [http-nio-8080-exec-10] org.hibernate.orm.jdbc.bind              : binding parameter (2:DATE) <- [2026-06-01]
2026-09-07T19:36:27.475+05:30 TRACE 22976 --- [FinanceManagementSystem] [http-nio-8080-exec-10] org.hibernate.orm.jdbc.bind              : binding parameter (3:DATE) <- [2026-06-01]
2026-09-07T19:36:27.475+05:30 TRACE 22976 --- [FinanceManagementSystem] [http-nio-8080-exec-10] org.hibernate.orm.jdbc.bind              : binding parameter (4:DATE) <- [2026-06-30]
2026-09-07T19:36:27.475+05:30 TRACE 22976 --- [FinanceManagementSystem] [http-nio-8080-exec-10] org.hibernate.orm.jdbc.bind              : binding parameter (5:DATE) <- [2026-06-30]
2026-09-07T19:36:27.475+05:30 DEBUG 22976 --- [FinanceManagementSystem] [http-nio-8080-exec-10] org.hibernate.SQL                        : select s1_0.id,s1_0.amount,s1_0.created_at,s1_0.customer_id,s1_0.customer_invoice_number,s1_0.gst_amount,s1_0.gst_percentage,s1_0.payment_status,s1_0.public_id,s1_0.rate_per_unit,s1_0.raw_material,s1_0.sale_date,s1_0.sale_number,s1_0.total_amount,s1_0.unit,s1_0.updated_at,s1_0.user_id,s1_0.weight from sales s1_0 where s1_0.user_id=? and s1_0.sale_date between ? and ?
2026-09-07T19:36:27.475+05:30 TRACE 22976 --- [FinanceManagementSystem] [http-nio-8080-exec-10] org.hibernate.orm.jdbc.bind              : binding parameter (1:BIGINT) <- [2]
2026-09-07T19:36:27.475+05:30 TRACE 22976 --- [FinanceManagementSystem] [http-nio-8080-exec-10] org.hibernate.orm.jdbc.bind              : binding parameter (2:DATE) <- [2026-07-01]
2026-09-07T19:36:27.475+05:30 TRACE 22976 --- [FinanceManagementSystem] [http-nio-8080-exec-10] org.hibernate.orm.jdbc.bind              : binding parameter (3:DATE) <- [2026-07-31]
2026-09-07T19:36:27.477+05:30 DEBUG 22976 --- [FinanceManagementSystem] [http-nio-8080-exec-10] org.hibernate.SQL                        : select p1_0.id,p1_0.amount,p1_0.created_at,p1_0.gst_amount,p1_0.gst_percentage,p1_0.payment_status,p1_0.public_id,p1_0.purchase_date,p1_0.purchase_number,p1_0.purchase_status,p1_0.rate_per_unit,p1_0.raw_material,p1_0.supplier_id,p1_0.supplier_invoice_number,p1_0.total_amount,p1_0.unit,p1_0.updated_at,p1_0.user_id,p1_0.weight from purchases p1_0 where p1_0.user_id=? and p1_0.purchase_date between ? and ?
2026-09-07T19:36:27.477+05:30 TRACE 22976 --- [FinanceManagementSystem] [http-nio-8080-exec-10] org.hibernate.orm.jdbc.bind              : binding parameter (1:BIGINT) <- [2]
2026-09-07T19:36:27.477+05:30 TRACE 22976 --- [FinanceManagementSystem] [http-nio-8080-exec-10] org.hibernate.orm.jdbc.bind              : binding parameter (2:DATE) <- [2026-07-01]
2026-09-07T19:36:27.477+05:30 TRACE 22976 --- [FinanceManagementSystem] [http-nio-8080-exec-10] org.hibernate.orm.jdbc.bind              : binding parameter (3:DATE) <- [2026-07-31]
2026-09-07T19:36:27.478+05:30 DEBUG 22976 --- [FinanceManagementSystem] [http-nio-8080-exec-10] org.hibernate.SQL                        : select coalesce(sum(e1_0.amount),0) from expenses e1_0 where e1_0.user_id=? and e1_0.is_active=1 and (? is null or e1_0.expense_date>=?) and (? is null or e1_0.expense_date<=?)
2026-09-07T19:36:27.478+05:30 TRACE 22976 --- [FinanceManagementSystem] [http-nio-8080-exec-10] org.hibernate.orm.jdbc.bind              : binding parameter (1:BIGINT) <- [2]
2026-09-07T19:36:27.478+05:30 TRACE 22976 --- [FinanceManagementSystem] [http-nio-8080-exec-10] org.hibernate.orm.jdbc.bind              : binding parameter (2:DATE) <- [2026-07-01]
2026-09-07T19:36:27.478+05:30 TRACE 22976 --- [FinanceManagementSystem] [http-nio-8080-exec-10] org.hibernate.orm.jdbc.bind              : binding parameter (3:DATE) <- [2026-07-01]
2026-09-07T19:36:27.478+05:30 TRACE 22976 --- [FinanceManagementSystem] [http-nio-8080-exec-10] org.hibernate.orm.jdbc.bind              : binding parameter (4:DATE) <- [2026-07-31]
2026-09-07T19:36:27.478+05:30 TRACE 22976 --- [FinanceManagementSystem] [http-nio-8080-exec-10] org.hibernate.orm.jdbc.bind              : binding parameter (5:DATE) <- [2026-07-31]
2026-09-07T19:36:27.480+05:30 DEBUG 22976 --- [FinanceManagementSystem] [http-nio-8080-exec-10] org.hibernate.SQL                        : select s1_0.id,s1_0.amount,s1_0.created_at,s1_0.customer_id,s1_0.customer_invoice_number,s1_0.gst_amount,s1_0.gst_percentage,s1_0.payment_status,s1_0.public_id,s1_0.rate_per_unit,s1_0.raw_material,s1_0.sale_date,s1_0.sale_number,s1_0.total_amount,s1_0.unit,s1_0.updated_at,s1_0.user_id,s1_0.weight from sales s1_0 where s1_0.user_id=? and s1_0.sale_date between ? and ?
2026-09-07T19:36:27.480+05:30 TRACE 22976 --- [FinanceManagementSystem] [http-nio-8080-exec-10] org.hibernate.orm.jdbc.bind              : binding parameter (1:BIGINT) <- [2]
2026-09-07T19:36:27.480+05:30 TRACE 22976 --- [FinanceManagementSystem] [http-nio-8080-exec-10] org.hibernate.orm.jdbc.bind              : binding parameter (2:DATE) <- [2026-08-01]
2026-09-07T19:36:27.480+05:30 TRACE 22976 --- [FinanceManagementSystem] [http-nio-8080-exec-10] org.hibernate.orm.jdbc.bind              : binding parameter (3:DATE) <- [2026-08-31]
2026-09-07T19:36:27.481+05:30 DEBUG 22976 --- [FinanceManagementSystem] [http-nio-8080-exec-10] org.hibernate.SQL                        : select p1_0.id,p1_0.amount,p1_0.created_at,p1_0.gst_amount,p1_0.gst_percentage,p1_0.payment_status,p1_0.public_id,p1_0.purchase_date,p1_0.purchase_number,p1_0.purchase_status,p1_0.rate_per_unit,p1_0.raw_material,p1_0.supplier_id,p1_0.supplier_invoice_number,p1_0.total_amount,p1_0.unit,p1_0.updated_at,p1_0.user_id,p1_0.weight from purchases p1_0 where p1_0.user_id=? and p1_0.purchase_date between ? and ?
2026-09-07T19:36:27.481+05:30 TRACE 22976 --- [FinanceManagementSystem] [http-nio-8080-exec-10] org.hibernate.orm.jdbc.bind              : binding parameter (1:BIGINT) <- [2]
2026-09-07T19:36:27.481+05:30 TRACE 22976 --- [FinanceManagementSystem] [http-nio-8080-exec-10] org.hibernate.orm.jdbc.bind              : binding parameter (2:DATE) <- [2026-08-01]
2026-09-07T19:36:27.481+05:30 TRACE 22976 --- [FinanceManagementSystem] [http-nio-8080-exec-10] org.hibernate.orm.jdbc.bind              : binding parameter (3:DATE) <- [2026-08-31]
2026-09-07T19:36:27.483+05:30 DEBUG 22976 --- [FinanceManagementSystem] [http-nio-8080-exec-10] org.hibernate.SQL                        : select coalesce(sum(e1_0.amount),0) from expenses e1_0 where e1_0.user_id=? and e1_0.is_active=1 and (? is null or e1_0.expense_date>=?) and (? is null or e1_0.expense_date<=?)
2026-09-07T19:36:27.483+05:30 TRACE 22976 --- [FinanceManagementSystem] [http-nio-8080-exec-10] org.hibernate.orm.jdbc.bind              : binding parameter (1:BIGINT) <- [2]
2026-09-07T19:36:27.483+05:30 TRACE 22976 --- [FinanceManagementSystem] [http-nio-8080-exec-10] org.hibernate.orm.jdbc.bind              : binding parameter (2:DATE) <- [2026-08-01]
2026-09-07T19:36:27.483+05:30 TRACE 22976 --- [FinanceManagementSystem] [http-nio-8080-exec-10] org.hibernate.orm.jdbc.bind              : binding parameter (3:DATE) <- [2026-08-01]
2026-09-07T19:36:27.483+05:30 TRACE 22976 --- [FinanceManagementSystem] [http-nio-8080-exec-10] org.hibernate.orm.jdbc.bind              : binding parameter (4:DATE) <- [2026-08-31]
2026-09-07T19:36:27.483+05:30 TRACE 22976 --- [FinanceManagementSystem] [http-nio-8080-exec-10] org.hibernate.orm.jdbc.bind              : binding parameter (5:DATE) <- [2026-08-31]
2026-09-07T19:36:27.484+05:30 DEBUG 22976 --- [FinanceManagementSystem] [http-nio-8080-exec-10] org.hibernate.SQL                        : select s1_0.id,s1_0.amount,s1_0.created_at,s1_0.customer_id,s1_0.customer_invoice_number,s1_0.gst_amount,s1_0.gst_percentage,s1_0.payment_status,s1_0.public_id,s1_0.rate_per_unit,s1_0.raw_material,s1_0.sale_date,s1_0.sale_number,s1_0.total_amount,s1_0.unit,s1_0.updated_at,s1_0.user_id,s1_0.weight from sales s1_0 where s1_0.user_id=? and s1_0.sale_date between ? and ?
2026-09-07T19:36:27.484+05:30 TRACE 22976 --- [FinanceManagementSystem] [http-nio-8080-exec-10] org.hibernate.orm.jdbc.bind              : binding parameter (1:BIGINT) <- [2]
2026-09-07T19:36:27.484+05:30 TRACE 22976 --- [FinanceManagementSystem] [http-nio-8080-exec-10] org.hibernate.orm.jdbc.bind              : binding parameter (2:DATE) <- [2026-09-01]
2026-09-07T19:36:27.484+05:30 TRACE 22976 --- [FinanceManagementSystem] [http-nio-8080-exec-10] org.hibernate.orm.jdbc.bind              : binding parameter (3:DATE) <- [2026-09-30]
2026-09-07T19:36:27.486+05:30 DEBUG 22976 --- [FinanceManagementSystem] [http-nio-8080-exec-10] org.hibernate.SQL                        : select p1_0.id,p1_0.amount,p1_0.created_at,p1_0.gst_amount,p1_0.gst_percentage,p1_0.payment_status,p1_0.public_id,p1_0.purchase_date,p1_0.purchase_number,p1_0.purchase_status,p1_0.rate_per_unit,p1_0.raw_material,p1_0.supplier_id,p1_0.supplier_invoice_number,p1_0.total_amount,p1_0.unit,p1_0.updated_at,p1_0.user_id,p1_0.weight from purchases p1_0 where p1_0.user_id=? and p1_0.purchase_date between ? and ?
2026-09-07T19:36:27.486+05:30 TRACE 22976 --- [FinanceManagementSystem] [http-nio-8080-exec-10] org.hibernate.orm.jdbc.bind              : binding parameter (1:BIGINT) <- [2]
2026-09-07T19:36:27.486+05:30 TRACE 22976 --- [FinanceManagementSystem] [http-nio-8080-exec-10] org.hibernate.orm.jdbc.bind              : binding parameter (2:DATE) <- [2026-09-01]
2026-09-07T19:36:27.486+05:30 TRACE 22976 --- [FinanceManagementSystem] [http-nio-8080-exec-10] org.hibernate.orm.jdbc.bind              : binding parameter (3:DATE) <- [2026-09-30]
2026-09-07T19:36:27.487+05:30 DEBUG 22976 --- [FinanceManagementSystem] [http-nio-8080-exec-10] org.hibernate.SQL                        : select coalesce(sum(e1_0.amount),0) from expenses e1_0 where e1_0.user_id=? and e1_0.is_active=1 and (? is null or e1_0.expense_date>=?) and (? is null or e1_0.expense_date<=?)
2026-09-07T19:36:27.487+05:30 TRACE 22976 --- [FinanceManagementSystem] [http-nio-8080-exec-10] org.hibernate.orm.jdbc.bind              : binding parameter (1:BIGINT) <- [2]
2026-09-07T19:36:27.487+05:30 TRACE 22976 --- [FinanceManagementSystem] [http-nio-8080-exec-10] org.hibernate.orm.jdbc.bind              : binding parameter (2:DATE) <- [2026-09-01]
2026-09-07T19:36:27.487+05:30 TRACE 22976 --- [FinanceManagementSystem] [http-nio-8080-exec-10] org.hibernate.orm.jdbc.bind              : binding parameter (3:DATE) <- [2026-09-01]
2026-09-07T19:36:27.487+05:30 TRACE 22976 --- [FinanceManagementSystem] [http-nio-8080-exec-10] org.hibernate.orm.jdbc.bind              : binding parameter (4:DATE) <- [2026-09-30]
2026-09-07T19:36:27.487+05:30 TRACE 22976 --- [FinanceManagementSystem] [http-nio-8080-exec-10] org.hibernate.orm.jdbc.bind              : binding parameter (5:DATE) <- [2026-09-30]
2026-09-07T19:36:27.490+05:30 DEBUG 22976 --- [FinanceManagementSystem] [http-nio-8080-exec-10] org.hibernate.SQL                        : select s1_0.id,s1_0.amount,s1_0.created_at,s1_0.customer_id,s1_0.customer_invoice_number,s1_0.gst_amount,s1_0.gst_percentage,s1_0.payment_status,s1_0.public_id,s1_0.rate_per_unit,s1_0.raw_material,s1_0.sale_date,s1_0.sale_number,s1_0.total_amount,s1_0.unit,s1_0.updated_at,s1_0.user_id,s1_0.weight from sales s1_0 where s1_0.user_id=? order by s1_0.sale_date desc,s1_0.id desc limit ?
2026-09-07T19:36:27.490+05:30 TRACE 22976 --- [FinanceManagementSystem] [http-nio-8080-exec-10] org.hibernate.orm.jdbc.bind              : binding parameter (1:BIGINT) <- [2]
2026-09-07T19:36:27.490+05:30 TRACE 22976 --- [FinanceManagementSystem] [http-nio-8080-exec-10] org.hibernate.orm.jdbc.bind              : binding parameter (2:INTEGER) <- [5]
2026-09-07T19:36:27.492+05:30 DEBUG 22976 --- [FinanceManagementSystem] [http-nio-8080-exec-10] org.hibernate.SQL                        : select p1_0.id,p1_0.amount,p1_0.created_at,p1_0.gst_amount,p1_0.gst_percentage,p1_0.payment_status,p1_0.public_id,p1_0.purchase_date,p1_0.purchase_number,p1_0.purchase_status,p1_0.rate_per_unit,p1_0.raw_material,p1_0.supplier_id,p1_0.supplier_invoice_number,p1_0.total_amount,p1_0.unit,p1_0.updated_at,p1_0.user_id,p1_0.weight from purchases p1_0 where p1_0.user_id=? order by p1_0.purchase_date desc,p1_0.id desc limit ?
2026-09-07T19:36:27.492+05:30 TRACE 22976 --- [FinanceManagementSystem] [http-nio-8080-exec-10] org.hibernate.orm.jdbc.bind              : binding parameter (1:BIGINT) <- [2]
2026-09-07T19:36:27.492+05:30 TRACE 22976 --- [FinanceManagementSystem] [http-nio-8080-exec-10] org.hibernate.orm.jdbc.bind              : binding parameter (2:INTEGER) <- [5]
2026-09-07T19:36:27.494+05:30 DEBUG 22976 --- [FinanceManagementSystem] [http-nio-8080-exec-10] org.hibernate.SQL                        : select s1_0.id,a1_0.id,a1_0.address_line_1,a1_0.address_line_2,a1_0.city,a1_0.country,a1_0.created_at,a1_0.pincode,a1_0.state,a1_0.supplier_id,a1_0.updated_at,s1_0.alternate_mobile_number,s1_0.contact_person,s1_0.created_at,s1_0.email,s1_0.gst_number,s1_0.is_active,s1_0.mobile_number,s1_0.opening_balance,s1_0.payment_terms,s1_0.public_id,s1_0.supplier_name,s1_0.updated_at,s1_0.user_id from suppliers s1_0 left join supplier_address a1_0 on s1_0.id=a1_0.supplier_id where s1_0.id=?
2026-09-07T19:36:27.494+05:30 TRACE 22976 --- [FinanceManagementSystem] [http-nio-8080-exec-10] org.hibernate.orm.jdbc.bind              : binding parameter (1:BIGINT) <- [1]
2026-09-07T19:36:27.495+05:30 DEBUG 22976 --- [FinanceManagementSystem] [http-nio-8080-exec-10] org.hibernate.SQL                        : select e1_0.id,e1_0.amount,e1_0.category,e1_0.created_at,e1_0.description,e1_0.expense_date,e1_0.expense_number,e1_0.is_active,e1_0.payment_mode,e1_0.public_id,e1_0.reference_number,e1_0.remarks,e1_0.updated_at,e1_0.user_id from expenses e1_0 where e1_0.user_id=? and e1_0.is_active order by e1_0.expense_date desc limit ?
2026-09-07T19:36:27.495+05:30 TRACE 22976 --- [FinanceManagementSystem] [http-nio-8080-exec-10] org.hibernate.orm.jdbc.bind              : binding parameter (1:BIGINT) <- [2]
2026-09-07T19:36:27.495+05:30 TRACE 22976 --- [FinanceManagementSystem] [http-nio-8080-exec-10] org.hibernate.orm.jdbc.bind              : binding parameter (2:INTEGER) <- [5]
2026-09-07T19:36:27.497+05:30 DEBUG 22976 --- [FinanceManagementSystem] [http-nio-8080-exec-10] org.hibernate.SQL                        : select count(e1_0.id) from expenses e1_0 where e1_0.user_id=? and e1_0.is_active
2026-09-07T19:36:27.497+05:30 TRACE 22976 --- [FinanceManagementSystem] [http-nio-8080-exec-10] org.hibernate.orm.jdbc.bind              : binding parameter (1:BIGINT) <- [2]
2026-09-07T19:36:47.525+05:30 DEBUG 22976 --- [FinanceManagementSystem] [http-nio-8080-exec-3] org.hibernate.SQL                        : SELECT * FROM users WHERE LOWER(TRIM(email)) = LOWER(TRIM(?))
2026-09-07T19:36:47.526+05:30 TRACE 22976 --- [FinanceManagementSystem] [http-nio-8080-exec-3] org.hibernate.orm.jdbc.bind              : binding parameter (1:VARCHAR) <- [bhavesh@gmail.com]
2026-09-07T19:36:47.528+05:30 DEBUG 22976 --- [FinanceManagementSystem] [http-nio-8080-exec-3] org.hibernate.SQL                        : select ua1_0.id,ua1_0.area,ua1_0.city,ua1_0.country,ua1_0.created_at,ua1_0.house_no,ua1_0.pincode,ua1_0.society_name,ua1_0.state,ua1_0.updated_at,ua1_0.user_id from user_address ua1_0 where ua1_0.user_id=?
2026-09-07T19:36:47.528+05:30 TRACE 22976 --- [FinanceManagementSystem] [http-nio-8080-exec-3] org.hibernate.orm.jdbc.bind              : binding parameter (1:BIGINT) <- [2]
2026-09-07T19:36:47.530+05:30  INFO 22976 --- [FinanceManagementSystem] [http-nio-8080-exec-3] F.d.Security.CustomUserDetailsService    : CustomUserDetailsService - User loaded successfully: bhavesh@gmail.com
2026-09-07T19:36:47.539+05:30  INFO 22976 --- [FinanceManagementSystem] [http-nio-8080-exec-3] F.demo.Security.JwtUtil                  : JwtUtil - JWT token validation successful for user: bhavesh@gmail.com
2026-09-07T19:36:47.540+05:30  INFO 22976 --- [FinanceManagementSystem] [http-nio-8080-exec-3] F.demo.Security.JwtFilter                : JwtFilter - JWT validated successfully for user: bhavesh@gmail.com
2026-09-07T19:36:47.540+05:30  INFO 22976 --- [FinanceManagementSystem] [http-nio-8080-exec-3] F.demo.Controller.DashboardController    : CONTROLLER - request came in getDashboardSummary...
2026-09-07T19:36:47.543+05:30  INFO 22976 --- [FinanceManagementSystem] [http-nio-8080-exec-3] F.d.S.Implementations.DashboardService   : SERVICE - request came in getDashboardSummary...
2026-09-07T19:36:47.543+05:30 DEBUG 22976 --- [FinanceManagementSystem] [http-nio-8080-exec-3] org.hibernate.SQL                        : SELECT * FROM users WHERE LOWER(TRIM(email)) = LOWER(TRIM(?))
2026-09-07T19:36:47.544+05:30 TRACE 22976 --- [FinanceManagementSystem] [http-nio-8080-exec-3] org.hibernate.orm.jdbc.bind              : binding parameter (1:VARCHAR) <- [bhavesh@gmail.com]
2026-09-07T19:36:47.546+05:30 DEBUG 22976 --- [FinanceManagementSystem] [http-nio-8080-exec-3] org.hibernate.SQL                        : select ua1_0.id,ua1_0.area,ua1_0.city,ua1_0.country,ua1_0.created_at,ua1_0.house_no,ua1_0.pincode,ua1_0.society_name,ua1_0.state,ua1_0.updated_at,ua1_0.user_id from user_address ua1_0 where ua1_0.user_id=?
2026-09-07T19:36:47.547+05:30 TRACE 22976 --- [FinanceManagementSystem] [http-nio-8080-exec-3] org.hibernate.orm.jdbc.bind              : binding parameter (1:BIGINT) <- [2]
2026-09-07T19:36:47.548+05:30  INFO 22976 --- [FinanceManagementSystem] [http-nio-8080-exec-3] F.d.S.I.PurchasePaymentService           : SERVICE - request came in getTotalOutstandingAmount...
2026-09-07T19:36:47.549+05:30 DEBUG 22976 --- [FinanceManagementSystem] [http-nio-8080-exec-3] org.hibernate.SQL                        : SELECT * FROM users WHERE LOWER(TRIM(email)) = LOWER(TRIM(?))
2026-09-07T19:36:47.549+05:30 TRACE 22976 --- [FinanceManagementSystem] [http-nio-8080-exec-3] org.hibernate.orm.jdbc.bind              : binding parameter (1:VARCHAR) <- [bhavesh@gmail.com]
2026-09-07T19:36:47.552+05:30 DEBUG 22976 --- [FinanceManagementSystem] [http-nio-8080-exec-3] org.hibernate.SQL                        : select p1_0.id,p1_0.amount,p1_0.created_at,p1_0.gst_amount,p1_0.gst_percentage,p1_0.payment_status,p1_0.public_id,p1_0.purchase_date,p1_0.purchase_number,p1_0.purchase_status,p1_0.rate_per_unit,p1_0.raw_material,p1_0.supplier_id,p1_0.supplier_invoice_number,p1_0.total_amount,p1_0.unit,p1_0.updated_at,p1_0.user_id,p1_0.weight from purchases p1_0 where p1_0.user_id=? and p1_0.payment_status in (?,?)
2026-09-07T19:36:47.553+05:30 TRACE 22976 --- [FinanceManagementSystem] [http-nio-8080-exec-3] org.hibernate.orm.jdbc.bind              : binding parameter (1:BIGINT) <- [2]
2026-09-07T19:36:47.553+05:30 TRACE 22976 --- [FinanceManagementSystem] [http-nio-8080-exec-3] org.hibernate.orm.jdbc.bind              : binding parameter (2:ENUM) <- [PENDING]
2026-09-07T19:36:47.554+05:30 TRACE 22976 --- [FinanceManagementSystem] [http-nio-8080-exec-3] org.hibernate.orm.jdbc.bind              : binding parameter (3:ENUM) <- [PARTIALLY_PAID]
2026-09-07T19:36:47.556+05:30  INFO 22976 --- [FinanceManagementSystem] [http-nio-8080-exec-3] F.d.S.I.SalePaymentService               : SERVICE - request came in getTotalReceivableAmount...
2026-09-07T19:36:47.556+05:30 DEBUG 22976 --- [FinanceManagementSystem] [http-nio-8080-exec-3] org.hibernate.SQL                        : SELECT * FROM users WHERE LOWER(TRIM(email)) = LOWER(TRIM(?))
2026-09-07T19:36:47.557+05:30 TRACE 22976 --- [FinanceManagementSystem] [http-nio-8080-exec-3] org.hibernate.orm.jdbc.bind              : binding parameter (1:VARCHAR) <- [bhavesh@gmail.com]
2026-09-07T19:36:47.560+05:30 DEBUG 22976 --- [FinanceManagementSystem] [http-nio-8080-exec-3] org.hibernate.SQL                        : select s1_0.id,s1_0.amount,s1_0.created_at,s1_0.customer_id,s1_0.customer_invoice_number,s1_0.gst_amount,s1_0.gst_percentage,s1_0.payment_status,s1_0.public_id,s1_0.rate_per_unit,s1_0.raw_material,s1_0.sale_date,s1_0.sale_number,s1_0.total_amount,s1_0.unit,s1_0.updated_at,s1_0.user_id,s1_0.weight from sales s1_0 where s1_0.user_id=? and s1_0.payment_status in (?,?)
2026-09-07T19:36:47.560+05:30 TRACE 22976 --- [FinanceManagementSystem] [http-nio-8080-exec-3] org.hibernate.orm.jdbc.bind              : binding parameter (1:BIGINT) <- [2]
2026-09-07T19:36:47.561+05:30 TRACE 22976 --- [FinanceManagementSystem] [http-nio-8080-exec-3] org.hibernate.orm.jdbc.bind              : binding parameter (2:ENUM) <- [PENDING]
2026-09-07T19:36:47.561+05:30 TRACE 22976 --- [FinanceManagementSystem] [http-nio-8080-exec-3] org.hibernate.orm.jdbc.bind              : binding parameter (3:ENUM) <- [PARTIALLY_PAID]
2026-09-07T19:36:47.563+05:30 DEBUG 22976 --- [FinanceManagementSystem] [http-nio-8080-exec-3] org.hibernate.SQL                        : select coalesce(sum(sp1_0.amount_received),0) from sale_payments sp1_0 where sp1_0.user_id=?
2026-09-07T19:36:47.563+05:30 TRACE 22976 --- [FinanceManagementSystem] [http-nio-8080-exec-3] org.hibernate.orm.jdbc.bind              : binding parameter (1:BIGINT) <- [2]
2026-09-07T19:36:47.565+05:30 DEBUG 22976 --- [FinanceManagementSystem] [http-nio-8080-exec-3] org.hibernate.SQL                        : select coalesce(sum(pp1_0.amount_paid),0) from purchase_payments pp1_0 where pp1_0.user_id=?
2026-09-07T19:36:47.565+05:30 TRACE 22976 --- [FinanceManagementSystem] [http-nio-8080-exec-3] org.hibernate.orm.jdbc.bind              : binding parameter (1:BIGINT) <- [2]
2026-09-07T19:36:47.567+05:30 DEBUG 22976 --- [FinanceManagementSystem] [http-nio-8080-exec-3] org.hibernate.SQL                        : select coalesce(sum(e1_0.amount),0) from expenses e1_0 where e1_0.user_id=? and e1_0.is_active=1 and (? is null or e1_0.expense_date>=?) and (? is null or e1_0.expense_date<=?)
2026-09-07T19:36:47.567+05:30 TRACE 22976 --- [FinanceManagementSystem] [http-nio-8080-exec-3] org.hibernate.orm.jdbc.bind              : binding parameter (1:BIGINT) <- [2]
2026-09-07T19:36:47.567+05:30 TRACE 22976 --- [FinanceManagementSystem] [http-nio-8080-exec-3] org.hibernate.orm.jdbc.bind              : binding parameter (2:DATE) <- [null]
2026-09-07T19:36:47.568+05:30 TRACE 22976 --- [FinanceManagementSystem] [http-nio-8080-exec-3] org.hibernate.orm.jdbc.bind              : binding parameter (3:DATE) <- [null]
2026-09-07T19:36:47.568+05:30 TRACE 22976 --- [FinanceManagementSystem] [http-nio-8080-exec-3] org.hibernate.orm.jdbc.bind              : binding parameter (4:DATE) <- [null]
2026-09-07T19:36:47.568+05:30 TRACE 22976 --- [FinanceManagementSystem] [http-nio-8080-exec-3] org.hibernate.orm.jdbc.bind              : binding parameter (5:DATE) <- [null]
2026-09-07T19:36:47.570+05:30 DEBUG 22976 --- [FinanceManagementSystem] [http-nio-8080-exec-3] org.hibernate.SQL                        : select coalesce(sum(ppw1_0.amount),0) from partner_profit_withdrawals ppw1_0 where ppw1_0.user_id=?
2026-09-07T19:36:47.570+05:30 TRACE 22976 --- [FinanceManagementSystem] [http-nio-8080-exec-3] org.hibernate.orm.jdbc.bind              : binding parameter (1:BIGINT) <- [2]
2026-09-07T19:36:47.572+05:30  INFO 22976 --- [FinanceManagementSystem] [http-nio-8080-exec-3] F.d.S.Implementations.ExpenseService     : SERVICE - request came in getTotalExpenses...
2026-09-07T19:36:47.572+05:30 DEBUG 22976 --- [FinanceManagementSystem] [http-nio-8080-exec-3] org.hibernate.SQL                        : SELECT * FROM users WHERE LOWER(TRIM(email)) = LOWER(TRIM(?))
2026-09-07T19:36:47.572+05:30 TRACE 22976 --- [FinanceManagementSystem] [http-nio-8080-exec-3] org.hibernate.orm.jdbc.bind              : binding parameter (1:VARCHAR) <- [bhavesh@gmail.com]
2026-09-07T19:36:47.575+05:30 DEBUG 22976 --- [FinanceManagementSystem] [http-nio-8080-exec-3] org.hibernate.SQL                        : select coalesce(sum(e1_0.amount),0) from expenses e1_0 where e1_0.user_id=? and e1_0.is_active=1 and (? is null or e1_0.expense_date>=?) and (? is null or e1_0.expense_date<=?)
2026-09-07T19:36:47.575+05:30 TRACE 22976 --- [FinanceManagementSystem] [http-nio-8080-exec-3] org.hibernate.orm.jdbc.bind              : binding parameter (1:BIGINT) <- [2]
2026-09-07T19:36:47.575+05:30 TRACE 22976 --- [FinanceManagementSystem] [http-nio-8080-exec-3] org.hibernate.orm.jdbc.bind              : binding parameter (2:DATE) <- [2026-09-01]
2026-09-07T19:36:47.575+05:30 TRACE 22976 --- [FinanceManagementSystem] [http-nio-8080-exec-3] org.hibernate.orm.jdbc.bind              : binding parameter (3:DATE) <- [2026-09-01]
2026-09-07T19:36:47.575+05:30 TRACE 22976 --- [FinanceManagementSystem] [http-nio-8080-exec-3] org.hibernate.orm.jdbc.bind              : binding parameter (4:DATE) <- [2026-09-07]
2026-09-07T19:36:47.575+05:30 TRACE 22976 --- [FinanceManagementSystem] [http-nio-8080-exec-3] org.hibernate.orm.jdbc.bind              : binding parameter (5:DATE) <- [2026-09-07]
2026-09-07T19:36:47.577+05:30  INFO 22976 --- [FinanceManagementSystem] [http-nio-8080-exec-3] F.d.S.Implementations.StockService       : SERVICE - request came in getLowStockList...
2026-09-07T19:36:47.577+05:30 DEBUG 22976 --- [FinanceManagementSystem] [http-nio-8080-exec-3] org.hibernate.SQL                        : SELECT * FROM users WHERE LOWER(TRIM(email)) = LOWER(TRIM(?))
2026-09-07T19:36:47.578+05:30 TRACE 22976 --- [FinanceManagementSystem] [http-nio-8080-exec-3] org.hibernate.orm.jdbc.bind              : binding parameter (1:VARCHAR) <- [bhavesh@gmail.com]
2026-09-07T19:36:47.580+05:30 DEBUG 22976 --- [FinanceManagementSystem] [http-nio-8080-exec-3] org.hibernate.SQL                        : select s1_0.id,s1_0.created_at,s1_0.current_quantity,s1_0.is_active,s1_0.minimum_stock_level,s1_0.public_id,s1_0.raw_material,s1_0.unit,s1_0.updated_at,s1_0.user_id,s1_0.version from stocks s1_0 where s1_0.user_id=?
2026-09-07T19:36:47.581+05:30 TRACE 22976 --- [FinanceManagementSystem] [http-nio-8080-exec-3] org.hibernate.orm.jdbc.bind              : binding parameter (1:BIGINT) <- [2]
2026-09-07T19:36:47.583+05:30 DEBUG 22976 --- [FinanceManagementSystem] [http-nio-8080-exec-3] org.hibernate.SQL                        : SELECT * FROM users WHERE LOWER(TRIM(email)) = LOWER(TRIM(?))
2026-09-07T19:36:47.583+05:30 TRACE 22976 --- [FinanceManagementSystem] [http-nio-8080-exec-3] org.hibernate.orm.jdbc.bind              : binding parameter (1:VARCHAR) <- [bhavesh@gmail.com]
2026-09-07T19:36:47.586+05:30 DEBUG 22976 --- [FinanceManagementSystem] [http-nio-8080-exec-3] org.hibernate.SQL                        : select pd1_0.id,pd1_0.created_at,pd1_0.from_date,pd1_0.net_profit,pd1_0.public_id,pd1_0.to_date,pd1_0.total_expenses,pd1_0.total_purchase_cost,pd1_0.total_revenue,pd1_0.updated_at,pd1_0.user_id from profit_distributions pd1_0 where pd1_0.user_id=? order by coalesce(pd1_0.updated_at,pd1_0.created_at) desc,pd1_0.id desc
2026-09-07T19:36:47.586+05:30 TRACE 22976 --- [FinanceManagementSystem] [http-nio-8080-exec-3] org.hibernate.orm.jdbc.bind              : binding parameter (1:BIGINT) <- [2]
2026-09-07T19:36:47.589+05:30 DEBUG 22976 --- [FinanceManagementSystem] [http-nio-8080-exec-3] org.hibernate.SQL                        : select s1_0.id,s1_0.amount,s1_0.created_at,s1_0.customer_id,s1_0.customer_invoice_number,s1_0.gst_amount,s1_0.gst_percentage,s1_0.payment_status,s1_0.public_id,s1_0.rate_per_unit,s1_0.raw_material,s1_0.sale_date,s1_0.sale_number,s1_0.total_amount,s1_0.unit,s1_0.updated_at,s1_0.user_id,s1_0.weight from sales s1_0 where s1_0.user_id=? and s1_0.sale_date between ? and ?
2026-09-07T19:36:47.590+05:30 TRACE 22976 --- [FinanceManagementSystem] [http-nio-8080-exec-3] org.hibernate.orm.jdbc.bind              : binding parameter (1:BIGINT) <- [2]
2026-09-07T19:36:47.590+05:30 TRACE 22976 --- [FinanceManagementSystem] [http-nio-8080-exec-3] org.hibernate.orm.jdbc.bind              : binding parameter (2:DATE) <- [2026-04-01]
2026-09-07T19:36:47.590+05:30 TRACE 22976 --- [FinanceManagementSystem] [http-nio-8080-exec-3] org.hibernate.orm.jdbc.bind              : binding parameter (3:DATE) <- [2026-04-30]
2026-09-07T19:36:47.592+05:30 DEBUG 22976 --- [FinanceManagementSystem] [http-nio-8080-exec-3] org.hibernate.SQL                        : select p1_0.id,p1_0.amount,p1_0.created_at,p1_0.gst_amount,p1_0.gst_percentage,p1_0.payment_status,p1_0.public_id,p1_0.purchase_date,p1_0.purchase_number,p1_0.purchase_status,p1_0.rate_per_unit,p1_0.raw_material,p1_0.supplier_id,p1_0.supplier_invoice_number,p1_0.total_amount,p1_0.unit,p1_0.updated_at,p1_0.user_id,p1_0.weight from purchases p1_0 where p1_0.user_id=? and p1_0.purchase_date between ? and ?
2026-09-07T19:36:47.593+05:30 TRACE 22976 --- [FinanceManagementSystem] [http-nio-8080-exec-3] org.hibernate.orm.jdbc.bind              : binding parameter (1:BIGINT) <- [2]
2026-09-07T19:36:47.593+05:30 TRACE 22976 --- [FinanceManagementSystem] [http-nio-8080-exec-3] org.hibernate.orm.jdbc.bind              : binding parameter (2:DATE) <- [2026-04-01]
2026-09-07T19:36:47.593+05:30 TRACE 22976 --- [FinanceManagementSystem] [http-nio-8080-exec-3] org.hibernate.orm.jdbc.bind              : binding parameter (3:DATE) <- [2026-04-30]
2026-09-07T19:36:47.595+05:30 DEBUG 22976 --- [FinanceManagementSystem] [http-nio-8080-exec-3] org.hibernate.SQL                        : select coalesce(sum(e1_0.amount),0) from expenses e1_0 where e1_0.user_id=? and e1_0.is_active=1 and (? is null or e1_0.expense_date>=?) and (? is null or e1_0.expense_date<=?)
2026-09-07T19:36:47.595+05:30 TRACE 22976 --- [FinanceManagementSystem] [http-nio-8080-exec-3] org.hibernate.orm.jdbc.bind              : binding parameter (1:BIGINT) <- [2]
2026-09-07T19:36:47.595+05:30 TRACE 22976 --- [FinanceManagementSystem] [http-nio-8080-exec-3] org.hibernate.orm.jdbc.bind              : binding parameter (2:DATE) <- [2026-04-01]
2026-09-07T19:36:47.595+05:30 TRACE 22976 --- [FinanceManagementSystem] [http-nio-8080-exec-3] org.hibernate.orm.jdbc.bind              : binding parameter (3:DATE) <- [2026-04-01]
2026-09-07T19:36:47.596+05:30 TRACE 22976 --- [FinanceManagementSystem] [http-nio-8080-exec-3] org.hibernate.orm.jdbc.bind              : binding parameter (4:DATE) <- [2026-04-30]
2026-09-07T19:36:47.596+05:30 TRACE 22976 --- [FinanceManagementSystem] [http-nio-8080-exec-3] org.hibernate.orm.jdbc.bind              : binding parameter (5:DATE) <- [2026-04-30]
2026-09-07T19:36:47.598+05:30 DEBUG 22976 --- [FinanceManagementSystem] [http-nio-8080-exec-3] org.hibernate.SQL                        : select s1_0.id,s1_0.amount,s1_0.created_at,s1_0.customer_id,s1_0.customer_invoice_number,s1_0.gst_amount,s1_0.gst_percentage,s1_0.payment_status,s1_0.public_id,s1_0.rate_per_unit,s1_0.raw_material,s1_0.sale_date,s1_0.sale_number,s1_0.total_amount,s1_0.unit,s1_0.updated_at,s1_0.user_id,s1_0.weight from sales s1_0 where s1_0.user_id=? and s1_0.sale_date between ? and ?
2026-09-07T19:36:47.599+05:30 TRACE 22976 --- [FinanceManagementSystem] [http-nio-8080-exec-3] org.hibernate.orm.jdbc.bind              : binding parameter (1:BIGINT) <- [2]
2026-09-07T19:36:47.599+05:30 TRACE 22976 --- [FinanceManagementSystem] [http-nio-8080-exec-3] org.hibernate.orm.jdbc.bind              : binding parameter (2:DATE) <- [2026-05-01]
2026-09-07T19:36:47.599+05:30 TRACE 22976 --- [FinanceManagementSystem] [http-nio-8080-exec-3] org.hibernate.orm.jdbc.bind              : binding parameter (3:DATE) <- [2026-05-31]
2026-09-07T19:36:47.603+05:30 DEBUG 22976 --- [FinanceManagementSystem] [http-nio-8080-exec-3] org.hibernate.SQL                        : select p1_0.id,p1_0.amount,p1_0.created_at,p1_0.gst_amount,p1_0.gst_percentage,p1_0.payment_status,p1_0.public_id,p1_0.purchase_date,p1_0.purchase_number,p1_0.purchase_status,p1_0.rate_per_unit,p1_0.raw_material,p1_0.supplier_id,p1_0.supplier_invoice_number,p1_0.total_amount,p1_0.unit,p1_0.updated_at,p1_0.user_id,p1_0.weight from purchases p1_0 where p1_0.user_id=? and p1_0.purchase_date between ? and ?
2026-09-07T19:36:47.604+05:30 TRACE 22976 --- [FinanceManagementSystem] [http-nio-8080-exec-3] org.hibernate.orm.jdbc.bind              : binding parameter (1:BIGINT) <- [2]
2026-09-07T19:36:47.604+05:30 TRACE 22976 --- [FinanceManagementSystem] [http-nio-8080-exec-3] org.hibernate.orm.jdbc.bind              : binding parameter (2:DATE) <- [2026-05-01]
2026-09-07T19:36:47.604+05:30 TRACE 22976 --- [FinanceManagementSystem] [http-nio-8080-exec-3] org.hibernate.orm.jdbc.bind              : binding parameter (3:DATE) <- [2026-05-31]
2026-09-07T19:36:47.606+05:30 DEBUG 22976 --- [FinanceManagementSystem] [http-nio-8080-exec-3] org.hibernate.SQL                        : select coalesce(sum(e1_0.amount),0) from expenses e1_0 where e1_0.user_id=? and e1_0.is_active=1 and (? is null or e1_0.expense_date>=?) and (? is null or e1_0.expense_date<=?)
2026-09-07T19:36:47.607+05:30 TRACE 22976 --- [FinanceManagementSystem] [http-nio-8080-exec-3] org.hibernate.orm.jdbc.bind              : binding parameter (1:BIGINT) <- [2]
2026-09-07T19:36:47.607+05:30 TRACE 22976 --- [FinanceManagementSystem] [http-nio-8080-exec-3] org.hibernate.orm.jdbc.bind              : binding parameter (2:DATE) <- [2026-05-01]
2026-09-07T19:36:47.607+05:30 TRACE 22976 --- [FinanceManagementSystem] [http-nio-8080-exec-3] org.hibernate.orm.jdbc.bind              : binding parameter (3:DATE) <- [2026-05-01]
2026-09-07T19:36:47.607+05:30 TRACE 22976 --- [FinanceManagementSystem] [http-nio-8080-exec-3] org.hibernate.orm.jdbc.bind              : binding parameter (4:DATE) <- [2026-05-31]
2026-09-07T19:36:47.607+05:30 TRACE 22976 --- [FinanceManagementSystem] [http-nio-8080-exec-3] org.hibernate.orm.jdbc.bind              : binding parameter (5:DATE) <- [2026-05-31]
2026-09-07T19:36:47.610+05:30 DEBUG 22976 --- [FinanceManagementSystem] [http-nio-8080-exec-3] org.hibernate.SQL                        : select s1_0.id,s1_0.amount,s1_0.created_at,s1_0.customer_id,s1_0.customer_invoice_number,s1_0.gst_amount,s1_0.gst_percentage,s1_0.payment_status,s1_0.public_id,s1_0.rate_per_unit,s1_0.raw_material,s1_0.sale_date,s1_0.sale_number,s1_0.total_amount,s1_0.unit,s1_0.updated_at,s1_0.user_id,s1_0.weight from sales s1_0 where s1_0.user_id=? and s1_0.sale_date between ? and ?
2026-09-07T19:36:47.611+05:30 TRACE 22976 --- [FinanceManagementSystem] [http-nio-8080-exec-3] org.hibernate.orm.jdbc.bind              : binding parameter (1:BIGINT) <- [2]
2026-09-07T19:36:47.611+05:30 TRACE 22976 --- [FinanceManagementSystem] [http-nio-8080-exec-3] org.hibernate.orm.jdbc.bind              : binding parameter (2:DATE) <- [2026-06-01]
2026-09-07T19:36:47.611+05:30 TRACE 22976 --- [FinanceManagementSystem] [http-nio-8080-exec-3] org.hibernate.orm.jdbc.bind              : binding parameter (3:DATE) <- [2026-06-30]
2026-09-07T19:36:47.614+05:30 DEBUG 22976 --- [FinanceManagementSystem] [http-nio-8080-exec-3] org.hibernate.SQL                        : select p1_0.id,p1_0.amount,p1_0.created_at,p1_0.gst_amount,p1_0.gst_percentage,p1_0.payment_status,p1_0.public_id,p1_0.purchase_date,p1_0.purchase_number,p1_0.purchase_status,p1_0.rate_per_unit,p1_0.raw_material,p1_0.supplier_id,p1_0.supplier_invoice_number,p1_0.total_amount,p1_0.unit,p1_0.updated_at,p1_0.user_id,p1_0.weight from purchases p1_0 where p1_0.user_id=? and p1_0.purchase_date between ? and ?
2026-09-07T19:36:47.614+05:30 TRACE 22976 --- [FinanceManagementSystem] [http-nio-8080-exec-3] org.hibernate.orm.jdbc.bind              : binding parameter (1:BIGINT) <- [2]
2026-09-07T19:36:47.615+05:30 TRACE 22976 --- [FinanceManagementSystem] [http-nio-8080-exec-3] org.hibernate.orm.jdbc.bind              : binding parameter (2:DATE) <- [2026-06-01]
2026-09-07T19:36:47.615+05:30 TRACE 22976 --- [FinanceManagementSystem] [http-nio-8080-exec-3] org.hibernate.orm.jdbc.bind              : binding parameter (3:DATE) <- [2026-06-30]
2026-09-07T19:36:47.617+05:30 DEBUG 22976 --- [FinanceManagementSystem] [http-nio-8080-exec-3] org.hibernate.SQL                        : select coalesce(sum(e1_0.amount),0) from expenses e1_0 where e1_0.user_id=? and e1_0.is_active=1 and (? is null or e1_0.expense_date>=?) and (? is null or e1_0.expense_date<=?)
2026-09-07T19:36:47.617+05:30 TRACE 22976 --- [FinanceManagementSystem] [http-nio-8080-exec-3] org.hibernate.orm.jdbc.bind              : binding parameter (1:BIGINT) <- [2]
2026-09-07T19:36:47.617+05:30 TRACE 22976 --- [FinanceManagementSystem] [http-nio-8080-exec-3] org.hibernate.orm.jdbc.bind              : binding parameter (2:DATE) <- [2026-06-01]
2026-09-07T19:36:47.618+05:30 TRACE 22976 --- [FinanceManagementSystem] [http-nio-8080-exec-3] org.hibernate.orm.jdbc.bind              : binding parameter (3:DATE) <- [2026-06-01]
2026-09-07T19:36:47.618+05:30 TRACE 22976 --- [FinanceManagementSystem] [http-nio-8080-exec-3] org.hibernate.orm.jdbc.bind              : binding parameter (4:DATE) <- [2026-06-30]
2026-09-07T19:36:47.618+05:30 TRACE 22976 --- [FinanceManagementSystem] [http-nio-8080-exec-3] org.hibernate.orm.jdbc.bind              : binding parameter (5:DATE) <- [2026-06-30]
2026-09-07T19:36:47.620+05:30 DEBUG 22976 --- [FinanceManagementSystem] [http-nio-8080-exec-3] org.hibernate.SQL                        : select s1_0.id,s1_0.amount,s1_0.created_at,s1_0.customer_id,s1_0.customer_invoice_number,s1_0.gst_amount,s1_0.gst_percentage,s1_0.payment_status,s1_0.public_id,s1_0.rate_per_unit,s1_0.raw_material,s1_0.sale_date,s1_0.sale_number,s1_0.total_amount,s1_0.unit,s1_0.updated_at,s1_0.user_id,s1_0.weight from sales s1_0 where s1_0.user_id=? and s1_0.sale_date between ? and ?
2026-09-07T19:36:47.621+05:30 TRACE 22976 --- [FinanceManagementSystem] [http-nio-8080-exec-3] org.hibernate.orm.jdbc.bind              : binding parameter (1:BIGINT) <- [2]
2026-09-07T19:36:47.621+05:30 TRACE 22976 --- [FinanceManagementSystem] [http-nio-8080-exec-3] org.hibernate.orm.jdbc.bind              : binding parameter (2:DATE) <- [2026-07-01]
2026-09-07T19:36:47.621+05:30 TRACE 22976 --- [FinanceManagementSystem] [http-nio-8080-exec-3] org.hibernate.orm.jdbc.bind              : binding parameter (3:DATE) <- [2026-07-31]
2026-09-07T19:36:47.624+05:30 DEBUG 22976 --- [FinanceManagementSystem] [http-nio-8080-exec-3] org.hibernate.SQL                        : select p1_0.id,p1_0.amount,p1_0.created_at,p1_0.gst_amount,p1_0.gst_percentage,p1_0.payment_status,p1_0.public_id,p1_0.purchase_date,p1_0.purchase_number,p1_0.purchase_status,p1_0.rate_per_unit,p1_0.raw_material,p1_0.supplier_id,p1_0.supplier_invoice_number,p1_0.total_amount,p1_0.unit,p1_0.updated_at,p1_0.user_id,p1_0.weight from purchases p1_0 where p1_0.user_id=? and p1_0.purchase_date between ? and ?
2026-09-07T19:36:47.625+05:30 TRACE 22976 --- [FinanceManagementSystem] [http-nio-8080-exec-3] org.hibernate.orm.jdbc.bind              : binding parameter (1:BIGINT) <- [2]
2026-09-07T19:36:47.625+05:30 TRACE 22976 --- [FinanceManagementSystem] [http-nio-8080-exec-3] org.hibernate.orm.jdbc.bind              : binding parameter (2:DATE) <- [2026-07-01]
2026-09-07T19:36:47.625+05:30 TRACE 22976 --- [FinanceManagementSystem] [http-nio-8080-exec-3] org.hibernate.orm.jdbc.bind              : binding parameter (3:DATE) <- [2026-07-31]
2026-09-07T19:36:47.627+05:30 DEBUG 22976 --- [FinanceManagementSystem] [http-nio-8080-exec-3] org.hibernate.SQL                        : select coalesce(sum(e1_0.amount),0) from expenses e1_0 where e1_0.user_id=? and e1_0.is_active=1 and (? is null or e1_0.expense_date>=?) and (? is null or e1_0.expense_date<=?)
2026-09-07T19:36:47.627+05:30 TRACE 22976 --- [FinanceManagementSystem] [http-nio-8080-exec-3] org.hibernate.orm.jdbc.bind              : binding parameter (1:BIGINT) <- [2]
2026-09-07T19:36:47.627+05:30 TRACE 22976 --- [FinanceManagementSystem] [http-nio-8080-exec-3] org.hibernate.orm.jdbc.bind              : binding parameter (2:DATE) <- [2026-07-01]
2026-09-07T19:36:47.628+05:30 TRACE 22976 --- [FinanceManagementSystem] [http-nio-8080-exec-3] org.hibernate.orm.jdbc.bind              : binding parameter (3:DATE) <- [2026-07-01]
2026-09-07T19:36:47.628+05:30 TRACE 22976 --- [FinanceManagementSystem] [http-nio-8080-exec-3] org.hibernate.orm.jdbc.bind              : binding parameter (4:DATE) <- [2026-07-31]
2026-09-07T19:36:47.628+05:30 TRACE 22976 --- [FinanceManagementSystem] [http-nio-8080-exec-3] org.hibernate.orm.jdbc.bind              : binding parameter (5:DATE) <- [2026-07-31]
2026-09-07T19:36:47.630+05:30 DEBUG 22976 --- [FinanceManagementSystem] [http-nio-8080-exec-3] org.hibernate.SQL                        : select s1_0.id,s1_0.amount,s1_0.created_at,s1_0.customer_id,s1_0.customer_invoice_number,s1_0.gst_amount,s1_0.gst_percentage,s1_0.payment_status,s1_0.public_id,s1_0.rate_per_unit,s1_0.raw_material,s1_0.sale_date,s1_0.sale_number,s1_0.total_amount,s1_0.unit,s1_0.updated_at,s1_0.user_id,s1_0.weight from sales s1_0 where s1_0.user_id=? and s1_0.sale_date between ? and ?
2026-09-07T19:36:47.631+05:30 TRACE 22976 --- [FinanceManagementSystem] [http-nio-8080-exec-3] org.hibernate.orm.jdbc.bind              : binding parameter (1:BIGINT) <- [2]
2026-09-07T19:36:47.631+05:30 TRACE 22976 --- [FinanceManagementSystem] [http-nio-8080-exec-3] org.hibernate.orm.jdbc.bind              : binding parameter (2:DATE) <- [2026-08-01]
2026-09-07T19:36:47.631+05:30 TRACE 22976 --- [FinanceManagementSystem] [http-nio-8080-exec-3] org.hibernate.orm.jdbc.bind              : binding parameter (3:DATE) <- [2026-08-31]
2026-09-07T19:36:47.634+05:30 DEBUG 22976 --- [FinanceManagementSystem] [http-nio-8080-exec-3] org.hibernate.SQL                        : select p1_0.id,p1_0.amount,p1_0.created_at,p1_0.gst_amount,p1_0.gst_percentage,p1_0.payment_status,p1_0.public_id,p1_0.purchase_date,p1_0.purchase_number,p1_0.purchase_status,p1_0.rate_per_unit,p1_0.raw_material,p1_0.supplier_id,p1_0.supplier_invoice_number,p1_0.total_amount,p1_0.unit,p1_0.updated_at,p1_0.user_id,p1_0.weight from purchases p1_0 where p1_0.user_id=? and p1_0.purchase_date between ? and ?
2026-09-07T19:36:47.635+05:30 TRACE 22976 --- [FinanceManagementSystem] [http-nio-8080-exec-3] org.hibernate.orm.jdbc.bind              : binding parameter (1:BIGINT) <- [2]
2026-09-07T19:36:47.635+05:30 TRACE 22976 --- [FinanceManagementSystem] [http-nio-8080-exec-3] org.hibernate.orm.jdbc.bind              : binding parameter (2:DATE) <- [2026-08-01]
2026-09-07T19:36:47.635+05:30 TRACE 22976 --- [FinanceManagementSystem] [http-nio-8080-exec-3] org.hibernate.orm.jdbc.bind              : binding parameter (3:DATE) <- [2026-08-31]
2026-09-07T19:36:47.637+05:30 DEBUG 22976 --- [FinanceManagementSystem] [http-nio-8080-exec-3] org.hibernate.SQL                        : select coalesce(sum(e1_0.amount),0) from expenses e1_0 where e1_0.user_id=? and e1_0.is_active=1 and (? is null or e1_0.expense_date>=?) and (? is null or e1_0.expense_date<=?)
2026-09-07T19:36:47.637+05:30 TRACE 22976 --- [FinanceManagementSystem] [http-nio-8080-exec-3] org.hibernate.orm.jdbc.bind              : binding parameter (1:BIGINT) <- [2]
2026-09-07T19:36:47.637+05:30 TRACE 22976 --- [FinanceManagementSystem] [http-nio-8080-exec-3] org.hibernate.orm.jdbc.bind              : binding parameter (2:DATE) <- [2026-08-01]
2026-09-07T19:36:47.637+05:30 TRACE 22976 --- [FinanceManagementSystem] [http-nio-8080-exec-3] org.hibernate.orm.jdbc.bind              : binding parameter (3:DATE) <- [2026-08-01]
2026-09-07T19:36:47.638+05:30 TRACE 22976 --- [FinanceManagementSystem] [http-nio-8080-exec-3] org.hibernate.orm.jdbc.bind              : binding parameter (4:DATE) <- [2026-08-31]
2026-09-07T19:36:47.638+05:30 TRACE 22976 --- [FinanceManagementSystem] [http-nio-8080-exec-3] org.hibernate.orm.jdbc.bind              : binding parameter (5:DATE) <- [2026-08-31]
2026-09-07T19:36:47.640+05:30 DEBUG 22976 --- [FinanceManagementSystem] [http-nio-8080-exec-3] org.hibernate.SQL                        : select s1_0.id,s1_0.amount,s1_0.created_at,s1_0.customer_id,s1_0.customer_invoice_number,s1_0.gst_amount,s1_0.gst_percentage,s1_0.payment_status,s1_0.public_id,s1_0.rate_per_unit,s1_0.raw_material,s1_0.sale_date,s1_0.sale_number,s1_0.total_amount,s1_0.unit,s1_0.updated_at,s1_0.user_id,s1_0.weight from sales s1_0 where s1_0.user_id=? and s1_0.sale_date between ? and ?
2026-09-07T19:36:47.641+05:30 TRACE 22976 --- [FinanceManagementSystem] [http-nio-8080-exec-3] org.hibernate.orm.jdbc.bind              : binding parameter (1:BIGINT) <- [2]
2026-09-07T19:36:47.641+05:30 TRACE 22976 --- [FinanceManagementSystem] [http-nio-8080-exec-3] org.hibernate.orm.jdbc.bind              : binding parameter (2:DATE) <- [2026-09-01]
2026-09-07T19:36:47.641+05:30 TRACE 22976 --- [FinanceManagementSystem] [http-nio-8080-exec-3] org.hibernate.orm.jdbc.bind              : binding parameter (3:DATE) <- [2026-09-30]
2026-09-07T19:36:47.643+05:30 DEBUG 22976 --- [FinanceManagementSystem] [http-nio-8080-exec-3] org.hibernate.SQL                        : select p1_0.id,p1_0.amount,p1_0.created_at,p1_0.gst_amount,p1_0.gst_percentage,p1_0.payment_status,p1_0.public_id,p1_0.purchase_date,p1_0.purchase_number,p1_0.purchase_status,p1_0.rate_per_unit,p1_0.raw_material,p1_0.supplier_id,p1_0.supplier_invoice_number,p1_0.total_amount,p1_0.unit,p1_0.updated_at,p1_0.user_id,p1_0.weight from purchases p1_0 where p1_0.user_id=? and p1_0.purchase_date between ? and ?
2026-09-07T19:36:47.644+05:30 TRACE 22976 --- [FinanceManagementSystem] [http-nio-8080-exec-3] org.hibernate.orm.jdbc.bind              : binding parameter (1:BIGINT) <- [2]
2026-09-07T19:36:47.644+05:30 TRACE 22976 --- [FinanceManagementSystem] [http-nio-8080-exec-3] org.hibernate.orm.jdbc.bind              : binding parameter (2:DATE) <- [2026-09-01]
2026-09-07T19:36:47.644+05:30 TRACE 22976 --- [FinanceManagementSystem] [http-nio-8080-exec-3] org.hibernate.orm.jdbc.bind              : binding parameter (3:DATE) <- [2026-09-30]
2026-09-07T19:36:47.646+05:30 DEBUG 22976 --- [FinanceManagementSystem] [http-nio-8080-exec-3] org.hibernate.SQL                        : select coalesce(sum(e1_0.amount),0) from expenses e1_0 where e1_0.user_id=? and e1_0.is_active=1 and (? is null or e1_0.expense_date>=?) and (? is null or e1_0.expense_date<=?)
2026-09-07T19:36:47.646+05:30 TRACE 22976 --- [FinanceManagementSystem] [http-nio-8080-exec-3] org.hibernate.orm.jdbc.bind              : binding parameter (1:BIGINT) <- [2]
2026-09-07T19:36:47.646+05:30 TRACE 22976 --- [FinanceManagementSystem] [http-nio-8080-exec-3] org.hibernate.orm.jdbc.bind              : binding parameter (2:DATE) <- [2026-09-01]
2026-09-07T19:36:47.647+05:30 TRACE 22976 --- [FinanceManagementSystem] [http-nio-8080-exec-3] org.hibernate.orm.jdbc.bind              : binding parameter (3:DATE) <- [2026-09-01]
2026-09-07T19:36:47.647+05:30 TRACE 22976 --- [FinanceManagementSystem] [http-nio-8080-exec-3] org.hibernate.orm.jdbc.bind              : binding parameter (4:DATE) <- [2026-09-30]
2026-09-07T19:36:47.647+05:30 TRACE 22976 --- [FinanceManagementSystem] [http-nio-8080-exec-3] org.hibernate.orm.jdbc.bind              : binding parameter (5:DATE) <- [2026-09-30]
2026-09-07T19:36:47.650+05:30 DEBUG 22976 --- [FinanceManagementSystem] [http-nio-8080-exec-3] org.hibernate.SQL                        : select s1_0.id,s1_0.amount,s1_0.created_at,s1_0.customer_id,s1_0.customer_invoice_number,s1_0.gst_amount,s1_0.gst_percentage,s1_0.payment_status,s1_0.public_id,s1_0.rate_per_unit,s1_0.raw_material,s1_0.sale_date,s1_0.sale_number,s1_0.total_amount,s1_0.unit,s1_0.updated_at,s1_0.user_id,s1_0.weight from sales s1_0 where s1_0.user_id=? order by s1_0.sale_date desc,s1_0.id desc limit ?
2026-09-07T19:36:47.651+05:30 TRACE 22976 --- [FinanceManagementSystem] [http-nio-8080-exec-3] org.hibernate.orm.jdbc.bind              : binding parameter (1:BIGINT) <- [2]
2026-09-07T19:36:47.651+05:30 TRACE 22976 --- [FinanceManagementSystem] [http-nio-8080-exec-3] org.hibernate.orm.jdbc.bind              : binding parameter (2:INTEGER) <- [5]
2026-09-07T19:36:47.654+05:30 DEBUG 22976 --- [FinanceManagementSystem] [http-nio-8080-exec-3] org.hibernate.SQL                        : select p1_0.id,p1_0.amount,p1_0.created_at,p1_0.gst_amount,p1_0.gst_percentage,p1_0.payment_status,p1_0.public_id,p1_0.purchase_date,p1_0.purchase_number,p1_0.purchase_status,p1_0.rate_per_unit,p1_0.raw_material,p1_0.supplier_id,p1_0.supplier_invoice_number,p1_0.total_amount,p1_0.unit,p1_0.updated_at,p1_0.user_id,p1_0.weight from purchases p1_0 where p1_0.user_id=? order by p1_0.purchase_date desc,p1_0.id desc limit ?
2026-09-07T19:36:47.655+05:30 TRACE 22976 --- [FinanceManagementSystem] [http-nio-8080-exec-3] org.hibernate.orm.jdbc.bind              : binding parameter (1:BIGINT) <- [2]
2026-09-07T19:36:47.655+05:30 TRACE 22976 --- [FinanceManagementSystem] [http-nio-8080-exec-3] org.hibernate.orm.jdbc.bind              : binding parameter (2:INTEGER) <- [5]
2026-09-07T19:36:47.657+05:30 DEBUG 22976 --- [FinanceManagementSystem] [http-nio-8080-exec-3] org.hibernate.SQL                        : select s1_0.id,a1_0.id,a1_0.address_line_1,a1_0.address_line_2,a1_0.city,a1_0.country,a1_0.created_at,a1_0.pincode,a1_0.state,a1_0.supplier_id,a1_0.updated_at,s1_0.alternate_mobile_number,s1_0.contact_person,s1_0.created_at,s1_0.email,s1_0.gst_number,s1_0.is_active,s1_0.mobile_number,s1_0.opening_balance,s1_0.payment_terms,s1_0.public_id,s1_0.supplier_name,s1_0.updated_at,s1_0.user_id from suppliers s1_0 left join supplier_address a1_0 on s1_0.id=a1_0.supplier_id where s1_0.id=?
2026-09-07T19:36:47.658+05:30 TRACE 22976 --- [FinanceManagementSystem] [http-nio-8080-exec-3] org.hibernate.orm.jdbc.bind              : binding parameter (1:BIGINT) <- [1]
2026-09-07T19:36:47.661+05:30 DEBUG 22976 --- [FinanceManagementSystem] [http-nio-8080-exec-3] org.hibernate.SQL                        : select e1_0.id,e1_0.amount,e1_0.category,e1_0.created_at,e1_0.description,e1_0.expense_date,e1_0.expense_number,e1_0.is_active,e1_0.payment_mode,e1_0.public_id,e1_0.reference_number,e1_0.remarks,e1_0.updated_at,e1_0.user_id from expenses e1_0 where e1_0.user_id=? and e1_0.is_active order by e1_0.expense_date desc limit ?
2026-09-07T19:36:47.661+05:30 TRACE 22976 --- [FinanceManagementSystem] [http-nio-8080-exec-3] org.hibernate.orm.jdbc.bind              : binding parameter (1:BIGINT) <- [2]
2026-09-07T19:36:47.662+05:30 TRACE 22976 --- [FinanceManagementSystem] [http-nio-8080-exec-3] org.hibernate.orm.jdbc.bind              : binding parameter (2:INTEGER) <- [5]
2026-09-07T19:36:47.667+05:30 DEBUG 22976 --- [FinanceManagementSystem] [http-nio-8080-exec-3] org.hibernate.SQL                        : select count(e1_0.id) from expenses e1_0 where e1_0.user_id=? and e1_0.is_active
2026-09-07T19:36:47.668+05:30 TRACE 22976 --- [FinanceManagementSystem] [http-nio-8080-exec-3] org.hibernate.orm.jdbc.bind              : binding parameter (1:BIGINT) <- [2]
2026-09-07T19:37:07.700+05:30 DEBUG 22976 --- [FinanceManagementSystem] [http-nio-8080-exec-6] org.hibernate.SQL                        : SELECT * FROM users WHERE LOWER(TRIM(email)) = LOWER(TRIM(?))
2026-09-07T19:37:07.701+05:30 TRACE 22976 --- [FinanceManagementSystem] [http-nio-8080-exec-6] org.hibernate.orm.jdbc.bind              : binding parameter (1:VARCHAR) <- [bhavesh@gmail.com]
2026-09-07T19:37:07.703+05:30 DEBUG 22976 --- [FinanceManagementSystem] [http-nio-8080-exec-6] org.hibernate.SQL                        : select ua1_0.id,ua1_0.area,ua1_0.city,ua1_0.country,ua1_0.created_at,ua1_0.house_no,ua1_0.pincode,ua1_0.society_name,ua1_0.state,ua1_0.updated_at,ua1_0.user_id from user_address ua1_0 where ua1_0.user_id=?
2026-09-07T19:37:07.704+05:30 TRACE 22976 --- [FinanceManagementSystem] [http-nio-8080-exec-6] org.hibernate.orm.jdbc.bind              : binding parameter (1:BIGINT) <- [2]
2026-09-07T19:37:07.706+05:30  INFO 22976 --- [FinanceManagementSystem] [http-nio-8080-exec-6] F.d.Security.CustomUserDetailsService    : CustomUserDetailsService - User loaded successfully: bhavesh@gmail.com
2026-09-07T19:37:07.721+05:30  INFO 22976 --- [FinanceManagementSystem] [http-nio-8080-exec-6] F.demo.Security.JwtUtil                  : JwtUtil - JWT token validation successful for user: bhavesh@gmail.com
2026-09-07T19:37:07.721+05:30  INFO 22976 --- [FinanceManagementSystem] [http-nio-8080-exec-6] F.demo.Security.JwtFilter                : JwtFilter - JWT validated successfully for user: bhavesh@gmail.com
2026-09-07T19:37:07.723+05:30  INFO 22976 --- [FinanceManagementSystem] [http-nio-8080-exec-6] F.demo.Controller.DashboardController    : CONTROLLER - request came in getDashboardSummary...
2026-09-07T19:37:07.725+05:30  INFO 22976 --- [FinanceManagementSystem] [http-nio-8080-exec-6] F.d.S.Implementations.DashboardService   : SERVICE - request came in getDashboardSummary...
2026-09-07T19:37:07.725+05:30 DEBUG 22976 --- [FinanceManagementSystem] [http-nio-8080-exec-6] org.hibernate.SQL                        : SELECT * FROM users WHERE LOWER(TRIM(email)) = LOWER(TRIM(?))
2026-09-07T19:37:07.725+05:30 TRACE 22976 --- [FinanceManagementSystem] [http-nio-8080-exec-6] org.hibernate.orm.jdbc.bind              : binding parameter (1:VARCHAR) <- [bhavesh@gmail.com]
2026-09-07T19:37:07.727+05:30 DEBUG 22976 --- [FinanceManagementSystem] [http-nio-8080-exec-6] org.hibernate.SQL                        : select ua1_0.id,ua1_0.area,ua1_0.city,ua1_0.country,ua1_0.created_at,ua1_0.house_no,ua1_0.pincode,ua1_0.society_name,ua1_0.state,ua1_0.updated_at,ua1_0.user_id from user_address ua1_0 where ua1_0.user_id=?
2026-09-07T19:37:07.728+05:30 TRACE 22976 --- [FinanceManagementSystem] [http-nio-8080-exec-6] org.hibernate.orm.jdbc.bind              : binding parameter (1:BIGINT) <- [2]
2026-09-07T19:37:07.729+05:30  INFO 22976 --- [FinanceManagementSystem] [http-nio-8080-exec-6] F.d.S.I.PurchasePaymentService           : SERVICE - request came in getTotalOutstandingAmount...
2026-09-07T19:37:07.730+05:30 DEBUG 22976 --- [FinanceManagementSystem] [http-nio-8080-exec-6] org.hibernate.SQL                        : SELECT * FROM users WHERE LOWER(TRIM(email)) = LOWER(TRIM(?))
2026-09-07T19:37:07.730+05:30 TRACE 22976 --- [FinanceManagementSystem] [http-nio-8080-exec-6] org.hibernate.orm.jdbc.bind              : binding parameter (1:VARCHAR) <- [bhavesh@gmail.com]
2026-09-07T19:37:07.734+05:30 DEBUG 22976 --- [FinanceManagementSystem] [http-nio-8080-exec-6] org.hibernate.SQL                        : select p1_0.id,p1_0.amount,p1_0.created_at,p1_0.gst_amount,p1_0.gst_percentage,p1_0.payment_status,p1_0.public_id,p1_0.purchase_date,p1_0.purchase_number,p1_0.purchase_status,p1_0.rate_per_unit,p1_0.raw_material,p1_0.supplier_id,p1_0.supplier_invoice_number,p1_0.total_amount,p1_0.unit,p1_0.updated_at,p1_0.user_id,p1_0.weight from purchases p1_0 where p1_0.user_id=? and p1_0.payment_status in (?,?)
2026-09-07T19:37:07.734+05:30 TRACE 22976 --- [FinanceManagementSystem] [http-nio-8080-exec-6] org.hibernate.orm.jdbc.bind              : binding parameter (1:BIGINT) <- [2]
2026-09-07T19:37:07.734+05:30 TRACE 22976 --- [FinanceManagementSystem] [http-nio-8080-exec-6] org.hibernate.orm.jdbc.bind              : binding parameter (2:ENUM) <- [PENDING]
2026-09-07T19:37:07.734+05:30 TRACE 22976 --- [FinanceManagementSystem] [http-nio-8080-exec-6] org.hibernate.orm.jdbc.bind              : binding parameter (3:ENUM) <- [PARTIALLY_PAID]
2026-09-07T19:37:07.736+05:30  INFO 22976 --- [FinanceManagementSystem] [http-nio-8080-exec-6] F.d.S.I.SalePaymentService               : SERVICE - request came in getTotalReceivableAmount...
2026-09-07T19:37:07.737+05:30 DEBUG 22976 --- [FinanceManagementSystem] [http-nio-8080-exec-6] org.hibernate.SQL                        : SELECT * FROM users WHERE LOWER(TRIM(email)) = LOWER(TRIM(?))
2026-09-07T19:37:07.737+05:30 TRACE 22976 --- [FinanceManagementSystem] [http-nio-8080-exec-6] org.hibernate.orm.jdbc.bind              : binding parameter (1:VARCHAR) <- [bhavesh@gmail.com]
2026-09-07T19:37:07.740+05:30 DEBUG 22976 --- [FinanceManagementSystem] [http-nio-8080-exec-6] org.hibernate.SQL                        : select s1_0.id,s1_0.amount,s1_0.created_at,s1_0.customer_id,s1_0.customer_invoice_number,s1_0.gst_amount,s1_0.gst_percentage,s1_0.payment_status,s1_0.public_id,s1_0.rate_per_unit,s1_0.raw_material,s1_0.sale_date,s1_0.sale_number,s1_0.total_amount,s1_0.unit,s1_0.updated_at,s1_0.user_id,s1_0.weight from sales s1_0 where s1_0.user_id=? and s1_0.payment_status in (?,?)
2026-09-07T19:37:07.740+05:30 TRACE 22976 --- [FinanceManagementSystem] [http-nio-8080-exec-6] org.hibernate.orm.jdbc.bind              : binding parameter (1:BIGINT) <- [2]
2026-09-07T19:37:07.740+05:30 TRACE 22976 --- [FinanceManagementSystem] [http-nio-8080-exec-6] org.hibernate.orm.jdbc.bind              : binding parameter (2:ENUM) <- [PENDING]
2026-09-07T19:37:07.741+05:30 TRACE 22976 --- [FinanceManagementSystem] [http-nio-8080-exec-6] org.hibernate.orm.jdbc.bind              : binding parameter (3:ENUM) <- [PARTIALLY_PAID]
2026-09-07T19:37:07.742+05:30 DEBUG 22976 --- [FinanceManagementSystem] [http-nio-8080-exec-6] org.hibernate.SQL                        : select coalesce(sum(sp1_0.amount_received),0) from sale_payments sp1_0 where sp1_0.user_id=?
2026-09-07T19:37:07.743+05:30 TRACE 22976 --- [FinanceManagementSystem] [http-nio-8080-exec-6] org.hibernate.orm.jdbc.bind              : binding parameter (1:BIGINT) <- [2]
2026-09-07T19:37:07.744+05:30 DEBUG 22976 --- [FinanceManagementSystem] [http-nio-8080-exec-6] org.hibernate.SQL                        : select coalesce(sum(pp1_0.amount_paid),0) from purchase_payments pp1_0 where pp1_0.user_id=?
2026-09-07T19:37:07.745+05:30 TRACE 22976 --- [FinanceManagementSystem] [http-nio-8080-exec-6] org.hibernate.orm.jdbc.bind              : binding parameter (1:BIGINT) <- [2]
2026-09-07T19:37:07.747+05:30 DEBUG 22976 --- [FinanceManagementSystem] [http-nio-8080-exec-6] org.hibernate.SQL                        : select coalesce(sum(e1_0.amount),0) from expenses e1_0 where e1_0.user_id=? and e1_0.is_active=1 and (? is null or e1_0.expense_date>=?) and (? is null or e1_0.expense_date<=?)
2026-09-07T19:37:07.747+05:30 TRACE 22976 --- [FinanceManagementSystem] [http-nio-8080-exec-6] org.hibernate.orm.jdbc.bind              : binding parameter (1:BIGINT) <- [2]
2026-09-07T19:37:07.747+05:30 TRACE 22976 --- [FinanceManagementSystem] [http-nio-8080-exec-6] org.hibernate.orm.jdbc.bind              : binding parameter (2:DATE) <- [null]
2026-09-07T19:37:07.747+05:30 TRACE 22976 --- [FinanceManagementSystem] [http-nio-8080-exec-6] org.hibernate.orm.jdbc.bind              : binding parameter (3:DATE) <- [null]
2026-09-07T19:37:07.747+05:30 TRACE 22976 --- [FinanceManagementSystem] [http-nio-8080-exec-6] org.hibernate.orm.jdbc.bind              : binding parameter (4:DATE) <- [null]
2026-09-07T19:37:07.747+05:30 TRACE 22976 --- [FinanceManagementSystem] [http-nio-8080-exec-6] org.hibernate.orm.jdbc.bind              : binding parameter (5:DATE) <- [null]
2026-09-07T19:37:07.749+05:30 DEBUG 22976 --- [FinanceManagementSystem] [http-nio-8080-exec-6] org.hibernate.SQL                        : select coalesce(sum(ppw1_0.amount),0) from partner_profit_withdrawals ppw1_0 where ppw1_0.user_id=?
2026-09-07T19:37:07.749+05:30 TRACE 22976 --- [FinanceManagementSystem] [http-nio-8080-exec-6] org.hibernate.orm.jdbc.bind              : binding parameter (1:BIGINT) <- [2]
2026-09-07T19:37:07.751+05:30  INFO 22976 --- [FinanceManagementSystem] [http-nio-8080-exec-6] F.d.S.Implementations.ExpenseService     : SERVICE - request came in getTotalExpenses...
2026-09-07T19:37:07.751+05:30 DEBUG 22976 --- [FinanceManagementSystem] [http-nio-8080-exec-6] org.hibernate.SQL                        : SELECT * FROM users WHERE LOWER(TRIM(email)) = LOWER(TRIM(?))
2026-09-07T19:37:07.751+05:30 TRACE 22976 --- [FinanceManagementSystem] [http-nio-8080-exec-6] org.hibernate.orm.jdbc.bind              : binding parameter (1:VARCHAR) <- [bhavesh@gmail.com]
2026-09-07T19:37:07.753+05:30 DEBUG 22976 --- [FinanceManagementSystem] [http-nio-8080-exec-6] org.hibernate.SQL                        : select coalesce(sum(e1_0.amount),0) from expenses e1_0 where e1_0.user_id=? and e1_0.is_active=1 and (? is null or e1_0.expense_date>=?) and (? is null or e1_0.expense_date<=?)
2026-09-07T19:37:07.753+05:30 TRACE 22976 --- [FinanceManagementSystem] [http-nio-8080-exec-6] org.hibernate.orm.jdbc.bind              : binding parameter (1:BIGINT) <- [2]
2026-09-07T19:37:07.754+05:30 TRACE 22976 --- [FinanceManagementSystem] [http-nio-8080-exec-6] org.hibernate.orm.jdbc.bind              : binding parameter (2:DATE) <- [2026-09-01]
2026-09-07T19:37:07.754+05:30 TRACE 22976 --- [FinanceManagementSystem] [http-nio-8080-exec-6] org.hibernate.orm.jdbc.bind              : binding parameter (3:DATE) <- [2026-09-01]
2026-09-07T19:37:07.754+05:30 TRACE 22976 --- [FinanceManagementSystem] [http-nio-8080-exec-6] org.hibernate.orm.jdbc.bind              : binding parameter (4:DATE) <- [2026-09-07]
2026-09-07T19:37:07.754+05:30 TRACE 22976 --- [FinanceManagementSystem] [http-nio-8080-exec-6] org.hibernate.orm.jdbc.bind              : binding parameter (5:DATE) <- [2026-09-07]
2026-09-07T19:37:07.756+05:30  INFO 22976 --- [FinanceManagementSystem] [http-nio-8080-exec-6] F.d.S.Implementations.StockService       : SERVICE - request came in getLowStockList...
2026-09-07T19:37:07.756+05:30 DEBUG 22976 --- [FinanceManagementSystem] [http-nio-8080-exec-6] org.hibernate.SQL                        : SELECT * FROM users WHERE LOWER(TRIM(email)) = LOWER(TRIM(?))
2026-09-07T19:37:07.756+05:30 TRACE 22976 --- [FinanceManagementSystem] [http-nio-8080-exec-6] org.hibernate.orm.jdbc.bind              : binding parameter (1:VARCHAR) <- [bhavesh@gmail.com]
2026-09-07T19:37:07.759+05:30 DEBUG 22976 --- [FinanceManagementSystem] [http-nio-8080-exec-6] org.hibernate.SQL                        : select s1_0.id,s1_0.created_at,s1_0.current_quantity,s1_0.is_active,s1_0.minimum_stock_level,s1_0.public_id,s1_0.raw_material,s1_0.unit,s1_0.updated_at,s1_0.user_id,s1_0.version from stocks s1_0 where s1_0.user_id=?
2026-09-07T19:37:07.760+05:30 TRACE 22976 --- [FinanceManagementSystem] [http-nio-8080-exec-6] org.hibernate.orm.jdbc.bind              : binding parameter (1:BIGINT) <- [2]
2026-09-07T19:37:07.762+05:30 DEBUG 22976 --- [FinanceManagementSystem] [http-nio-8080-exec-6] org.hibernate.SQL                        : SELECT * FROM users WHERE LOWER(TRIM(email)) = LOWER(TRIM(?))
2026-09-07T19:37:07.763+05:30 TRACE 22976 --- [FinanceManagementSystem] [http-nio-8080-exec-6] org.hibernate.orm.jdbc.bind              : binding parameter (1:VARCHAR) <- [bhavesh@gmail.com]
2026-09-07T19:37:07.765+05:30 DEBUG 22976 --- [FinanceManagementSystem] [http-nio-8080-exec-6] org.hibernate.SQL                        : select pd1_0.id,pd1_0.created_at,pd1_0.from_date,pd1_0.net_profit,pd1_0.public_id,pd1_0.to_date,pd1_0.total_expenses,pd1_0.total_purchase_cost,pd1_0.total_revenue,pd1_0.updated_at,pd1_0.user_id from profit_distributions pd1_0 where pd1_0.user_id=? order by coalesce(pd1_0.updated_at,pd1_0.created_at) desc,pd1_0.id desc
2026-09-07T19:37:07.765+05:30 TRACE 22976 --- [FinanceManagementSystem] [http-nio-8080-exec-6] org.hibernate.orm.jdbc.bind              : binding parameter (1:BIGINT) <- [2]
2026-09-07T19:37:07.767+05:30 DEBUG 22976 --- [FinanceManagementSystem] [http-nio-8080-exec-6] org.hibernate.SQL                        : select s1_0.id,s1_0.amount,s1_0.created_at,s1_0.customer_id,s1_0.customer_invoice_number,s1_0.gst_amount,s1_0.gst_percentage,s1_0.payment_status,s1_0.public_id,s1_0.rate_per_unit,s1_0.raw_material,s1_0.sale_date,s1_0.sale_number,s1_0.total_amount,s1_0.unit,s1_0.updated_at,s1_0.user_id,s1_0.weight from sales s1_0 where s1_0.user_id=? and s1_0.sale_date between ? and ?
2026-09-07T19:37:07.768+05:30 TRACE 22976 --- [FinanceManagementSystem] [http-nio-8080-exec-6] org.hibernate.orm.jdbc.bind              : binding parameter (1:BIGINT) <- [2]
2026-09-07T19:37:07.768+05:30 TRACE 22976 --- [FinanceManagementSystem] [http-nio-8080-exec-6] org.hibernate.orm.jdbc.bind              : binding parameter (2:DATE) <- [2026-04-01]
2026-09-07T19:37:07.768+05:30 TRACE 22976 --- [FinanceManagementSystem] [http-nio-8080-exec-6] org.hibernate.orm.jdbc.bind              : binding parameter (3:DATE) <- [2026-04-30]
2026-09-07T19:37:07.771+05:30 DEBUG 22976 --- [FinanceManagementSystem] [http-nio-8080-exec-6] org.hibernate.SQL                        : select p1_0.id,p1_0.amount,p1_0.created_at,p1_0.gst_amount,p1_0.gst_percentage,p1_0.payment_status,p1_0.public_id,p1_0.purchase_date,p1_0.purchase_number,p1_0.purchase_status,p1_0.rate_per_unit,p1_0.raw_material,p1_0.supplier_id,p1_0.supplier_invoice_number,p1_0.total_amount,p1_0.unit,p1_0.updated_at,p1_0.user_id,p1_0.weight from purchases p1_0 where p1_0.user_id=? and p1_0.purchase_date between ? and ?
2026-09-07T19:37:07.771+05:30 TRACE 22976 --- [FinanceManagementSystem] [http-nio-8080-exec-6] org.hibernate.orm.jdbc.bind              : binding parameter (1:BIGINT) <- [2]
2026-09-07T19:37:07.771+05:30 TRACE 22976 --- [FinanceManagementSystem] [http-nio-8080-exec-6] org.hibernate.orm.jdbc.bind              : binding parameter (2:DATE) <- [2026-04-01]
2026-09-07T19:37:07.772+05:30 TRACE 22976 --- [FinanceManagementSystem] [http-nio-8080-exec-6] org.hibernate.orm.jdbc.bind              : binding parameter (3:DATE) <- [2026-04-30]
2026-09-07T19:37:07.774+05:30 DEBUG 22976 --- [FinanceManagementSystem] [http-nio-8080-exec-6] org.hibernate.SQL                        : select coalesce(sum(e1_0.amount),0) from expenses e1_0 where e1_0.user_id=? and e1_0.is_active=1 and (? is null or e1_0.expense_date>=?) and (? is null or e1_0.expense_date<=?)
2026-09-07T19:37:07.774+05:30 TRACE 22976 --- [FinanceManagementSystem] [http-nio-8080-exec-6] org.hibernate.orm.jdbc.bind              : binding parameter (1:BIGINT) <- [2]
2026-09-07T19:37:07.774+05:30 TRACE 22976 --- [FinanceManagementSystem] [http-nio-8080-exec-6] org.hibernate.orm.jdbc.bind              : binding parameter (2:DATE) <- [2026-04-01]
2026-09-07T19:37:07.774+05:30 TRACE 22976 --- [FinanceManagementSystem] [http-nio-8080-exec-6] org.hibernate.orm.jdbc.bind              : binding parameter (3:DATE) <- [2026-04-01]
2026-09-07T19:37:07.774+05:30 TRACE 22976 --- [FinanceManagementSystem] [http-nio-8080-exec-6] org.hibernate.orm.jdbc.bind              : binding parameter (4:DATE) <- [2026-04-30]
2026-09-07T19:37:07.774+05:30 TRACE 22976 --- [FinanceManagementSystem] [http-nio-8080-exec-6] org.hibernate.orm.jdbc.bind              : binding parameter (5:DATE) <- [2026-04-30]
2026-09-07T19:37:07.777+05:30 DEBUG 22976 --- [FinanceManagementSystem] [http-nio-8080-exec-6] org.hibernate.SQL                        : select s1_0.id,s1_0.amount,s1_0.created_at,s1_0.customer_id,s1_0.customer_invoice_number,s1_0.gst_amount,s1_0.gst_percentage,s1_0.payment_status,s1_0.public_id,s1_0.rate_per_unit,s1_0.raw_material,s1_0.sale_date,s1_0.sale_number,s1_0.total_amount,s1_0.unit,s1_0.updated_at,s1_0.user_id,s1_0.weight from sales s1_0 where s1_0.user_id=? and s1_0.sale_date between ? and ?
2026-09-07T19:37:07.778+05:30 TRACE 22976 --- [FinanceManagementSystem] [http-nio-8080-exec-6] org.hibernate.orm.jdbc.bind              : binding parameter (1:BIGINT) <- [2]
2026-09-07T19:37:07.778+05:30 TRACE 22976 --- [FinanceManagementSystem] [http-nio-8080-exec-6] org.hibernate.orm.jdbc.bind              : binding parameter (2:DATE) <- [2026-05-01]
2026-09-07T19:37:07.778+05:30 TRACE 22976 --- [FinanceManagementSystem] [http-nio-8080-exec-6] org.hibernate.orm.jdbc.bind              : binding parameter (3:DATE) <- [2026-05-31]
2026-09-07T19:37:07.780+05:30 DEBUG 22976 --- [FinanceManagementSystem] [http-nio-8080-exec-6] org.hibernate.SQL                        : select p1_0.id,p1_0.amount,p1_0.created_at,p1_0.gst_amount,p1_0.gst_percentage,p1_0.payment_status,p1_0.public_id,p1_0.purchase_date,p1_0.purchase_number,p1_0.purchase_status,p1_0.rate_per_unit,p1_0.raw_material,p1_0.supplier_id,p1_0.supplier_invoice_number,p1_0.total_amount,p1_0.unit,p1_0.updated_at,p1_0.user_id,p1_0.weight from purchases p1_0 where p1_0.user_id=? and p1_0.purchase_date between ? and ?
2026-09-07T19:37:07.781+05:30 TRACE 22976 --- [FinanceManagementSystem] [http-nio-8080-exec-6] org.hibernate.orm.jdbc.bind              : binding parameter (1:BIGINT) <- [2]
2026-09-07T19:37:07.781+05:30 TRACE 22976 --- [FinanceManagementSystem] [http-nio-8080-exec-6] org.hibernate.orm.jdbc.bind              : binding parameter (2:DATE) <- [2026-05-01]
2026-09-07T19:37:07.781+05:30 TRACE 22976 --- [FinanceManagementSystem] [http-nio-8080-exec-6] org.hibernate.orm.jdbc.bind              : binding parameter (3:DATE) <- [2026-05-31]
2026-09-07T19:37:07.783+05:30 DEBUG 22976 --- [FinanceManagementSystem] [http-nio-8080-exec-6] org.hibernate.SQL                        : select coalesce(sum(e1_0.amount),0) from expenses e1_0 where e1_0.user_id=? and e1_0.is_active=1 and (? is null or e1_0.expense_date>=?) and (? is null or e1_0.expense_date<=?)
2026-09-07T19:37:07.783+05:30 TRACE 22976 --- [FinanceManagementSystem] [http-nio-8080-exec-6] org.hibernate.orm.jdbc.bind              : binding parameter (1:BIGINT) <- [2]
2026-09-07T19:37:07.784+05:30 TRACE 22976 --- [FinanceManagementSystem] [http-nio-8080-exec-6] org.hibernate.orm.jdbc.bind              : binding parameter (2:DATE) <- [2026-05-01]
2026-09-07T19:37:07.784+05:30 TRACE 22976 --- [FinanceManagementSystem] [http-nio-8080-exec-6] org.hibernate.orm.jdbc.bind              : binding parameter (3:DATE) <- [2026-05-01]
2026-09-07T19:37:07.784+05:30 TRACE 22976 --- [FinanceManagementSystem] [http-nio-8080-exec-6] org.hibernate.orm.jdbc.bind              : binding parameter (4:DATE) <- [2026-05-31]
2026-09-07T19:37:07.784+05:30 TRACE 22976 --- [FinanceManagementSystem] [http-nio-8080-exec-6] org.hibernate.orm.jdbc.bind              : binding parameter (5:DATE) <- [2026-05-31]
2026-09-07T19:37:07.786+05:30 DEBUG 22976 --- [FinanceManagementSystem] [http-nio-8080-exec-6] org.hibernate.SQL                        : select s1_0.id,s1_0.amount,s1_0.created_at,s1_0.customer_id,s1_0.customer_invoice_number,s1_0.gst_amount,s1_0.gst_percentage,s1_0.payment_status,s1_0.public_id,s1_0.rate_per_unit,s1_0.raw_material,s1_0.sale_date,s1_0.sale_number,s1_0.total_amount,s1_0.unit,s1_0.updated_at,s1_0.user_id,s1_0.weight from sales s1_0 where s1_0.user_id=? and s1_0.sale_date between ? and ?
2026-09-07T19:37:07.787+05:30 TRACE 22976 --- [FinanceManagementSystem] [http-nio-8080-exec-6] org.hibernate.orm.jdbc.bind              : binding parameter (1:BIGINT) <- [2]
2026-09-07T19:37:07.787+05:30 TRACE 22976 --- [FinanceManagementSystem] [http-nio-8080-exec-6] org.hibernate.orm.jdbc.bind              : binding parameter (2:DATE) <- [2026-06-01]
2026-09-07T19:37:07.787+05:30 TRACE 22976 --- [FinanceManagementSystem] [http-nio-8080-exec-6] org.hibernate.orm.jdbc.bind              : binding parameter (3:DATE) <- [2026-06-30]
2026-09-07T19:37:07.790+05:30 DEBUG 22976 --- [FinanceManagementSystem] [http-nio-8080-exec-6] org.hibernate.SQL                        : select p1_0.id,p1_0.amount,p1_0.created_at,p1_0.gst_amount,p1_0.gst_percentage,p1_0.payment_status,p1_0.public_id,p1_0.purchase_date,p1_0.purchase_number,p1_0.purchase_status,p1_0.rate_per_unit,p1_0.raw_material,p1_0.supplier_id,p1_0.supplier_invoice_number,p1_0.total_amount,p1_0.unit,p1_0.updated_at,p1_0.user_id,p1_0.weight from purchases p1_0 where p1_0.user_id=? and p1_0.purchase_date between ? and ?
2026-09-07T19:37:07.790+05:30 TRACE 22976 --- [FinanceManagementSystem] [http-nio-8080-exec-6] org.hibernate.orm.jdbc.bind              : binding parameter (1:BIGINT) <- [2]
2026-09-07T19:37:07.790+05:30 TRACE 22976 --- [FinanceManagementSystem] [http-nio-8080-exec-6] org.hibernate.orm.jdbc.bind              : binding parameter (2:DATE) <- [2026-06-01]
2026-09-07T19:37:07.790+05:30 TRACE 22976 --- [FinanceManagementSystem] [http-nio-8080-exec-6] org.hibernate.orm.jdbc.bind              : binding parameter (3:DATE) <- [2026-06-30]
2026-09-07T19:37:07.792+05:30 DEBUG 22976 --- [FinanceManagementSystem] [http-nio-8080-exec-6] org.hibernate.SQL                        : select coalesce(sum(e1_0.amount),0) from expenses e1_0 where e1_0.user_id=? and e1_0.is_active=1 and (? is null or e1_0.expense_date>=?) and (? is null or e1_0.expense_date<=?)
2026-09-07T19:37:07.793+05:30 TRACE 22976 --- [FinanceManagementSystem] [http-nio-8080-exec-6] org.hibernate.orm.jdbc.bind              : binding parameter (1:BIGINT) <- [2]
2026-09-07T19:37:07.793+05:30 TRACE 22976 --- [FinanceManagementSystem] [http-nio-8080-exec-6] org.hibernate.orm.jdbc.bind              : binding parameter (2:DATE) <- [2026-06-01]
2026-09-07T19:37:07.793+05:30 TRACE 22976 --- [FinanceManagementSystem] [http-nio-8080-exec-6] org.hibernate.orm.jdbc.bind              : binding parameter (3:DATE) <- [2026-06-01]
2026-09-07T19:37:07.793+05:30 TRACE 22976 --- [FinanceManagementSystem] [http-nio-8080-exec-6] org.hibernate.orm.jdbc.bind              : binding parameter (4:DATE) <- [2026-06-30]
2026-09-07T19:37:07.793+05:30 TRACE 22976 --- [FinanceManagementSystem] [http-nio-8080-exec-6] org.hibernate.orm.jdbc.bind              : binding parameter (5:DATE) <- [2026-06-30]
2026-09-07T19:37:07.796+05:30 DEBUG 22976 --- [FinanceManagementSystem] [http-nio-8080-exec-6] org.hibernate.SQL                        : select s1_0.id,s1_0.amount,s1_0.created_at,s1_0.customer_id,s1_0.customer_invoice_number,s1_0.gst_amount,s1_0.gst_percentage,s1_0.payment_status,s1_0.public_id,s1_0.rate_per_unit,s1_0.raw_material,s1_0.sale_date,s1_0.sale_number,s1_0.total_amount,s1_0.unit,s1_0.updated_at,s1_0.user_id,s1_0.weight from sales s1_0 where s1_0.user_id=? and s1_0.sale_date between ? and ?
2026-09-07T19:37:07.796+05:30 TRACE 22976 --- [FinanceManagementSystem] [http-nio-8080-exec-6] org.hibernate.orm.jdbc.bind              : binding parameter (1:BIGINT) <- [2]
2026-09-07T19:37:07.797+05:30 TRACE 22976 --- [FinanceManagementSystem] [http-nio-8080-exec-6] org.hibernate.orm.jdbc.bind              : binding parameter (2:DATE) <- [2026-07-01]
2026-09-07T19:37:07.797+05:30 TRACE 22976 --- [FinanceManagementSystem] [http-nio-8080-exec-6] org.hibernate.orm.jdbc.bind              : binding parameter (3:DATE) <- [2026-07-31]
2026-09-07T19:37:07.799+05:30 DEBUG 22976 --- [FinanceManagementSystem] [http-nio-8080-exec-6] org.hibernate.SQL                        : select p1_0.id,p1_0.amount,p1_0.created_at,p1_0.gst_amount,p1_0.gst_percentage,p1_0.payment_status,p1_0.public_id,p1_0.purchase_date,p1_0.purchase_number,p1_0.purchase_status,p1_0.rate_per_unit,p1_0.raw_material,p1_0.supplier_id,p1_0.supplier_invoice_number,p1_0.total_amount,p1_0.unit,p1_0.updated_at,p1_0.user_id,p1_0.weight from purchases p1_0 where p1_0.user_id=? and p1_0.purchase_date between ? and ?
2026-09-07T19:37:07.800+05:30 TRACE 22976 --- [FinanceManagementSystem] [http-nio-8080-exec-6] org.hibernate.orm.jdbc.bind              : binding parameter (1:BIGINT) <- [2]
2026-09-07T19:37:07.800+05:30 TRACE 22976 --- [FinanceManagementSystem] [http-nio-8080-exec-6] org.hibernate.orm.jdbc.bind              : binding parameter (2:DATE) <- [2026-07-01]
2026-09-07T19:37:07.800+05:30 TRACE 22976 --- [FinanceManagementSystem] [http-nio-8080-exec-6] org.hibernate.orm.jdbc.bind              : binding parameter (3:DATE) <- [2026-07-31]
2026-09-07T19:37:07.802+05:30 DEBUG 22976 --- [FinanceManagementSystem] [http-nio-8080-exec-6] org.hibernate.SQL                        : select coalesce(sum(e1_0.amount),0) from expenses e1_0 where e1_0.user_id=? and e1_0.is_active=1 and (? is null or e1_0.expense_date>=?) and (? is null or e1_0.expense_date<=?)
2026-09-07T19:37:07.803+05:30 TRACE 22976 --- [FinanceManagementSystem] [http-nio-8080-exec-6] org.hibernate.orm.jdbc.bind              : binding parameter (1:BIGINT) <- [2]
2026-09-07T19:37:07.803+05:30 TRACE 22976 --- [FinanceManagementSystem] [http-nio-8080-exec-6] org.hibernate.orm.jdbc.bind              : binding parameter (2:DATE) <- [2026-07-01]
2026-09-07T19:37:07.803+05:30 TRACE 22976 --- [FinanceManagementSystem] [http-nio-8080-exec-6] org.hibernate.orm.jdbc.bind              : binding parameter (3:DATE) <- [2026-07-01]
2026-09-07T19:37:07.803+05:30 TRACE 22976 --- [FinanceManagementSystem] [http-nio-8080-exec-6] org.hibernate.orm.jdbc.bind              : binding parameter (4:DATE) <- [2026-07-31]
2026-09-07T19:37:07.803+05:30 TRACE 22976 --- [FinanceManagementSystem] [http-nio-8080-exec-6] org.hibernate.orm.jdbc.bind              : binding parameter (5:DATE) <- [2026-07-31]
2026-09-07T19:37:07.806+05:30 DEBUG 22976 --- [FinanceManagementSystem] [http-nio-8080-exec-6] org.hibernate.SQL                        : select s1_0.id,s1_0.amount,s1_0.created_at,s1_0.customer_id,s1_0.customer_invoice_number,s1_0.gst_amount,s1_0.gst_percentage,s1_0.payment_status,s1_0.public_id,s1_0.rate_per_unit,s1_0.raw_material,s1_0.sale_date,s1_0.sale_number,s1_0.total_amount,s1_0.unit,s1_0.updated_at,s1_0.user_id,s1_0.weight from sales s1_0 where s1_0.user_id=? and s1_0.sale_date between ? and ?
2026-09-07T19:37:07.806+05:30 TRACE 22976 --- [FinanceManagementSystem] [http-nio-8080-exec-6] org.hibernate.orm.jdbc.bind              : binding parameter (1:BIGINT) <- [2]
2026-09-07T19:37:07.806+05:30 TRACE 22976 --- [FinanceManagementSystem] [http-nio-8080-exec-6] org.hibernate.orm.jdbc.bind              : binding parameter (2:DATE) <- [2026-08-01]
2026-09-07T19:37:07.806+05:30 TRACE 22976 --- [FinanceManagementSystem] [http-nio-8080-exec-6] org.hibernate.orm.jdbc.bind              : binding parameter (3:DATE) <- [2026-08-31]
2026-09-07T19:37:07.810+05:30 DEBUG 22976 --- [FinanceManagementSystem] [http-nio-8080-exec-6] org.hibernate.SQL                        : select p1_0.id,p1_0.amount,p1_0.created_at,p1_0.gst_amount,p1_0.gst_percentage,p1_0.payment_status,p1_0.public_id,p1_0.purchase_date,p1_0.purchase_number,p1_0.purchase_status,p1_0.rate_per_unit,p1_0.raw_material,p1_0.supplier_id,p1_0.supplier_invoice_number,p1_0.total_amount,p1_0.unit,p1_0.updated_at,p1_0.user_id,p1_0.weight from purchases p1_0 where p1_0.user_id=? and p1_0.purchase_date between ? and ?
2026-09-07T19:37:07.810+05:30 TRACE 22976 --- [FinanceManagementSystem] [http-nio-8080-exec-6] org.hibernate.orm.jdbc.bind              : binding parameter (1:BIGINT) <- [2]
2026-09-07T19:37:07.811+05:30 TRACE 22976 --- [FinanceManagementSystem] [http-nio-8080-exec-6] org.hibernate.orm.jdbc.bind              : binding parameter (2:DATE) <- [2026-08-01]
2026-09-07T19:37:07.811+05:30 TRACE 22976 --- [FinanceManagementSystem] [http-nio-8080-exec-6] org.hibernate.orm.jdbc.bind              : binding parameter (3:DATE) <- [2026-08-31]
2026-09-07T19:37:07.813+05:30 DEBUG 22976 --- [FinanceManagementSystem] [http-nio-8080-exec-6] org.hibernate.SQL                        : select coalesce(sum(e1_0.amount),0) from expenses e1_0 where e1_0.user_id=? and e1_0.is_active=1 and (? is null or e1_0.expense_date>=?) and (? is null or e1_0.expense_date<=?)
2026-09-07T19:37:07.814+05:30 TRACE 22976 --- [FinanceManagementSystem] [http-nio-8080-exec-6] org.hibernate.orm.jdbc.bind              : binding parameter (1:BIGINT) <- [2]
2026-09-07T19:37:07.814+05:30 TRACE 22976 --- [FinanceManagementSystem] [http-nio-8080-exec-6] org.hibernate.orm.jdbc.bind              : binding parameter (2:DATE) <- [2026-08-01]
2026-09-07T19:37:07.814+05:30 TRACE 22976 --- [FinanceManagementSystem] [http-nio-8080-exec-6] org.hibernate.orm.jdbc.bind              : binding parameter (3:DATE) <- [2026-08-01]
2026-09-07T19:37:07.814+05:30 TRACE 22976 --- [FinanceManagementSystem] [http-nio-8080-exec-6] org.hibernate.orm.jdbc.bind              : binding parameter (4:DATE) <- [2026-08-31]
2026-09-07T19:37:07.814+05:30 TRACE 22976 --- [FinanceManagementSystem] [http-nio-8080-exec-6] org.hibernate.orm.jdbc.bind              : binding parameter (5:DATE) <- [2026-08-31]
2026-09-07T19:37:07.817+05:30 DEBUG 22976 --- [FinanceManagementSystem] [http-nio-8080-exec-6] org.hibernate.SQL                        : select s1_0.id,s1_0.amount,s1_0.created_at,s1_0.customer_id,s1_0.customer_invoice_number,s1_0.gst_amount,s1_0.gst_percentage,s1_0.payment_status,s1_0.public_id,s1_0.rate_per_unit,s1_0.raw_material,s1_0.sale_date,s1_0.sale_number,s1_0.total_amount,s1_0.unit,s1_0.updated_at,s1_0.user_id,s1_0.weight from sales s1_0 where s1_0.user_id=? and s1_0.sale_date between ? and ?
2026-09-07T19:37:07.818+05:30 TRACE 22976 --- [FinanceManagementSystem] [http-nio-8080-exec-6] org.hibernate.orm.jdbc.bind              : binding parameter (1:BIGINT) <- [2]
2026-09-07T19:37:07.818+05:30 TRACE 22976 --- [FinanceManagementSystem] [http-nio-8080-exec-6] org.hibernate.orm.jdbc.bind              : binding parameter (2:DATE) <- [2026-09-01]
2026-09-07T19:37:07.818+05:30 TRACE 22976 --- [FinanceManagementSystem] [http-nio-8080-exec-6] org.hibernate.orm.jdbc.bind              : binding parameter (3:DATE) <- [2026-09-30]
2026-09-07T19:37:07.821+05:30 DEBUG 22976 --- [FinanceManagementSystem] [http-nio-8080-exec-6] org.hibernate.SQL                        : select p1_0.id,p1_0.amount,p1_0.created_at,p1_0.gst_amount,p1_0.gst_percentage,p1_0.payment_status,p1_0.public_id,p1_0.purchase_date,p1_0.purchase_number,p1_0.purchase_status,p1_0.rate_per_unit,p1_0.raw_material,p1_0.supplier_id,p1_0.supplier_invoice_number,p1_0.total_amount,p1_0.unit,p1_0.updated_at,p1_0.user_id,p1_0.weight from purchases p1_0 where p1_0.user_id=? and p1_0.purchase_date between ? and ?
2026-09-07T19:37:07.822+05:30 TRACE 22976 --- [FinanceManagementSystem] [http-nio-8080-exec-6] org.hibernate.orm.jdbc.bind              : binding parameter (1:BIGINT) <- [2]
2026-09-07T19:37:07.822+05:30 TRACE 22976 --- [FinanceManagementSystem] [http-nio-8080-exec-6] org.hibernate.orm.jdbc.bind              : binding parameter (2:DATE) <- [2026-09-01]
2026-09-07T19:37:07.822+05:30 TRACE 22976 --- [FinanceManagementSystem] [http-nio-8080-exec-6] org.hibernate.orm.jdbc.bind              : binding parameter (3:DATE) <- [2026-09-30]
2026-09-07T19:37:07.824+05:30 DEBUG 22976 --- [FinanceManagementSystem] [http-nio-8080-exec-6] org.hibernate.SQL                        : select coalesce(sum(e1_0.amount),0) from expenses e1_0 where e1_0.user_id=? and e1_0.is_active=1 and (? is null or e1_0.expense_date>=?) and (? is null or e1_0.expense_date<=?)
2026-09-07T19:37:07.825+05:30 TRACE 22976 --- [FinanceManagementSystem] [http-nio-8080-exec-6] org.hibernate.orm.jdbc.bind              : binding parameter (1:BIGINT) <- [2]
2026-09-07T19:37:07.825+05:30 TRACE 22976 --- [FinanceManagementSystem] [http-nio-8080-exec-6] org.hibernate.orm.jdbc.bind              : binding parameter (2:DATE) <- [2026-09-01]
2026-09-07T19:37:07.825+05:30 TRACE 22976 --- [FinanceManagementSystem] [http-nio-8080-exec-6] org.hibernate.orm.jdbc.bind              : binding parameter (3:DATE) <- [2026-09-01]
2026-09-07T19:37:07.825+05:30 TRACE 22976 --- [FinanceManagementSystem] [http-nio-8080-exec-6] org.hibernate.orm.jdbc.bind              : binding parameter (4:DATE) <- [2026-09-30]
2026-09-07T19:37:07.825+05:30 TRACE 22976 --- [FinanceManagementSystem] [http-nio-8080-exec-6] org.hibernate.orm.jdbc.bind              : binding parameter (5:DATE) <- [2026-09-30]
2026-09-07T19:37:07.830+05:30 DEBUG 22976 --- [FinanceManagementSystem] [http-nio-8080-exec-6] org.hibernate.SQL                        : select s1_0.id,s1_0.amount,s1_0.created_at,s1_0.customer_id,s1_0.customer_invoice_number,s1_0.gst_amount,s1_0.gst_percentage,s1_0.payment_status,s1_0.public_id,s1_0.rate_per_unit,s1_0.raw_material,s1_0.sale_date,s1_0.sale_number,s1_0.total_amount,s1_0.unit,s1_0.updated_at,s1_0.user_id,s1_0.weight from sales s1_0 where s1_0.user_id=? order by s1_0.sale_date desc,s1_0.id desc limit ?
2026-09-07T19:37:07.830+05:30 TRACE 22976 --- [FinanceManagementSystem] [http-nio-8080-exec-6] org.hibernate.orm.jdbc.bind              : binding parameter (1:BIGINT) <- [2]
2026-09-07T19:37:07.830+05:30 TRACE 22976 --- [FinanceManagementSystem] [http-nio-8080-exec-6] org.hibernate.orm.jdbc.bind              : binding parameter (2:INTEGER) <- [5]
2026-09-07T19:37:07.833+05:30 DEBUG 22976 --- [FinanceManagementSystem] [http-nio-8080-exec-6] org.hibernate.SQL                        : select p1_0.id,p1_0.amount,p1_0.created_at,p1_0.gst_amount,p1_0.gst_percentage,p1_0.payment_status,p1_0.public_id,p1_0.purchase_date,p1_0.purchase_number,p1_0.purchase_status,p1_0.rate_per_unit,p1_0.raw_material,p1_0.supplier_id,p1_0.supplier_invoice_number,p1_0.total_amount,p1_0.unit,p1_0.updated_at,p1_0.user_id,p1_0.weight from purchases p1_0 where p1_0.user_id=? order by p1_0.purchase_date desc,p1_0.id desc limit ?
2026-09-07T19:37:07.834+05:30 TRACE 22976 --- [FinanceManagementSystem] [http-nio-8080-exec-6] org.hibernate.orm.jdbc.bind              : binding parameter (1:BIGINT) <- [2]
2026-09-07T19:37:07.834+05:30 TRACE 22976 --- [FinanceManagementSystem] [http-nio-8080-exec-6] org.hibernate.orm.jdbc.bind              : binding parameter (2:INTEGER) <- [5]
2026-09-07T19:37:07.836+05:30 DEBUG 22976 --- [FinanceManagementSystem] [http-nio-8080-exec-6] org.hibernate.SQL                        : select s1_0.id,a1_0.id,a1_0.address_line_1,a1_0.address_line_2,a1_0.city,a1_0.country,a1_0.created_at,a1_0.pincode,a1_0.state,a1_0.supplier_id,a1_0.updated_at,s1_0.alternate_mobile_number,s1_0.contact_person,s1_0.created_at,s1_0.email,s1_0.gst_number,s1_0.is_active,s1_0.mobile_number,s1_0.opening_balance,s1_0.payment_terms,s1_0.public_id,s1_0.supplier_name,s1_0.updated_at,s1_0.user_id from suppliers s1_0 left join supplier_address a1_0 on s1_0.id=a1_0.supplier_id where s1_0.id=?
2026-09-07T19:37:07.837+05:30 TRACE 22976 --- [FinanceManagementSystem] [http-nio-8080-exec-6] org.hibernate.orm.jdbc.bind              : binding parameter (1:BIGINT) <- [1]
2026-09-07T19:37:07.840+05:30 DEBUG 22976 --- [FinanceManagementSystem] [http-nio-8080-exec-6] org.hibernate.SQL                        : select e1_0.id,e1_0.amount,e1_0.category,e1_0.created_at,e1_0.description,e1_0.expense_date,e1_0.expense_number,e1_0.is_active,e1_0.payment_mode,e1_0.public_id,e1_0.reference_number,e1_0.remarks,e1_0.updated_at,e1_0.user_id from expenses e1_0 where e1_0.user_id=? and e1_0.is_active order by e1_0.expense_date desc limit ?
2026-09-07T19:37:07.840+05:30 TRACE 22976 --- [FinanceManagementSystem] [http-nio-8080-exec-6] org.hibernate.orm.jdbc.bind              : binding parameter (1:BIGINT) <- [2]
2026-09-07T19:37:07.840+05:30 TRACE 22976 --- [FinanceManagementSystem] [http-nio-8080-exec-6] org.hibernate.orm.jdbc.bind              : binding parameter (2:INTEGER) <- [5]
2026-09-07T19:37:07.844+05:30 DEBUG 22976 --- [FinanceManagementSystem] [http-nio-8080-exec-6] org.hibernate.SQL                        : select count(e1_0.id) from expenses e1_0 where e1_0.user_id=? and e1_0.is_active
2026-09-07T19:37:07.844+05:30 TRACE 22976 --- [FinanceManagementSystem] [http-nio-8080-exec-6] org.hibernate.orm.jdbc.bind              : binding parameter (1:BIGINT) <- [2]
2026-09-07T19:37:27.873+05:30 DEBUG 22976 --- [FinanceManagementSystem] [http-nio-8080-exec-7] org.hibernate.SQL                        : SELECT * FROM users WHERE LOWER(TRIM(email)) = LOWER(TRIM(?))
2026-09-07T19:37:27.873+05:30 TRACE 22976 --- [FinanceManagementSystem] [http-nio-8080-exec-7] org.hibernate.orm.jdbc.bind              : binding parameter (1:VARCHAR) <- [bhavesh@gmail.com]
2026-09-07T19:37:27.876+05:30 DEBUG 22976 --- [FinanceManagementSystem] [http-nio-8080-exec-7] org.hibernate.SQL                        : select ua1_0.id,ua1_0.area,ua1_0.city,ua1_0.country,ua1_0.created_at,ua1_0.house_no,ua1_0.pincode,ua1_0.society_name,ua1_0.state,ua1_0.updated_at,ua1_0.user_id from user_address ua1_0 where ua1_0.user_id=?
2026-09-07T19:37:27.876+05:30 TRACE 22976 --- [FinanceManagementSystem] [http-nio-8080-exec-7] org.hibernate.orm.jdbc.bind              : binding parameter (1:BIGINT) <- [2]
2026-09-07T19:37:27.878+05:30  INFO 22976 --- [FinanceManagementSystem] [http-nio-8080-exec-7] F.d.Security.CustomUserDetailsService    : CustomUserDetailsService - User loaded successfully: bhavesh@gmail.com
2026-09-07T19:37:27.888+05:30  INFO 22976 --- [FinanceManagementSystem] [http-nio-8080-exec-7] F.demo.Security.JwtUtil                  : JwtUtil - JWT token validation successful for user: bhavesh@gmail.com
2026-09-07T19:37:27.888+05:30  INFO 22976 --- [FinanceManagementSystem] [http-nio-8080-exec-7] F.demo.Security.JwtFilter                : JwtFilter - JWT validated successfully for user: bhavesh@gmail.com
2026-09-07T19:37:27.889+05:30  INFO 22976 --- [FinanceManagementSystem] [http-nio-8080-exec-7] F.demo.Controller.DashboardController    : CONTROLLER - request came in getDashboardSummary...
2026-09-07T19:37:27.891+05:30  INFO 22976 --- [FinanceManagementSystem] [http-nio-8080-exec-7] F.d.S.Implementations.DashboardService   : SERVICE - request came in getDashboardSummary...
2026-09-07T19:37:27.892+05:30 DEBUG 22976 --- [FinanceManagementSystem] [http-nio-8080-exec-7] org.hibernate.SQL                        : SELECT * FROM users WHERE LOWER(TRIM(email)) = LOWER(TRIM(?))
2026-09-07T19:37:27.892+05:30 TRACE 22976 --- [FinanceManagementSystem] [http-nio-8080-exec-7] org.hibernate.orm.jdbc.bind              : binding parameter (1:VARCHAR) <- [bhavesh@gmail.com]
2026-09-07T19:37:27.894+05:30 DEBUG 22976 --- [FinanceManagementSystem] [http-nio-8080-exec-7] org.hibernate.SQL                        : select ua1_0.id,ua1_0.area,ua1_0.city,ua1_0.country,ua1_0.created_at,ua1_0.house_no,ua1_0.pincode,ua1_0.society_name,ua1_0.state,ua1_0.updated_at,ua1_0.user_id from user_address ua1_0 where ua1_0.user_id=?
2026-09-07T19:37:27.894+05:30 TRACE 22976 --- [FinanceManagementSystem] [http-nio-8080-exec-7] org.hibernate.orm.jdbc.bind              : binding parameter (1:BIGINT) <- [2]
2026-09-07T19:37:27.896+05:30  INFO 22976 --- [FinanceManagementSystem] [http-nio-8080-exec-7] F.d.S.I.PurchasePaymentService           : SERVICE - request came in getTotalOutstandingAmount...
2026-09-07T19:37:27.897+05:30 DEBUG 22976 --- [FinanceManagementSystem] [http-nio-8080-exec-7] org.hibernate.SQL                        : SELECT * FROM users WHERE LOWER(TRIM(email)) = LOWER(TRIM(?))
2026-09-07T19:37:27.897+05:30 TRACE 22976 --- [FinanceManagementSystem] [http-nio-8080-exec-7] org.hibernate.orm.jdbc.bind              : binding parameter (1:VARCHAR) <- [bhavesh@gmail.com]
2026-09-07T19:37:27.901+05:30 DEBUG 22976 --- [FinanceManagementSystem] [http-nio-8080-exec-7] org.hibernate.SQL                        : select p1_0.id,p1_0.amount,p1_0.created_at,p1_0.gst_amount,p1_0.gst_percentage,p1_0.payment_status,p1_0.public_id,p1_0.purchase_date,p1_0.purchase_number,p1_0.purchase_status,p1_0.rate_per_unit,p1_0.raw_material,p1_0.supplier_id,p1_0.supplier_invoice_number,p1_0.total_amount,p1_0.unit,p1_0.updated_at,p1_0.user_id,p1_0.weight from purchases p1_0 where p1_0.user_id=? and p1_0.payment_status in (?,?)
2026-09-07T19:37:27.901+05:30 TRACE 22976 --- [FinanceManagementSystem] [http-nio-8080-exec-7] org.hibernate.orm.jdbc.bind              : binding parameter (1:BIGINT) <- [2]
2026-09-07T19:37:27.901+05:30 TRACE 22976 --- [FinanceManagementSystem] [http-nio-8080-exec-7] org.hibernate.orm.jdbc.bind              : binding parameter (2:ENUM) <- [PENDING]
2026-09-07T19:37:27.901+05:30 TRACE 22976 --- [FinanceManagementSystem] [http-nio-8080-exec-7] org.hibernate.orm.jdbc.bind              : binding parameter (3:ENUM) <- [PARTIALLY_PAID]
2026-09-07T19:37:27.904+05:30  INFO 22976 --- [FinanceManagementSystem] [http-nio-8080-exec-7] F.d.S.I.SalePaymentService               : SERVICE - request came in getTotalReceivableAmount...
2026-09-07T19:37:27.904+05:30 DEBUG 22976 --- [FinanceManagementSystem] [http-nio-8080-exec-7] org.hibernate.SQL                        : SELECT * FROM users WHERE LOWER(TRIM(email)) = LOWER(TRIM(?))
2026-09-07T19:37:27.904+05:30 TRACE 22976 --- [FinanceManagementSystem] [http-nio-8080-exec-7] org.hibernate.orm.jdbc.bind              : binding parameter (1:VARCHAR) <- [bhavesh@gmail.com]
2026-09-07T19:37:27.908+05:30 DEBUG 22976 --- [FinanceManagementSystem] [http-nio-8080-exec-7] org.hibernate.SQL                        : select s1_0.id,s1_0.amount,s1_0.created_at,s1_0.customer_id,s1_0.customer_invoice_number,s1_0.gst_amount,s1_0.gst_percentage,s1_0.payment_status,s1_0.public_id,s1_0.rate_per_unit,s1_0.raw_material,s1_0.sale_date,s1_0.sale_number,s1_0.total_amount,s1_0.unit,s1_0.updated_at,s1_0.user_id,s1_0.weight from sales s1_0 where s1_0.user_id=? and s1_0.payment_status in (?,?)
2026-09-07T19:37:27.908+05:30 TRACE 22976 --- [FinanceManagementSystem] [http-nio-8080-exec-7] org.hibernate.orm.jdbc.bind              : binding parameter (1:BIGINT) <- [2]
2026-09-07T19:37:27.908+05:30 TRACE 22976 --- [FinanceManagementSystem] [http-nio-8080-exec-7] org.hibernate.orm.jdbc.bind              : binding parameter (2:ENUM) <- [PENDING]
2026-09-07T19:37:27.908+05:30 TRACE 22976 --- [FinanceManagementSystem] [http-nio-8080-exec-7] org.hibernate.orm.jdbc.bind              : binding parameter (3:ENUM) <- [PARTIALLY_PAID]
2026-09-07T19:37:27.911+05:30 DEBUG 22976 --- [FinanceManagementSystem] [http-nio-8080-exec-7] org.hibernate.SQL                        : select coalesce(sum(sp1_0.amount_received),0) from sale_payments sp1_0 where sp1_0.user_id=?
2026-09-07T19:37:27.911+05:30 TRACE 22976 --- [FinanceManagementSystem] [http-nio-8080-exec-7] org.hibernate.orm.jdbc.bind              : binding parameter (1:BIGINT) <- [2]
2026-09-07T19:37:27.913+05:30 DEBUG 22976 --- [FinanceManagementSystem] [http-nio-8080-exec-7] org.hibernate.SQL                        : select coalesce(sum(pp1_0.amount_paid),0) from purchase_payments pp1_0 where pp1_0.user_id=?
2026-09-07T19:37:27.913+05:30 TRACE 22976 --- [FinanceManagementSystem] [http-nio-8080-exec-7] org.hibernate.orm.jdbc.bind              : binding parameter (1:BIGINT) <- [2]
2026-09-07T19:37:27.915+05:30 DEBUG 22976 --- [FinanceManagementSystem] [http-nio-8080-exec-7] org.hibernate.SQL                        : select coalesce(sum(e1_0.amount),0) from expenses e1_0 where e1_0.user_id=? and e1_0.is_active=1 and (? is null or e1_0.expense_date>=?) and (? is null or e1_0.expense_date<=?)
2026-09-07T19:37:27.915+05:30 TRACE 22976 --- [FinanceManagementSystem] [http-nio-8080-exec-7] org.hibernate.orm.jdbc.bind              : binding parameter (1:BIGINT) <- [2]
2026-09-07T19:37:27.915+05:30 TRACE 22976 --- [FinanceManagementSystem] [http-nio-8080-exec-7] org.hibernate.orm.jdbc.bind              : binding parameter (2:DATE) <- [null]
2026-09-07T19:37:27.915+05:30 TRACE 22976 --- [FinanceManagementSystem] [http-nio-8080-exec-7] org.hibernate.orm.jdbc.bind              : binding parameter (3:DATE) <- [null]
2026-09-07T19:37:27.915+05:30 TRACE 22976 --- [FinanceManagementSystem] [http-nio-8080-exec-7] org.hibernate.orm.jdbc.bind              : binding parameter (4:DATE) <- [null]
2026-09-07T19:37:27.915+05:30 TRACE 22976 --- [FinanceManagementSystem] [http-nio-8080-exec-7] org.hibernate.orm.jdbc.bind              : binding parameter (5:DATE) <- [null]
2026-09-07T19:37:27.917+05:30 DEBUG 22976 --- [FinanceManagementSystem] [http-nio-8080-exec-7] org.hibernate.SQL                        : select coalesce(sum(ppw1_0.amount),0) from partner_profit_withdrawals ppw1_0 where ppw1_0.user_id=?
2026-09-07T19:37:27.918+05:30 TRACE 22976 --- [FinanceManagementSystem] [http-nio-8080-exec-7] org.hibernate.orm.jdbc.bind              : binding parameter (1:BIGINT) <- [2]
2026-09-07T19:37:27.920+05:30  INFO 22976 --- [FinanceManagementSystem] [http-nio-8080-exec-7] F.d.S.Implementations.ExpenseService     : SERVICE - request came in getTotalExpenses...
2026-09-07T19:37:27.920+05:30 DEBUG 22976 --- [FinanceManagementSystem] [http-nio-8080-exec-7] org.hibernate.SQL                        : SELECT * FROM users WHERE LOWER(TRIM(email)) = LOWER(TRIM(?))
2026-09-07T19:37:27.920+05:30 TRACE 22976 --- [FinanceManagementSystem] [http-nio-8080-exec-7] org.hibernate.orm.jdbc.bind              : binding parameter (1:VARCHAR) <- [bhavesh@gmail.com]
2026-09-07T19:37:27.922+05:30 DEBUG 22976 --- [FinanceManagementSystem] [http-nio-8080-exec-7] org.hibernate.SQL                        : select coalesce(sum(e1_0.amount),0) from expenses e1_0 where e1_0.user_id=? and e1_0.is_active=1 and (? is null or e1_0.expense_date>=?) and (? is null or e1_0.expense_date<=?)
2026-09-07T19:37:27.923+05:30 TRACE 22976 --- [FinanceManagementSystem] [http-nio-8080-exec-7] org.hibernate.orm.jdbc.bind              : binding parameter (1:BIGINT) <- [2]
2026-09-07T19:37:27.923+05:30 TRACE 22976 --- [FinanceManagementSystem] [http-nio-8080-exec-7] org.hibernate.orm.jdbc.bind              : binding parameter (2:DATE) <- [2026-09-01]
2026-09-07T19:37:27.923+05:30 TRACE 22976 --- [FinanceManagementSystem] [http-nio-8080-exec-7] org.hibernate.orm.jdbc.bind              : binding parameter (3:DATE) <- [2026-09-01]
2026-09-07T19:37:27.923+05:30 TRACE 22976 --- [FinanceManagementSystem] [http-nio-8080-exec-7] org.hibernate.orm.jdbc.bind              : binding parameter (4:DATE) <- [2026-09-07]
2026-09-07T19:37:27.923+05:30 TRACE 22976 --- [FinanceManagementSystem] [http-nio-8080-exec-7] org.hibernate.orm.jdbc.bind              : binding parameter (5:DATE) <- [2026-09-07]
2026-09-07T19:37:27.925+05:30  INFO 22976 --- [FinanceManagementSystem] [http-nio-8080-exec-7] F.d.S.Implementations.StockService       : SERVICE - request came in getLowStockList...
2026-09-07T19:37:27.926+05:30 DEBUG 22976 --- [FinanceManagementSystem] [http-nio-8080-exec-7] org.hibernate.SQL                        : SELECT * FROM users WHERE LOWER(TRIM(email)) = LOWER(TRIM(?))
2026-09-07T19:37:27.926+05:30 TRACE 22976 --- [FinanceManagementSystem] [http-nio-8080-exec-7] org.hibernate.orm.jdbc.bind              : binding parameter (1:VARCHAR) <- [bhavesh@gmail.com]
2026-09-07T19:37:27.929+05:30 DEBUG 22976 --- [FinanceManagementSystem] [http-nio-8080-exec-7] org.hibernate.SQL                        : select s1_0.id,s1_0.created_at,s1_0.current_quantity,s1_0.is_active,s1_0.minimum_stock_level,s1_0.public_id,s1_0.raw_material,s1_0.unit,s1_0.updated_at,s1_0.user_id,s1_0.version from stocks s1_0 where s1_0.user_id=?
2026-09-07T19:37:27.929+05:30 TRACE 22976 --- [FinanceManagementSystem] [http-nio-8080-exec-7] org.hibernate.orm.jdbc.bind              : binding parameter (1:BIGINT) <- [2]
2026-09-07T19:37:27.931+05:30 DEBUG 22976 --- [FinanceManagementSystem] [http-nio-8080-exec-7] org.hibernate.SQL                        : SELECT * FROM users WHERE LOWER(TRIM(email)) = LOWER(TRIM(?))
2026-09-07T19:37:27.932+05:30 TRACE 22976 --- [FinanceManagementSystem] [http-nio-8080-exec-7] org.hibernate.orm.jdbc.bind              : binding parameter (1:VARCHAR) <- [bhavesh@gmail.com]
2026-09-07T19:37:27.934+05:30 DEBUG 22976 --- [FinanceManagementSystem] [http-nio-8080-exec-7] org.hibernate.SQL                        : select pd1_0.id,pd1_0.created_at,pd1_0.from_date,pd1_0.net_profit,pd1_0.public_id,pd1_0.to_date,pd1_0.total_expenses,pd1_0.total_purchase_cost,pd1_0.total_revenue,pd1_0.updated_at,pd1_0.user_id from profit_distributions pd1_0 where pd1_0.user_id=? order by coalesce(pd1_0.updated_at,pd1_0.created_at) desc,pd1_0.id desc
2026-09-07T19:37:27.935+05:30 TRACE 22976 --- [FinanceManagementSystem] [http-nio-8080-exec-7] org.hibernate.orm.jdbc.bind              : binding parameter (1:BIGINT) <- [2]
2026-09-07T19:37:27.937+05:30 DEBUG 22976 --- [FinanceManagementSystem] [http-nio-8080-exec-7] org.hibernate.SQL                        : select s1_0.id,s1_0.amount,s1_0.created_at,s1_0.customer_id,s1_0.customer_invoice_number,s1_0.gst_amount,s1_0.gst_percentage,s1_0.payment_status,s1_0.public_id,s1_0.rate_per_unit,s1_0.raw_material,s1_0.sale_date,s1_0.sale_number,s1_0.total_amount,s1_0.unit,s1_0.updated_at,s1_0.user_id,s1_0.weight from sales s1_0 where s1_0.user_id=? and s1_0.sale_date between ? and ?
2026-09-07T19:37:27.938+05:30 TRACE 22976 --- [FinanceManagementSystem] [http-nio-8080-exec-7] org.hibernate.orm.jdbc.bind              : binding parameter (1:BIGINT) <- [2]
2026-09-07T19:37:27.938+05:30 TRACE 22976 --- [FinanceManagementSystem] [http-nio-8080-exec-7] org.hibernate.orm.jdbc.bind              : binding parameter (2:DATE) <- [2026-04-01]
2026-09-07T19:37:27.938+05:30 TRACE 22976 --- [FinanceManagementSystem] [http-nio-8080-exec-7] org.hibernate.orm.jdbc.bind              : binding parameter (3:DATE) <- [2026-04-30]
2026-09-07T19:37:27.941+05:30 DEBUG 22976 --- [FinanceManagementSystem] [http-nio-8080-exec-7] org.hibernate.SQL                        : select p1_0.id,p1_0.amount,p1_0.created_at,p1_0.gst_amount,p1_0.gst_percentage,p1_0.payment_status,p1_0.public_id,p1_0.purchase_date,p1_0.purchase_number,p1_0.purchase_status,p1_0.rate_per_unit,p1_0.raw_material,p1_0.supplier_id,p1_0.supplier_invoice_number,p1_0.total_amount,p1_0.unit,p1_0.updated_at,p1_0.user_id,p1_0.weight from purchases p1_0 where p1_0.user_id=? and p1_0.purchase_date between ? and ?
2026-09-07T19:37:27.941+05:30 TRACE 22976 --- [FinanceManagementSystem] [http-nio-8080-exec-7] org.hibernate.orm.jdbc.bind              : binding parameter (1:BIGINT) <- [2]
2026-09-07T19:37:27.941+05:30 TRACE 22976 --- [FinanceManagementSystem] [http-nio-8080-exec-7] org.hibernate.orm.jdbc.bind              : binding parameter (2:DATE) <- [2026-04-01]
2026-09-07T19:37:27.941+05:30 TRACE 22976 --- [FinanceManagementSystem] [http-nio-8080-exec-7] org.hibernate.orm.jdbc.bind              : binding parameter (3:DATE) <- [2026-04-30]
2026-09-07T19:37:27.944+05:30 DEBUG 22976 --- [FinanceManagementSystem] [http-nio-8080-exec-7] org.hibernate.SQL                        : select coalesce(sum(e1_0.amount),0) from expenses e1_0 where e1_0.user_id=? and e1_0.is_active=1 and (? is null or e1_0.expense_date>=?) and (? is null or e1_0.expense_date<=?)
2026-09-07T19:37:27.944+05:30 TRACE 22976 --- [FinanceManagementSystem] [http-nio-8080-exec-7] org.hibernate.orm.jdbc.bind              : binding parameter (1:BIGINT) <- [2]
2026-09-07T19:37:27.944+05:30 TRACE 22976 --- [FinanceManagementSystem] [http-nio-8080-exec-7] org.hibernate.orm.jdbc.bind              : binding parameter (2:DATE) <- [2026-04-01]
2026-09-07T19:37:27.944+05:30 TRACE 22976 --- [FinanceManagementSystem] [http-nio-8080-exec-7] org.hibernate.orm.jdbc.bind              : binding parameter (3:DATE) <- [2026-04-01]
2026-09-07T19:37:27.944+05:30 TRACE 22976 --- [FinanceManagementSystem] [http-nio-8080-exec-7] org.hibernate.orm.jdbc.bind              : binding parameter (4:DATE) <- [2026-04-30]
2026-09-07T19:37:27.945+05:30 TRACE 22976 --- [FinanceManagementSystem] [http-nio-8080-exec-7] org.hibernate.orm.jdbc.bind              : binding parameter (5:DATE) <- [2026-04-30]
2026-09-07T19:37:27.947+05:30 DEBUG 22976 --- [FinanceManagementSystem] [http-nio-8080-exec-7] org.hibernate.SQL                        : select s1_0.id,s1_0.amount,s1_0.created_at,s1_0.customer_id,s1_0.customer_invoice_number,s1_0.gst_amount,s1_0.gst_percentage,s1_0.payment_status,s1_0.public_id,s1_0.rate_per_unit,s1_0.raw_material,s1_0.sale_date,s1_0.sale_number,s1_0.total_amount,s1_0.unit,s1_0.updated_at,s1_0.user_id,s1_0.weight from sales s1_0 where s1_0.user_id=? and s1_0.sale_date between ? and ?
2026-09-07T19:37:27.948+05:30 TRACE 22976 --- [FinanceManagementSystem] [http-nio-8080-exec-7] org.hibernate.orm.jdbc.bind              : binding parameter (1:BIGINT) <- [2]
2026-09-07T19:37:27.948+05:30 TRACE 22976 --- [FinanceManagementSystem] [http-nio-8080-exec-7] org.hibernate.orm.jdbc.bind              : binding parameter (2:DATE) <- [2026-05-01]
2026-09-07T19:37:27.948+05:30 TRACE 22976 --- [FinanceManagementSystem] [http-nio-8080-exec-7] org.hibernate.orm.jdbc.bind              : binding parameter (3:DATE) <- [2026-05-31]
2026-09-07T19:37:27.951+05:30 DEBUG 22976 --- [FinanceManagementSystem] [http-nio-8080-exec-7] org.hibernate.SQL                        : select p1_0.id,p1_0.amount,p1_0.created_at,p1_0.gst_amount,p1_0.gst_percentage,p1_0.payment_status,p1_0.public_id,p1_0.purchase_date,p1_0.purchase_number,p1_0.purchase_status,p1_0.rate_per_unit,p1_0.raw_material,p1_0.supplier_id,p1_0.supplier_invoice_number,p1_0.total_amount,p1_0.unit,p1_0.updated_at,p1_0.user_id,p1_0.weight from purchases p1_0 where p1_0.user_id=? and p1_0.purchase_date between ? and ?
2026-09-07T19:37:27.952+05:30 TRACE 22976 --- [FinanceManagementSystem] [http-nio-8080-exec-7] org.hibernate.orm.jdbc.bind              : binding parameter (1:BIGINT) <- [2]
2026-09-07T19:37:27.952+05:30 TRACE 22976 --- [FinanceManagementSystem] [http-nio-8080-exec-7] org.hibernate.orm.jdbc.bind              : binding parameter (2:DATE) <- [2026-05-01]
2026-09-07T19:37:27.952+05:30 TRACE 22976 --- [FinanceManagementSystem] [http-nio-8080-exec-7] org.hibernate.orm.jdbc.bind              : binding parameter (3:DATE) <- [2026-05-31]
2026-09-07T19:37:27.954+05:30 DEBUG 22976 --- [FinanceManagementSystem] [http-nio-8080-exec-7] org.hibernate.SQL                        : select coalesce(sum(e1_0.amount),0) from expenses e1_0 where e1_0.user_id=? and e1_0.is_active=1 and (? is null or e1_0.expense_date>=?) and (? is null or e1_0.expense_date<=?)
2026-09-07T19:37:27.954+05:30 TRACE 22976 --- [FinanceManagementSystem] [http-nio-8080-exec-7] org.hibernate.orm.jdbc.bind              : binding parameter (1:BIGINT) <- [2]
2026-09-07T19:37:27.954+05:30 TRACE 22976 --- [FinanceManagementSystem] [http-nio-8080-exec-7] org.hibernate.orm.jdbc.bind              : binding parameter (2:DATE) <- [2026-05-01]
2026-09-07T19:37:27.954+05:30 TRACE 22976 --- [FinanceManagementSystem] [http-nio-8080-exec-7] org.hibernate.orm.jdbc.bind              : binding parameter (3:DATE) <- [2026-05-01]
2026-09-07T19:37:27.954+05:30 TRACE 22976 --- [FinanceManagementSystem] [http-nio-8080-exec-7] org.hibernate.orm.jdbc.bind              : binding parameter (4:DATE) <- [2026-05-31]
2026-09-07T19:37:27.955+05:30 TRACE 22976 --- [FinanceManagementSystem] [http-nio-8080-exec-7] org.hibernate.orm.jdbc.bind              : binding parameter (5:DATE) <- [2026-05-31]
2026-09-07T19:37:27.957+05:30 DEBUG 22976 --- [FinanceManagementSystem] [http-nio-8080-exec-7] org.hibernate.SQL                        : select s1_0.id,s1_0.amount,s1_0.created_at,s1_0.customer_id,s1_0.customer_invoice_number,s1_0.gst_amount,s1_0.gst_percentage,s1_0.payment_status,s1_0.public_id,s1_0.rate_per_unit,s1_0.raw_material,s1_0.sale_date,s1_0.sale_number,s1_0.total_amount,s1_0.unit,s1_0.updated_at,s1_0.user_id,s1_0.weight from sales s1_0 where s1_0.user_id=? and s1_0.sale_date between ? and ?
2026-09-07T19:37:27.958+05:30 TRACE 22976 --- [FinanceManagementSystem] [http-nio-8080-exec-7] org.hibernate.orm.jdbc.bind              : binding parameter (1:BIGINT) <- [2]
2026-09-07T19:37:27.958+05:30 TRACE 22976 --- [FinanceManagementSystem] [http-nio-8080-exec-7] org.hibernate.orm.jdbc.bind              : binding parameter (2:DATE) <- [2026-06-01]
2026-09-07T19:37:27.958+05:30 TRACE 22976 --- [FinanceManagementSystem] [http-nio-8080-exec-7] org.hibernate.orm.jdbc.bind              : binding parameter (3:DATE) <- [2026-06-30]
2026-09-07T19:37:27.961+05:30 DEBUG 22976 --- [FinanceManagementSystem] [http-nio-8080-exec-7] org.hibernate.SQL                        : select p1_0.id,p1_0.amount,p1_0.created_at,p1_0.gst_amount,p1_0.gst_percentage,p1_0.payment_status,p1_0.public_id,p1_0.purchase_date,p1_0.purchase_number,p1_0.purchase_status,p1_0.rate_per_unit,p1_0.raw_material,p1_0.supplier_id,p1_0.supplier_invoice_number,p1_0.total_amount,p1_0.unit,p1_0.updated_at,p1_0.user_id,p1_0.weight from purchases p1_0 where p1_0.user_id=? and p1_0.purchase_date between ? and ?
2026-09-07T19:37:27.961+05:30 TRACE 22976 --- [FinanceManagementSystem] [http-nio-8080-exec-7] org.hibernate.orm.jdbc.bind              : binding parameter (1:BIGINT) <- [2]
2026-09-07T19:37:27.962+05:30 TRACE 22976 --- [FinanceManagementSystem] [http-nio-8080-exec-7] org.hibernate.orm.jdbc.bind              : binding parameter (2:DATE) <- [2026-06-01]
2026-09-07T19:37:27.962+05:30 TRACE 22976 --- [FinanceManagementSystem] [http-nio-8080-exec-7] org.hibernate.orm.jdbc.bind              : binding parameter (3:DATE) <- [2026-06-30]
2026-09-07T19:37:27.964+05:30 DEBUG 22976 --- [FinanceManagementSystem] [http-nio-8080-exec-7] org.hibernate.SQL                        : select coalesce(sum(e1_0.amount),0) from expenses e1_0 where e1_0.user_id=? and e1_0.is_active=1 and (? is null or e1_0.expense_date>=?) and (? is null or e1_0.expense_date<=?)
2026-09-07T19:37:27.964+05:30 TRACE 22976 --- [FinanceManagementSystem] [http-nio-8080-exec-7] org.hibernate.orm.jdbc.bind              : binding parameter (1:BIGINT) <- [2]
2026-09-07T19:37:27.964+05:30 TRACE 22976 --- [FinanceManagementSystem] [http-nio-8080-exec-7] org.hibernate.orm.jdbc.bind              : binding parameter (2:DATE) <- [2026-06-01]
2026-09-07T19:37:27.964+05:30 TRACE 22976 --- [FinanceManagementSystem] [http-nio-8080-exec-7] org.hibernate.orm.jdbc.bind              : binding parameter (3:DATE) <- [2026-06-01]
2026-09-07T19:37:27.964+05:30 TRACE 22976 --- [FinanceManagementSystem] [http-nio-8080-exec-7] org.hibernate.orm.jdbc.bind              : binding parameter (4:DATE) <- [2026-06-30]
2026-09-07T19:37:27.964+05:30 TRACE 22976 --- [FinanceManagementSystem] [http-nio-8080-exec-7] org.hibernate.orm.jdbc.bind              : binding parameter (5:DATE) <- [2026-06-30]
2026-09-07T19:37:27.967+05:30 DEBUG 22976 --- [FinanceManagementSystem] [http-nio-8080-exec-7] org.hibernate.SQL                        : select s1_0.id,s1_0.amount,s1_0.created_at,s1_0.customer_id,s1_0.customer_invoice_number,s1_0.gst_amount,s1_0.gst_percentage,s1_0.payment_status,s1_0.public_id,s1_0.rate_per_unit,s1_0.raw_material,s1_0.sale_date,s1_0.sale_number,s1_0.total_amount,s1_0.unit,s1_0.updated_at,s1_0.user_id,s1_0.weight from sales s1_0 where s1_0.user_id=? and s1_0.sale_date between ? and ?
2026-09-07T19:37:27.968+05:30 TRACE 22976 --- [FinanceManagementSystem] [http-nio-8080-exec-7] org.hibernate.orm.jdbc.bind              : binding parameter (1:BIGINT) <- [2]
2026-09-07T19:37:27.968+05:30 TRACE 22976 --- [FinanceManagementSystem] [http-nio-8080-exec-7] org.hibernate.orm.jdbc.bind              : binding parameter (2:DATE) <- [2026-07-01]
2026-09-07T19:37:27.968+05:30 TRACE 22976 --- [FinanceManagementSystem] [http-nio-8080-exec-7] org.hibernate.orm.jdbc.bind              : binding parameter (3:DATE) <- [2026-07-31]
2026-09-07T19:37:27.971+05:30 DEBUG 22976 --- [FinanceManagementSystem] [http-nio-8080-exec-7] org.hibernate.SQL                        : select p1_0.id,p1_0.amount,p1_0.created_at,p1_0.gst_amount,p1_0.gst_percentage,p1_0.payment_status,p1_0.public_id,p1_0.purchase_date,p1_0.purchase_number,p1_0.purchase_status,p1_0.rate_per_unit,p1_0.raw_material,p1_0.supplier_id,p1_0.supplier_invoice_number,p1_0.total_amount,p1_0.unit,p1_0.updated_at,p1_0.user_id,p1_0.weight from purchases p1_0 where p1_0.user_id=? and p1_0.purchase_date between ? and ?
2026-09-07T19:37:27.972+05:30 TRACE 22976 --- [FinanceManagementSystem] [http-nio-8080-exec-7] org.hibernate.orm.jdbc.bind              : binding parameter (1:BIGINT) <- [2]
2026-09-07T19:37:27.972+05:30 TRACE 22976 --- [FinanceManagementSystem] [http-nio-8080-exec-7] org.hibernate.orm.jdbc.bind              : binding parameter (2:DATE) <- [2026-07-01]
2026-09-07T19:37:27.972+05:30 TRACE 22976 --- [FinanceManagementSystem] [http-nio-8080-exec-7] org.hibernate.orm.jdbc.bind              : binding parameter (3:DATE) <- [2026-07-31]
2026-09-07T19:37:27.974+05:30 DEBUG 22976 --- [FinanceManagementSystem] [http-nio-8080-exec-7] org.hibernate.SQL                        : select coalesce(sum(e1_0.amount),0) from expenses e1_0 where e1_0.user_id=? and e1_0.is_active=1 and (? is null or e1_0.expense_date>=?) and (? is null or e1_0.expense_date<=?)
2026-09-07T19:37:27.974+05:30 TRACE 22976 --- [FinanceManagementSystem] [http-nio-8080-exec-7] org.hibernate.orm.jdbc.bind              : binding parameter (1:BIGINT) <- [2]
2026-09-07T19:37:27.975+05:30 TRACE 22976 --- [FinanceManagementSystem] [http-nio-8080-exec-7] org.hibernate.orm.jdbc.bind              : binding parameter (2:DATE) <- [2026-07-01]
2026-09-07T19:37:27.975+05:30 TRACE 22976 --- [FinanceManagementSystem] [http-nio-8080-exec-7] org.hibernate.orm.jdbc.bind              : binding parameter (3:DATE) <- [2026-07-01]
2026-09-07T19:37:27.975+05:30 TRACE 22976 --- [FinanceManagementSystem] [http-nio-8080-exec-7] org.hibernate.orm.jdbc.bind              : binding parameter (4:DATE) <- [2026-07-31]
2026-09-07T19:37:27.975+05:30 TRACE 22976 --- [FinanceManagementSystem] [http-nio-8080-exec-7] org.hibernate.orm.jdbc.bind              : binding parameter (5:DATE) <- [2026-07-31]
2026-09-07T19:37:27.978+05:30 DEBUG 22976 --- [FinanceManagementSystem] [http-nio-8080-exec-7] org.hibernate.SQL                        : select s1_0.id,s1_0.amount,s1_0.created_at,s1_0.customer_id,s1_0.customer_invoice_number,s1_0.gst_amount,s1_0.gst_percentage,s1_0.payment_status,s1_0.public_id,s1_0.rate_per_unit,s1_0.raw_material,s1_0.sale_date,s1_0.sale_number,s1_0.total_amount,s1_0.unit,s1_0.updated_at,s1_0.user_id,s1_0.weight from sales s1_0 where s1_0.user_id=? and s1_0.sale_date between ? and ?
2026-09-07T19:37:27.978+05:30 TRACE 22976 --- [FinanceManagementSystem] [http-nio-8080-exec-7] org.hibernate.orm.jdbc.bind              : binding parameter (1:BIGINT) <- [2]
2026-09-07T19:37:27.978+05:30 TRACE 22976 --- [FinanceManagementSystem] [http-nio-8080-exec-7] org.hibernate.orm.jdbc.bind              : binding parameter (2:DATE) <- [2026-08-01]
2026-09-07T19:37:27.978+05:30 TRACE 22976 --- [FinanceManagementSystem] [http-nio-8080-exec-7] org.hibernate.orm.jdbc.bind              : binding parameter (3:DATE) <- [2026-08-31]
2026-09-07T19:37:27.981+05:30 DEBUG 22976 --- [FinanceManagementSystem] [http-nio-8080-exec-7] org.hibernate.SQL                        : select p1_0.id,p1_0.amount,p1_0.created_at,p1_0.gst_amount,p1_0.gst_percentage,p1_0.payment_status,p1_0.public_id,p1_0.purchase_date,p1_0.purchase_number,p1_0.purchase_status,p1_0.rate_per_unit,p1_0.raw_material,p1_0.supplier_id,p1_0.supplier_invoice_number,p1_0.total_amount,p1_0.unit,p1_0.updated_at,p1_0.user_id,p1_0.weight from purchases p1_0 where p1_0.user_id=? and p1_0.purchase_date between ? and ?
2026-09-07T19:37:27.982+05:30 TRACE 22976 --- [FinanceManagementSystem] [http-nio-8080-exec-7] org.hibernate.orm.jdbc.bind              : binding parameter (1:BIGINT) <- [2]
2026-09-07T19:37:27.982+05:30 TRACE 22976 --- [FinanceManagementSystem] [http-nio-8080-exec-7] org.hibernate.orm.jdbc.bind              : binding parameter (2:DATE) <- [2026-08-01]
2026-09-07T19:37:27.982+05:30 TRACE 22976 --- [FinanceManagementSystem] [http-nio-8080-exec-7] org.hibernate.orm.jdbc.bind              : binding parameter (3:DATE) <- [2026-08-31]
2026-09-07T19:37:27.984+05:30 DEBUG 22976 --- [FinanceManagementSystem] [http-nio-8080-exec-7] org.hibernate.SQL                        : select coalesce(sum(e1_0.amount),0) from expenses e1_0 where e1_0.user_id=? and e1_0.is_active=1 and (? is null or e1_0.expense_date>=?) and (? is null or e1_0.expense_date<=?)
2026-09-07T19:37:27.985+05:30 TRACE 22976 --- [FinanceManagementSystem] [http-nio-8080-exec-7] org.hibernate.orm.jdbc.bind              : binding parameter (1:BIGINT) <- [2]
2026-09-07T19:37:27.985+05:30 TRACE 22976 --- [FinanceManagementSystem] [http-nio-8080-exec-7] org.hibernate.orm.jdbc.bind              : binding parameter (2:DATE) <- [2026-08-01]
2026-09-07T19:37:27.985+05:30 TRACE 22976 --- [FinanceManagementSystem] [http-nio-8080-exec-7] org.hibernate.orm.jdbc.bind              : binding parameter (3:DATE) <- [2026-08-01]
2026-09-07T19:37:27.985+05:30 TRACE 22976 --- [FinanceManagementSystem] [http-nio-8080-exec-7] org.hibernate.orm.jdbc.bind              : binding parameter (4:DATE) <- [2026-08-31]
2026-09-07T19:37:27.985+05:30 TRACE 22976 --- [FinanceManagementSystem] [http-nio-8080-exec-7] org.hibernate.orm.jdbc.bind              : binding parameter (5:DATE) <- [2026-08-31]
2026-09-07T19:37:27.988+05:30 DEBUG 22976 --- [FinanceManagementSystem] [http-nio-8080-exec-7] org.hibernate.SQL                        : select s1_0.id,s1_0.amount,s1_0.created_at,s1_0.customer_id,s1_0.customer_invoice_number,s1_0.gst_amount,s1_0.gst_percentage,s1_0.payment_status,s1_0.public_id,s1_0.rate_per_unit,s1_0.raw_material,s1_0.sale_date,s1_0.sale_number,s1_0.total_amount,s1_0.unit,s1_0.updated_at,s1_0.user_id,s1_0.weight from sales s1_0 where s1_0.user_id=? and s1_0.sale_date between ? and ?
2026-09-07T19:37:27.989+05:30 TRACE 22976 --- [FinanceManagementSystem] [http-nio-8080-exec-7] org.hibernate.orm.jdbc.bind              : binding parameter (1:BIGINT) <- [2]
2026-09-07T19:37:27.989+05:30 TRACE 22976 --- [FinanceManagementSystem] [http-nio-8080-exec-7] org.hibernate.orm.jdbc.bind              : binding parameter (2:DATE) <- [2026-09-01]
2026-09-07T19:37:27.989+05:30 TRACE 22976 --- [FinanceManagementSystem] [http-nio-8080-exec-7] org.hibernate.orm.jdbc.bind              : binding parameter (3:DATE) <- [2026-09-30]
2026-09-07T19:37:27.992+05:30 DEBUG 22976 --- [FinanceManagementSystem] [http-nio-8080-exec-7] org.hibernate.SQL                        : select p1_0.id,p1_0.amount,p1_0.created_at,p1_0.gst_amount,p1_0.gst_percentage,p1_0.payment_status,p1_0.public_id,p1_0.purchase_date,p1_0.purchase_number,p1_0.purchase_status,p1_0.rate_per_unit,p1_0.raw_material,p1_0.supplier_id,p1_0.supplier_invoice_number,p1_0.total_amount,p1_0.unit,p1_0.updated_at,p1_0.user_id,p1_0.weight from purchases p1_0 where p1_0.user_id=? and p1_0.purchase_date between ? and ?
2026-09-07T19:37:27.992+05:30 TRACE 22976 --- [FinanceManagementSystem] [http-nio-8080-exec-7] org.hibernate.orm.jdbc.bind              : binding parameter (1:BIGINT) <- [2]
2026-09-07T19:37:27.992+05:30 TRACE 22976 --- [FinanceManagementSystem] [http-nio-8080-exec-7] org.hibernate.orm.jdbc.bind              : binding parameter (2:DATE) <- [2026-09-01]
2026-09-07T19:37:27.992+05:30 TRACE 22976 --- [FinanceManagementSystem] [http-nio-8080-exec-7] org.hibernate.orm.jdbc.bind              : binding parameter (3:DATE) <- [2026-09-30]
2026-09-07T19:37:27.994+05:30 DEBUG 22976 --- [FinanceManagementSystem] [http-nio-8080-exec-7] org.hibernate.SQL                        : select coalesce(sum(e1_0.amount),0) from expenses e1_0 where e1_0.user_id=? and e1_0.is_active=1 and (? is null or e1_0.expense_date>=?) and (? is null or e1_0.expense_date<=?)
2026-09-07T19:37:27.995+05:30 TRACE 22976 --- [FinanceManagementSystem] [http-nio-8080-exec-7] org.hibernate.orm.jdbc.bind              : binding parameter (1:BIGINT) <- [2]
2026-09-07T19:37:27.995+05:30 TRACE 22976 --- [FinanceManagementSystem] [http-nio-8080-exec-7] org.hibernate.orm.jdbc.bind              : binding parameter (2:DATE) <- [2026-09-01]
2026-09-07T19:37:27.995+05:30 TRACE 22976 --- [FinanceManagementSystem] [http-nio-8080-exec-7] org.hibernate.orm.jdbc.bind              : binding parameter (3:DATE) <- [2026-09-01]
2026-09-07T19:37:27.995+05:30 TRACE 22976 --- [FinanceManagementSystem] [http-nio-8080-exec-7] org.hibernate.orm.jdbc.bind              : binding parameter (4:DATE) <- [2026-09-30]
2026-09-07T19:37:27.995+05:30 TRACE 22976 --- [FinanceManagementSystem] [http-nio-8080-exec-7] org.hibernate.orm.jdbc.bind              : binding parameter (5:DATE) <- [2026-09-30]
2026-09-07T19:37:27.998+05:30 DEBUG 22976 --- [FinanceManagementSystem] [http-nio-8080-exec-7] org.hibernate.SQL                        : select s1_0.id,s1_0.amount,s1_0.created_at,s1_0.customer_id,s1_0.customer_invoice_number,s1_0.gst_amount,s1_0.gst_percentage,s1_0.payment_status,s1_0.public_id,s1_0.rate_per_unit,s1_0.raw_material,s1_0.sale_date,s1_0.sale_number,s1_0.total_amount,s1_0.unit,s1_0.updated_at,s1_0.user_id,s1_0.weight from sales s1_0 where s1_0.user_id=? order by s1_0.sale_date desc,s1_0.id desc limit ?
2026-09-07T19:37:27.999+05:30 TRACE 22976 --- [FinanceManagementSystem] [http-nio-8080-exec-7] org.hibernate.orm.jdbc.bind              : binding parameter (1:BIGINT) <- [2]
2026-09-07T19:37:27.999+05:30 TRACE 22976 --- [FinanceManagementSystem] [http-nio-8080-exec-7] org.hibernate.orm.jdbc.bind              : binding parameter (2:INTEGER) <- [5]
2026-09-07T19:37:28.002+05:30 DEBUG 22976 --- [FinanceManagementSystem] [http-nio-8080-exec-7] org.hibernate.SQL                        : select p1_0.id,p1_0.amount,p1_0.created_at,p1_0.gst_amount,p1_0.gst_percentage,p1_0.payment_status,p1_0.public_id,p1_0.purchase_date,p1_0.purchase_number,p1_0.purchase_status,p1_0.rate_per_unit,p1_0.raw_material,p1_0.supplier_id,p1_0.supplier_invoice_number,p1_0.total_amount,p1_0.unit,p1_0.updated_at,p1_0.user_id,p1_0.weight from purchases p1_0 where p1_0.user_id=? order by p1_0.purchase_date desc,p1_0.id desc limit ?
2026-09-07T19:37:28.003+05:30 TRACE 22976 --- [FinanceManagementSystem] [http-nio-8080-exec-7] org.hibernate.orm.jdbc.bind              : binding parameter (1:BIGINT) <- [2]
2026-09-07T19:37:28.003+05:30 TRACE 22976 --- [FinanceManagementSystem] [http-nio-8080-exec-7] org.hibernate.orm.jdbc.bind              : binding parameter (2:INTEGER) <- [5]
2026-09-07T19:37:28.005+05:30 DEBUG 22976 --- [FinanceManagementSystem] [http-nio-8080-exec-7] org.hibernate.SQL                        : select s1_0.id,a1_0.id,a1_0.address_line_1,a1_0.address_line_2,a1_0.city,a1_0.country,a1_0.created_at,a1_0.pincode,a1_0.state,a1_0.supplier_id,a1_0.updated_at,s1_0.alternate_mobile_number,s1_0.contact_person,s1_0.created_at,s1_0.email,s1_0.gst_number,s1_0.is_active,s1_0.mobile_number,s1_0.opening_balance,s1_0.payment_terms,s1_0.public_id,s1_0.supplier_name,s1_0.updated_at,s1_0.user_id from suppliers s1_0 left join supplier_address a1_0 on s1_0.id=a1_0.supplier_id where s1_0.id=?
2026-09-07T19:37:28.006+05:30 TRACE 22976 --- [FinanceManagementSystem] [http-nio-8080-exec-7] org.hibernate.orm.jdbc.bind              : binding parameter (1:BIGINT) <- [1]
2026-09-07T19:37:28.009+05:30 DEBUG 22976 --- [FinanceManagementSystem] [http-nio-8080-exec-7] org.hibernate.SQL                        : select e1_0.id,e1_0.amount,e1_0.category,e1_0.created_at,e1_0.description,e1_0.expense_date,e1_0.expense_number,e1_0.is_active,e1_0.payment_mode,e1_0.public_id,e1_0.reference_number,e1_0.remarks,e1_0.updated_at,e1_0.user_id from expenses e1_0 where e1_0.user_id=? and e1_0.is_active order by e1_0.expense_date desc limit ?
2026-09-07T19:37:28.010+05:30 TRACE 22976 --- [FinanceManagementSystem] [http-nio-8080-exec-7] org.hibernate.orm.jdbc.bind              : binding parameter (1:BIGINT) <- [2]
2026-09-07T19:37:28.010+05:30 TRACE 22976 --- [FinanceManagementSystem] [http-nio-8080-exec-7] org.hibernate.orm.jdbc.bind              : binding parameter (2:INTEGER) <- [5]
2026-09-07T19:37:28.014+05:30 DEBUG 22976 --- [FinanceManagementSystem] [http-nio-8080-exec-7] org.hibernate.SQL                        : select count(e1_0.id) from expenses e1_0 where e1_0.user_id=? and e1_0.is_active
2026-09-07T19:37:28.014+05:30 TRACE 22976 --- [FinanceManagementSystem] [http-nio-8080-exec-7] org.hibernate.orm.jdbc.bind              : binding parameter (1:BIGINT) <- [2]
2026-09-07T19:37:48.043+05:30 DEBUG 22976 --- [FinanceManagementSystem] [http-nio-8080-exec-9] org.hibernate.SQL                        : SELECT * FROM users WHERE LOWER(TRIM(email)) = LOWER(TRIM(?))
2026-09-07T19:37:48.044+05:30 TRACE 22976 --- [FinanceManagementSystem] [http-nio-8080-exec-9] org.hibernate.orm.jdbc.bind              : binding parameter (1:VARCHAR) <- [bhavesh@gmail.com]
2026-09-07T19:37:48.047+05:30 DEBUG 22976 --- [FinanceManagementSystem] [http-nio-8080-exec-9] org.hibernate.SQL                        : select ua1_0.id,ua1_0.area,ua1_0.city,ua1_0.country,ua1_0.created_at,ua1_0.house_no,ua1_0.pincode,ua1_0.society_name,ua1_0.state,ua1_0.updated_at,ua1_0.user_id from user_address ua1_0 where ua1_0.user_id=?
2026-09-07T19:37:48.048+05:30 TRACE 22976 --- [FinanceManagementSystem] [http-nio-8080-exec-9] org.hibernate.orm.jdbc.bind              : binding parameter (1:BIGINT) <- [2]
2026-09-07T19:37:48.050+05:30  INFO 22976 --- [FinanceManagementSystem] [http-nio-8080-exec-9] F.d.Security.CustomUserDetailsService    : CustomUserDetailsService - User loaded successfully: bhavesh@gmail.com
2026-09-07T19:37:48.059+05:30  INFO 22976 --- [FinanceManagementSystem] [http-nio-8080-exec-9] F.demo.Security.JwtUtil                  : JwtUtil - JWT token validation successful for user: bhavesh@gmail.com
2026-09-07T19:37:48.059+05:30  INFO 22976 --- [FinanceManagementSystem] [http-nio-8080-exec-9] F.demo.Security.JwtFilter                : JwtFilter - JWT validated successfully for user: bhavesh@gmail.com
2026-09-07T19:37:48.060+05:30  INFO 22976 --- [FinanceManagementSystem] [http-nio-8080-exec-9] F.demo.Controller.DashboardController    : CONTROLLER - request came in getDashboardSummary...
2026-09-07T19:37:48.062+05:30  INFO 22976 --- [FinanceManagementSystem] [http-nio-8080-exec-9] F.d.S.Implementations.DashboardService   : SERVICE - request came in getDashboardSummary...
2026-09-07T19:37:48.062+05:30 DEBUG 22976 --- [FinanceManagementSystem] [http-nio-8080-exec-9] org.hibernate.SQL                        : SELECT * FROM users WHERE LOWER(TRIM(email)) = LOWER(TRIM(?))
2026-09-07T19:37:48.064+05:30 TRACE 22976 --- [FinanceManagementSystem] [http-nio-8080-exec-9] org.hibernate.orm.jdbc.bind              : binding parameter (1:VARCHAR) <- [bhavesh@gmail.com]
2026-09-07T19:37:48.065+05:30 DEBUG 22976 --- [FinanceManagementSystem] [http-nio-8080-exec-9] org.hibernate.SQL                        : select ua1_0.id,ua1_0.area,ua1_0.city,ua1_0.country,ua1_0.created_at,ua1_0.house_no,ua1_0.pincode,ua1_0.society_name,ua1_0.state,ua1_0.updated_at,ua1_0.user_id from user_address ua1_0 where ua1_0.user_id=?
2026-09-07T19:37:48.066+05:30 TRACE 22976 --- [FinanceManagementSystem] [http-nio-8080-exec-9] org.hibernate.orm.jdbc.bind              : binding parameter (1:BIGINT) <- [2]
2026-09-07T19:37:48.069+05:30  INFO 22976 --- [FinanceManagementSystem] [http-nio-8080-exec-9] F.d.S.I.PurchasePaymentService           : SERVICE - request came in getTotalOutstandingAmount...
2026-09-07T19:37:48.069+05:30 DEBUG 22976 --- [FinanceManagementSystem] [http-nio-8080-exec-9] org.hibernate.SQL                        : SELECT * FROM users WHERE LOWER(TRIM(email)) = LOWER(TRIM(?))
2026-09-07T19:37:48.069+05:30 TRACE 22976 --- [FinanceManagementSystem] [http-nio-8080-exec-9] org.hibernate.orm.jdbc.bind              : binding parameter (1:VARCHAR) <- [bhavesh@gmail.com]
2026-09-07T19:37:48.074+05:30 DEBUG 22976 --- [FinanceManagementSystem] [http-nio-8080-exec-9] org.hibernate.SQL                        : select p1_0.id,p1_0.amount,p1_0.created_at,p1_0.gst_amount,p1_0.gst_percentage,p1_0.payment_status,p1_0.public_id,p1_0.purchase_date,p1_0.purchase_number,p1_0.purchase_status,p1_0.rate_per_unit,p1_0.raw_material,p1_0.supplier_id,p1_0.supplier_invoice_number,p1_0.total_amount,p1_0.unit,p1_0.updated_at,p1_0.user_id,p1_0.weight from purchases p1_0 where p1_0.user_id=? and p1_0.payment_status in (?,?)
2026-09-07T19:37:48.074+05:30 TRACE 22976 --- [FinanceManagementSystem] [http-nio-8080-exec-9] org.hibernate.orm.jdbc.bind              : binding parameter (1:BIGINT) <- [2]
2026-09-07T19:37:48.074+05:30 TRACE 22976 --- [FinanceManagementSystem] [http-nio-8080-exec-9] org.hibernate.orm.jdbc.bind              : binding parameter (2:ENUM) <- [PENDING]
2026-09-07T19:37:48.074+05:30 TRACE 22976 --- [FinanceManagementSystem] [http-nio-8080-exec-9] org.hibernate.orm.jdbc.bind              : binding parameter (3:ENUM) <- [PARTIALLY_PAID]
2026-09-07T19:37:48.077+05:30  INFO 22976 --- [FinanceManagementSystem] [http-nio-8080-exec-9] F.d.S.I.SalePaymentService               : SERVICE - request came in getTotalReceivableAmount...
2026-09-07T19:37:48.077+05:30 DEBUG 22976 --- [FinanceManagementSystem] [http-nio-8080-exec-9] org.hibernate.SQL                        : SELECT * FROM users WHERE LOWER(TRIM(email)) = LOWER(TRIM(?))
2026-09-07T19:37:48.077+05:30 TRACE 22976 --- [FinanceManagementSystem] [http-nio-8080-exec-9] org.hibernate.orm.jdbc.bind              : binding parameter (1:VARCHAR) <- [bhavesh@gmail.com]
2026-09-07T19:37:48.081+05:30 DEBUG 22976 --- [FinanceManagementSystem] [http-nio-8080-exec-9] org.hibernate.SQL                        : select s1_0.id,s1_0.amount,s1_0.created_at,s1_0.customer_id,s1_0.customer_invoice_number,s1_0.gst_amount,s1_0.gst_percentage,s1_0.payment_status,s1_0.public_id,s1_0.rate_per_unit,s1_0.raw_material,s1_0.sale_date,s1_0.sale_number,s1_0.total_amount,s1_0.unit,s1_0.updated_at,s1_0.user_id,s1_0.weight from sales s1_0 where s1_0.user_id=? and s1_0.payment_status in (?,?)
2026-09-07T19:37:48.081+05:30 TRACE 22976 --- [FinanceManagementSystem] [http-nio-8080-exec-9] org.hibernate.orm.jdbc.bind              : binding parameter (1:BIGINT) <- [2]
2026-09-07T19:37:48.082+05:30 TRACE 22976 --- [FinanceManagementSystem] [http-nio-8080-exec-9] org.hibernate.orm.jdbc.bind              : binding parameter (2:ENUM) <- [PENDING]
2026-09-07T19:37:48.082+05:30 TRACE 22976 --- [FinanceManagementSystem] [http-nio-8080-exec-9] org.hibernate.orm.jdbc.bind              : binding parameter (3:ENUM) <- [PARTIALLY_PAID]
2026-09-07T19:37:48.083+05:30 DEBUG 22976 --- [FinanceManagementSystem] [http-nio-8080-exec-9] org.hibernate.SQL                        : select coalesce(sum(sp1_0.amount_received),0) from sale_payments sp1_0 where sp1_0.user_id=?
2026-09-07T19:37:48.083+05:30 TRACE 22976 --- [FinanceManagementSystem] [http-nio-8080-exec-9] org.hibernate.orm.jdbc.bind              : binding parameter (1:BIGINT) <- [2]
2026-09-07T19:37:48.086+05:30 DEBUG 22976 --- [FinanceManagementSystem] [http-nio-8080-exec-9] org.hibernate.SQL                        : select coalesce(sum(pp1_0.amount_paid),0) from purchase_payments pp1_0 where pp1_0.user_id=?
2026-09-07T19:37:48.086+05:30 TRACE 22976 --- [FinanceManagementSystem] [http-nio-8080-exec-9] org.hibernate.orm.jdbc.bind              : binding parameter (1:BIGINT) <- [2]
2026-09-07T19:37:48.088+05:30 DEBUG 22976 --- [FinanceManagementSystem] [http-nio-8080-exec-9] org.hibernate.SQL                        : select coalesce(sum(e1_0.amount),0) from expenses e1_0 where e1_0.user_id=? and e1_0.is_active=1 and (? is null or e1_0.expense_date>=?) and (? is null or e1_0.expense_date<=?)
2026-09-07T19:37:48.088+05:30 TRACE 22976 --- [FinanceManagementSystem] [http-nio-8080-exec-9] org.hibernate.orm.jdbc.bind              : binding parameter (1:BIGINT) <- [2]
2026-09-07T19:37:48.088+05:30 TRACE 22976 --- [FinanceManagementSystem] [http-nio-8080-exec-9] org.hibernate.orm.jdbc.bind              : binding parameter (2:DATE) <- [null]
2026-09-07T19:37:48.088+05:30 TRACE 22976 --- [FinanceManagementSystem] [http-nio-8080-exec-9] org.hibernate.orm.jdbc.bind              : binding parameter (3:DATE) <- [null]
2026-09-07T19:37:48.088+05:30 TRACE 22976 --- [FinanceManagementSystem] [http-nio-8080-exec-9] org.hibernate.orm.jdbc.bind              : binding parameter (4:DATE) <- [null]
2026-09-07T19:37:48.088+05:30 TRACE 22976 --- [FinanceManagementSystem] [http-nio-8080-exec-9] org.hibernate.orm.jdbc.bind              : binding parameter (5:DATE) <- [null]
2026-09-07T19:37:48.091+05:30 DEBUG 22976 --- [FinanceManagementSystem] [http-nio-8080-exec-9] org.hibernate.SQL                        : select coalesce(sum(ppw1_0.amount),0) from partner_profit_withdrawals ppw1_0 where ppw1_0.user_id=?
2026-09-07T19:37:48.091+05:30 TRACE 22976 --- [FinanceManagementSystem] [http-nio-8080-exec-9] org.hibernate.orm.jdbc.bind              : binding parameter (1:BIGINT) <- [2]
2026-09-07T19:37:48.093+05:30  INFO 22976 --- [FinanceManagementSystem] [http-nio-8080-exec-9] F.d.S.Implementations.ExpenseService     : SERVICE - request came in getTotalExpenses...
2026-09-07T19:37:48.093+05:30 DEBUG 22976 --- [FinanceManagementSystem] [http-nio-8080-exec-9] org.hibernate.SQL                        : SELECT * FROM users WHERE LOWER(TRIM(email)) = LOWER(TRIM(?))
2026-09-07T19:37:48.093+05:30 TRACE 22976 --- [FinanceManagementSystem] [http-nio-8080-exec-9] org.hibernate.orm.jdbc.bind              : binding parameter (1:VARCHAR) <- [bhavesh@gmail.com]
2026-09-07T19:37:48.097+05:30 DEBUG 22976 --- [FinanceManagementSystem] [http-nio-8080-exec-9] org.hibernate.SQL                        : select coalesce(sum(e1_0.amount),0) from expenses e1_0 where e1_0.user_id=? and e1_0.is_active=1 and (? is null or e1_0.expense_date>=?) and (? is null or e1_0.expense_date<=?)
2026-09-07T19:37:48.097+05:30 TRACE 22976 --- [FinanceManagementSystem] [http-nio-8080-exec-9] org.hibernate.orm.jdbc.bind              : binding parameter (1:BIGINT) <- [2]
2026-09-07T19:37:48.097+05:30 TRACE 22976 --- [FinanceManagementSystem] [http-nio-8080-exec-9] org.hibernate.orm.jdbc.bind              : binding parameter (2:DATE) <- [2026-09-01]
2026-09-07T19:37:48.097+05:30 TRACE 22976 --- [FinanceManagementSystem] [http-nio-8080-exec-9] org.hibernate.orm.jdbc.bind              : binding parameter (3:DATE) <- [2026-09-01]
2026-09-07T19:37:48.097+05:30 TRACE 22976 --- [FinanceManagementSystem] [http-nio-8080-exec-9] org.hibernate.orm.jdbc.bind              : binding parameter (4:DATE) <- [2026-09-07]
2026-09-07T19:37:48.097+05:30 TRACE 22976 --- [FinanceManagementSystem] [http-nio-8080-exec-9] org.hibernate.orm.jdbc.bind              : binding parameter (5:DATE) <- [2026-09-07]
2026-09-07T19:37:48.100+05:30  INFO 22976 --- [FinanceManagementSystem] [http-nio-8080-exec-9] F.d.S.Implementations.StockService       : SERVICE - request came in getLowStockList...
2026-09-07T19:37:48.100+05:30 DEBUG 22976 --- [FinanceManagementSystem] [http-nio-8080-exec-9] org.hibernate.SQL                        : SELECT * FROM users WHERE LOWER(TRIM(email)) = LOWER(TRIM(?))
2026-09-07T19:37:48.100+05:30 TRACE 22976 --- [FinanceManagementSystem] [http-nio-8080-exec-9] org.hibernate.orm.jdbc.bind              : binding parameter (1:VARCHAR) <- [bhavesh@gmail.com]
2026-09-07T19:37:48.104+05:30 DEBUG 22976 --- [FinanceManagementSystem] [http-nio-8080-exec-9] org.hibernate.SQL                        : select s1_0.id,s1_0.created_at,s1_0.current_quantity,s1_0.is_active,s1_0.minimum_stock_level,s1_0.public_id,s1_0.raw_material,s1_0.unit,s1_0.updated_at,s1_0.user_id,s1_0.version from stocks s1_0 where s1_0.user_id=?
2026-09-07T19:37:48.104+05:30 TRACE 22976 --- [FinanceManagementSystem] [http-nio-8080-exec-9] org.hibernate.orm.jdbc.bind              : binding parameter (1:BIGINT) <- [2]
2026-09-07T19:37:48.107+05:30 DEBUG 22976 --- [FinanceManagementSystem] [http-nio-8080-exec-9] org.hibernate.SQL                        : SELECT * FROM users WHERE LOWER(TRIM(email)) = LOWER(TRIM(?))
2026-09-07T19:37:48.107+05:30 TRACE 22976 --- [FinanceManagementSystem] [http-nio-8080-exec-9] org.hibernate.orm.jdbc.bind              : binding parameter (1:VARCHAR) <- [bhavesh@gmail.com]
2026-09-07T19:37:48.110+05:30 DEBUG 22976 --- [FinanceManagementSystem] [http-nio-8080-exec-9] org.hibernate.SQL                        : select pd1_0.id,pd1_0.created_at,pd1_0.from_date,pd1_0.net_profit,pd1_0.public_id,pd1_0.to_date,pd1_0.total_expenses,pd1_0.total_purchase_cost,pd1_0.total_revenue,pd1_0.updated_at,pd1_0.user_id from profit_distributions pd1_0 where pd1_0.user_id=? order by coalesce(pd1_0.updated_at,pd1_0.created_at) desc,pd1_0.id desc
2026-09-07T19:37:48.110+05:30 TRACE 22976 --- [FinanceManagementSystem] [http-nio-8080-exec-9] org.hibernate.orm.jdbc.bind              : binding parameter (1:BIGINT) <- [2]
2026-09-07T19:37:48.114+05:30 DEBUG 22976 --- [FinanceManagementSystem] [http-nio-8080-exec-9] org.hibernate.SQL                        : select s1_0.id,s1_0.amount,s1_0.created_at,s1_0.customer_id,s1_0.customer_invoice_number,s1_0.gst_amount,s1_0.gst_percentage,s1_0.payment_status,s1_0.public_id,s1_0.rate_per_unit,s1_0.raw_material,s1_0.sale_date,s1_0.sale_number,s1_0.total_amount,s1_0.unit,s1_0.updated_at,s1_0.user_id,s1_0.weight from sales s1_0 where s1_0.user_id=? and s1_0.sale_date between ? and ?
2026-09-07T19:37:48.114+05:30 TRACE 22976 --- [FinanceManagementSystem] [http-nio-8080-exec-9] org.hibernate.orm.jdbc.bind              : binding parameter (1:BIGINT) <- [2]
2026-09-07T19:37:48.114+05:30 TRACE 22976 --- [FinanceManagementSystem] [http-nio-8080-exec-9] org.hibernate.orm.jdbc.bind              : binding parameter (2:DATE) <- [2026-04-01]
2026-09-07T19:37:48.114+05:30 TRACE 22976 --- [FinanceManagementSystem] [http-nio-8080-exec-9] org.hibernate.orm.jdbc.bind              : binding parameter (3:DATE) <- [2026-04-30]
2026-09-07T19:37:48.118+05:30 DEBUG 22976 --- [FinanceManagementSystem] [http-nio-8080-exec-9] org.hibernate.SQL                        : select p1_0.id,p1_0.amount,p1_0.created_at,p1_0.gst_amount,p1_0.gst_percentage,p1_0.payment_status,p1_0.public_id,p1_0.purchase_date,p1_0.purchase_number,p1_0.purchase_status,p1_0.rate_per_unit,p1_0.raw_material,p1_0.supplier_id,p1_0.supplier_invoice_number,p1_0.total_amount,p1_0.unit,p1_0.updated_at,p1_0.user_id,p1_0.weight from purchases p1_0 where p1_0.user_id=? and p1_0.purchase_date between ? and ?
2026-09-07T19:37:48.118+05:30 TRACE 22976 --- [FinanceManagementSystem] [http-nio-8080-exec-9] org.hibernate.orm.jdbc.bind              : binding parameter (1:BIGINT) <- [2]
2026-09-07T19:37:48.118+05:30 TRACE 22976 --- [FinanceManagementSystem] [http-nio-8080-exec-9] org.hibernate.orm.jdbc.bind              : binding parameter (2:DATE) <- [2026-04-01]
2026-09-07T19:37:48.118+05:30 TRACE 22976 --- [FinanceManagementSystem] [http-nio-8080-exec-9] org.hibernate.orm.jdbc.bind              : binding parameter (3:DATE) <- [2026-04-30]
2026-09-07T19:37:48.121+05:30 DEBUG 22976 --- [FinanceManagementSystem] [http-nio-8080-exec-9] org.hibernate.SQL                        : select coalesce(sum(e1_0.amount),0) from expenses e1_0 where e1_0.user_id=? and e1_0.is_active=1 and (? is null or e1_0.expense_date>=?) and (? is null or e1_0.expense_date<=?)
2026-09-07T19:37:48.121+05:30 TRACE 22976 --- [FinanceManagementSystem] [http-nio-8080-exec-9] org.hibernate.orm.jdbc.bind              : binding parameter (1:BIGINT) <- [2]
2026-09-07T19:37:48.121+05:30 TRACE 22976 --- [FinanceManagementSystem] [http-nio-8080-exec-9] org.hibernate.orm.jdbc.bind              : binding parameter (2:DATE) <- [2026-04-01]
2026-09-07T19:37:48.121+05:30 TRACE 22976 --- [FinanceManagementSystem] [http-nio-8080-exec-9] org.hibernate.orm.jdbc.bind              : binding parameter (3:DATE) <- [2026-04-01]
2026-09-07T19:37:48.121+05:30 TRACE 22976 --- [FinanceManagementSystem] [http-nio-8080-exec-9] org.hibernate.orm.jdbc.bind              : binding parameter (4:DATE) <- [2026-04-30]
2026-09-07T19:37:48.121+05:30 TRACE 22976 --- [FinanceManagementSystem] [http-nio-8080-exec-9] org.hibernate.orm.jdbc.bind              : binding parameter (5:DATE) <- [2026-04-30]
2026-09-07T19:37:48.126+05:30 DEBUG 22976 --- [FinanceManagementSystem] [http-nio-8080-exec-9] org.hibernate.SQL                        : select s1_0.id,s1_0.amount,s1_0.created_at,s1_0.customer_id,s1_0.customer_invoice_number,s1_0.gst_amount,s1_0.gst_percentage,s1_0.payment_status,s1_0.public_id,s1_0.rate_per_unit,s1_0.raw_material,s1_0.sale_date,s1_0.sale_number,s1_0.total_amount,s1_0.unit,s1_0.updated_at,s1_0.user_id,s1_0.weight from sales s1_0 where s1_0.user_id=? and s1_0.sale_date between ? and ?
2026-09-07T19:37:48.126+05:30 TRACE 22976 --- [FinanceManagementSystem] [http-nio-8080-exec-9] org.hibernate.orm.jdbc.bind              : binding parameter (1:BIGINT) <- [2]
2026-09-07T19:37:48.126+05:30 TRACE 22976 --- [FinanceManagementSystem] [http-nio-8080-exec-9] org.hibernate.orm.jdbc.bind              : binding parameter (2:DATE) <- [2026-05-01]
2026-09-07T19:37:48.127+05:30 TRACE 22976 --- [FinanceManagementSystem] [http-nio-8080-exec-9] org.hibernate.orm.jdbc.bind              : binding parameter (3:DATE) <- [2026-05-31]
2026-09-07T19:37:48.130+05:30 DEBUG 22976 --- [FinanceManagementSystem] [http-nio-8080-exec-9] org.hibernate.SQL                        : select p1_0.id,p1_0.amount,p1_0.created_at,p1_0.gst_amount,p1_0.gst_percentage,p1_0.payment_status,p1_0.public_id,p1_0.purchase_date,p1_0.purchase_number,p1_0.purchase_status,p1_0.rate_per_unit,p1_0.raw_material,p1_0.supplier_id,p1_0.supplier_invoice_number,p1_0.total_amount,p1_0.unit,p1_0.updated_at,p1_0.user_id,p1_0.weight from purchases p1_0 where p1_0.user_id=? and p1_0.purchase_date between ? and ?
2026-09-07T19:37:48.130+05:30 TRACE 22976 --- [FinanceManagementSystem] [http-nio-8080-exec-9] org.hibernate.orm.jdbc.bind              : binding parameter (1:BIGINT) <- [2]
2026-09-07T19:37:48.130+05:30 TRACE 22976 --- [FinanceManagementSystem] [http-nio-8080-exec-9] org.hibernate.orm.jdbc.bind              : binding parameter (2:DATE) <- [2026-05-01]
2026-09-07T19:37:48.130+05:30 TRACE 22976 --- [FinanceManagementSystem] [http-nio-8080-exec-9] org.hibernate.orm.jdbc.bind              : binding parameter (3:DATE) <- [2026-05-31]
2026-09-07T19:37:48.132+05:30 DEBUG 22976 --- [FinanceManagementSystem] [http-nio-8080-exec-9] org.hibernate.SQL                        : select coalesce(sum(e1_0.amount),0) from expenses e1_0 where e1_0.user_id=? and e1_0.is_active=1 and (? is null or e1_0.expense_date>=?) and (? is null or e1_0.expense_date<=?)
2026-09-07T19:37:48.134+05:30 TRACE 22976 --- [FinanceManagementSystem] [http-nio-8080-exec-9] org.hibernate.orm.jdbc.bind              : binding parameter (1:BIGINT) <- [2]
2026-09-07T19:37:48.134+05:30 TRACE 22976 --- [FinanceManagementSystem] [http-nio-8080-exec-9] org.hibernate.orm.jdbc.bind              : binding parameter (2:DATE) <- [2026-05-01]
2026-09-07T19:37:48.134+05:30 TRACE 22976 --- [FinanceManagementSystem] [http-nio-8080-exec-9] org.hibernate.orm.jdbc.bind              : binding parameter (3:DATE) <- [2026-05-01]
2026-09-07T19:37:48.134+05:30 TRACE 22976 --- [FinanceManagementSystem] [http-nio-8080-exec-9] org.hibernate.orm.jdbc.bind              : binding parameter (4:DATE) <- [2026-05-31]
2026-09-07T19:37:48.134+05:30 TRACE 22976 --- [FinanceManagementSystem] [http-nio-8080-exec-9] org.hibernate.orm.jdbc.bind              : binding parameter (5:DATE) <- [2026-05-31]
2026-09-07T19:37:48.137+05:30 DEBUG 22976 --- [FinanceManagementSystem] [http-nio-8080-exec-9] org.hibernate.SQL                        : select s1_0.id,s1_0.amount,s1_0.created_at,s1_0.customer_id,s1_0.customer_invoice_number,s1_0.gst_amount,s1_0.gst_percentage,s1_0.payment_status,s1_0.public_id,s1_0.rate_per_unit,s1_0.raw_material,s1_0.sale_date,s1_0.sale_number,s1_0.total_amount,s1_0.unit,s1_0.updated_at,s1_0.user_id,s1_0.weight from sales s1_0 where s1_0.user_id=? and s1_0.sale_date between ? and ?
2026-09-07T19:37:48.138+05:30 TRACE 22976 --- [FinanceManagementSystem] [http-nio-8080-exec-9] org.hibernate.orm.jdbc.bind              : binding parameter (1:BIGINT) <- [2]
2026-09-07T19:37:48.138+05:30 TRACE 22976 --- [FinanceManagementSystem] [http-nio-8080-exec-9] org.hibernate.orm.jdbc.bind              : binding parameter (2:DATE) <- [2026-06-01]
2026-09-07T19:37:48.138+05:30 TRACE 22976 --- [FinanceManagementSystem] [http-nio-8080-exec-9] org.hibernate.orm.jdbc.bind              : binding parameter (3:DATE) <- [2026-06-30]
2026-09-07T19:37:48.141+05:30 DEBUG 22976 --- [FinanceManagementSystem] [http-nio-8080-exec-9] org.hibernate.SQL                        : select p1_0.id,p1_0.amount,p1_0.created_at,p1_0.gst_amount,p1_0.gst_percentage,p1_0.payment_status,p1_0.public_id,p1_0.purchase_date,p1_0.purchase_number,p1_0.purchase_status,p1_0.rate_per_unit,p1_0.raw_material,p1_0.supplier_id,p1_0.supplier_invoice_number,p1_0.total_amount,p1_0.unit,p1_0.updated_at,p1_0.user_id,p1_0.weight from purchases p1_0 where p1_0.user_id=? and p1_0.purchase_date between ? and ?
2026-09-07T19:37:48.142+05:30 TRACE 22976 --- [FinanceManagementSystem] [http-nio-8080-exec-9] org.hibernate.orm.jdbc.bind              : binding parameter (1:BIGINT) <- [2]
2026-09-07T19:37:48.142+05:30 TRACE 22976 --- [FinanceManagementSystem] [http-nio-8080-exec-9] org.hibernate.orm.jdbc.bind              : binding parameter (2:DATE) <- [2026-06-01]
2026-09-07T19:37:48.142+05:30 TRACE 22976 --- [FinanceManagementSystem] [http-nio-8080-exec-9] org.hibernate.orm.jdbc.bind              : binding parameter (3:DATE) <- [2026-06-30]
2026-09-07T19:37:48.145+05:30 DEBUG 22976 --- [FinanceManagementSystem] [http-nio-8080-exec-9] org.hibernate.SQL                        : select coalesce(sum(e1_0.amount),0) from expenses e1_0 where e1_0.user_id=? and e1_0.is_active=1 and (? is null or e1_0.expense_date>=?) and (? is null or e1_0.expense_date<=?)
2026-09-07T19:37:48.145+05:30 TRACE 22976 --- [FinanceManagementSystem] [http-nio-8080-exec-9] org.hibernate.orm.jdbc.bind              : binding parameter (1:BIGINT) <- [2]
2026-09-07T19:37:48.145+05:30 TRACE 22976 --- [FinanceManagementSystem] [http-nio-8080-exec-9] org.hibernate.orm.jdbc.bind              : binding parameter (2:DATE) <- [2026-06-01]
2026-09-07T19:37:48.146+05:30 TRACE 22976 --- [FinanceManagementSystem] [http-nio-8080-exec-9] org.hibernate.orm.jdbc.bind              : binding parameter (3:DATE) <- [2026-06-01]
2026-09-07T19:37:48.146+05:30 TRACE 22976 --- [FinanceManagementSystem] [http-nio-8080-exec-9] org.hibernate.orm.jdbc.bind              : binding parameter (4:DATE) <- [2026-06-30]
2026-09-07T19:37:48.146+05:30 TRACE 22976 --- [FinanceManagementSystem] [http-nio-8080-exec-9] org.hibernate.orm.jdbc.bind              : binding parameter (5:DATE) <- [2026-06-30]
2026-09-07T19:37:48.149+05:30 DEBUG 22976 --- [FinanceManagementSystem] [http-nio-8080-exec-9] org.hibernate.SQL                        : select s1_0.id,s1_0.amount,s1_0.created_at,s1_0.customer_id,s1_0.customer_invoice_number,s1_0.gst_amount,s1_0.gst_percentage,s1_0.payment_status,s1_0.public_id,s1_0.rate_per_unit,s1_0.raw_material,s1_0.sale_date,s1_0.sale_number,s1_0.total_amount,s1_0.unit,s1_0.updated_at,s1_0.user_id,s1_0.weight from sales s1_0 where s1_0.user_id=? and s1_0.sale_date between ? and ?
2026-09-07T19:37:48.149+05:30 TRACE 22976 --- [FinanceManagementSystem] [http-nio-8080-exec-9] org.hibernate.orm.jdbc.bind              : binding parameter (1:BIGINT) <- [2]
2026-09-07T19:37:48.149+05:30 TRACE 22976 --- [FinanceManagementSystem] [http-nio-8080-exec-9] org.hibernate.orm.jdbc.bind              : binding parameter (2:DATE) <- [2026-07-01]
2026-09-07T19:37:48.149+05:30 TRACE 22976 --- [FinanceManagementSystem] [http-nio-8080-exec-9] org.hibernate.orm.jdbc.bind              : binding parameter (3:DATE) <- [2026-07-31]
2026-09-07T19:37:48.153+05:30 DEBUG 22976 --- [FinanceManagementSystem] [http-nio-8080-exec-9] org.hibernate.SQL                        : select p1_0.id,p1_0.amount,p1_0.created_at,p1_0.gst_amount,p1_0.gst_percentage,p1_0.payment_status,p1_0.public_id,p1_0.purchase_date,p1_0.purchase_number,p1_0.purchase_status,p1_0.rate_per_unit,p1_0.raw_material,p1_0.supplier_id,p1_0.supplier_invoice_number,p1_0.total_amount,p1_0.unit,p1_0.updated_at,p1_0.user_id,p1_0.weight from purchases p1_0 where p1_0.user_id=? and p1_0.purchase_date between ? and ?
2026-09-07T19:37:48.153+05:30 TRACE 22976 --- [FinanceManagementSystem] [http-nio-8080-exec-9] org.hibernate.orm.jdbc.bind              : binding parameter (1:BIGINT) <- [2]
2026-09-07T19:37:48.153+05:30 TRACE 22976 --- [FinanceManagementSystem] [http-nio-8080-exec-9] org.hibernate.orm.jdbc.bind              : binding parameter (2:DATE) <- [2026-07-01]
2026-09-07T19:37:48.154+05:30 TRACE 22976 --- [FinanceManagementSystem] [http-nio-8080-exec-9] org.hibernate.orm.jdbc.bind              : binding parameter (3:DATE) <- [2026-07-31]
2026-09-07T19:37:48.156+05:30 DEBUG 22976 --- [FinanceManagementSystem] [http-nio-8080-exec-9] org.hibernate.SQL                        : select coalesce(sum(e1_0.amount),0) from expenses e1_0 where e1_0.user_id=? and e1_0.is_active=1 and (? is null or e1_0.expense_date>=?) and (? is null or e1_0.expense_date<=?)
2026-09-07T19:37:48.156+05:30 TRACE 22976 --- [FinanceManagementSystem] [http-nio-8080-exec-9] org.hibernate.orm.jdbc.bind              : binding parameter (1:BIGINT) <- [2]
2026-09-07T19:37:48.156+05:30 TRACE 22976 --- [FinanceManagementSystem] [http-nio-8080-exec-9] org.hibernate.orm.jdbc.bind              : binding parameter (2:DATE) <- [2026-07-01]
2026-09-07T19:37:48.156+05:30 TRACE 22976 --- [FinanceManagementSystem] [http-nio-8080-exec-9] org.hibernate.orm.jdbc.bind              : binding parameter (3:DATE) <- [2026-07-01]
2026-09-07T19:37:48.157+05:30 TRACE 22976 --- [FinanceManagementSystem] [http-nio-8080-exec-9] org.hibernate.orm.jdbc.bind              : binding parameter (4:DATE) <- [2026-07-31]
2026-09-07T19:37:48.157+05:30 TRACE 22976 --- [FinanceManagementSystem] [http-nio-8080-exec-9] org.hibernate.orm.jdbc.bind              : binding parameter (5:DATE) <- [2026-07-31]
2026-09-07T19:37:48.160+05:30 DEBUG 22976 --- [FinanceManagementSystem] [http-nio-8080-exec-9] org.hibernate.SQL                        : select s1_0.id,s1_0.amount,s1_0.created_at,s1_0.customer_id,s1_0.customer_invoice_number,s1_0.gst_amount,s1_0.gst_percentage,s1_0.payment_status,s1_0.public_id,s1_0.rate_per_unit,s1_0.raw_material,s1_0.sale_date,s1_0.sale_number,s1_0.total_amount,s1_0.unit,s1_0.updated_at,s1_0.user_id,s1_0.weight from sales s1_0 where s1_0.user_id=? and s1_0.sale_date between ? and ?
2026-09-07T19:37:48.160+05:30 TRACE 22976 --- [FinanceManagementSystem] [http-nio-8080-exec-9] org.hibernate.orm.jdbc.bind              : binding parameter (1:BIGINT) <- [2]
2026-09-07T19:37:48.161+05:30 TRACE 22976 --- [FinanceManagementSystem] [http-nio-8080-exec-9] org.hibernate.orm.jdbc.bind              : binding parameter (2:DATE) <- [2026-08-01]
2026-09-07T19:37:48.161+05:30 TRACE 22976 --- [FinanceManagementSystem] [http-nio-8080-exec-9] org.hibernate.orm.jdbc.bind              : binding parameter (3:DATE) <- [2026-08-31]
2026-09-07T19:37:48.164+05:30 DEBUG 22976 --- [FinanceManagementSystem] [http-nio-8080-exec-9] org.hibernate.SQL                        : select p1_0.id,p1_0.amount,p1_0.created_at,p1_0.gst_amount,p1_0.gst_percentage,p1_0.payment_status,p1_0.public_id,p1_0.purchase_date,p1_0.purchase_number,p1_0.purchase_status,p1_0.rate_per_unit,p1_0.raw_material,p1_0.supplier_id,p1_0.supplier_invoice_number,p1_0.total_amount,p1_0.unit,p1_0.updated_at,p1_0.user_id,p1_0.weight from purchases p1_0 where p1_0.user_id=? and p1_0.purchase_date between ? and ?
2026-09-07T19:37:48.164+05:30 TRACE 22976 --- [FinanceManagementSystem] [http-nio-8080-exec-9] org.hibernate.orm.jdbc.bind              : binding parameter (1:BIGINT) <- [2]
2026-09-07T19:37:48.164+05:30 TRACE 22976 --- [FinanceManagementSystem] [http-nio-8080-exec-9] org.hibernate.orm.jdbc.bind              : binding parameter (2:DATE) <- [2026-08-01]
2026-09-07T19:37:48.164+05:30 TRACE 22976 --- [FinanceManagementSystem] [http-nio-8080-exec-9] org.hibernate.orm.jdbc.bind              : binding parameter (3:DATE) <- [2026-08-31]
2026-09-07T19:37:48.166+05:30 DEBUG 22976 --- [FinanceManagementSystem] [http-nio-8080-exec-9] org.hibernate.SQL                        : select coalesce(sum(e1_0.amount),0) from expenses e1_0 where e1_0.user_id=? and e1_0.is_active=1 and (? is null or e1_0.expense_date>=?) and (? is null or e1_0.expense_date<=?)
2026-09-07T19:37:48.166+05:30 TRACE 22976 --- [FinanceManagementSystem] [http-nio-8080-exec-9] org.hibernate.orm.jdbc.bind              : binding parameter (1:BIGINT) <- [2]
2026-09-07T19:37:48.166+05:30 TRACE 22976 --- [FinanceManagementSystem] [http-nio-8080-exec-9] org.hibernate.orm.jdbc.bind              : binding parameter (2:DATE) <- [2026-08-01]
2026-09-07T19:37:48.166+05:30 TRACE 22976 --- [FinanceManagementSystem] [http-nio-8080-exec-9] org.hibernate.orm.jdbc.bind              : binding parameter (3:DATE) <- [2026-08-01]
2026-09-07T19:37:48.166+05:30 TRACE 22976 --- [FinanceManagementSystem] [http-nio-8080-exec-9] org.hibernate.orm.jdbc.bind              : binding parameter (4:DATE) <- [2026-08-31]
2026-09-07T19:37:48.166+05:30 TRACE 22976 --- [FinanceManagementSystem] [http-nio-8080-exec-9] org.hibernate.orm.jdbc.bind              : binding parameter (5:DATE) <- [2026-08-31]
2026-09-07T19:37:48.169+05:30 DEBUG 22976 --- [FinanceManagementSystem] [http-nio-8080-exec-9] org.hibernate.SQL                        : select s1_0.id,s1_0.amount,s1_0.created_at,s1_0.customer_id,s1_0.customer_invoice_number,s1_0.gst_amount,s1_0.gst_percentage,s1_0.payment_status,s1_0.public_id,s1_0.rate_per_unit,s1_0.raw_material,s1_0.sale_date,s1_0.sale_number,s1_0.total_amount,s1_0.unit,s1_0.updated_at,s1_0.user_id,s1_0.weight from sales s1_0 where s1_0.user_id=? and s1_0.sale_date between ? and ?
2026-09-07T19:37:48.169+05:30 TRACE 22976 --- [FinanceManagementSystem] [http-nio-8080-exec-9] org.hibernate.orm.jdbc.bind              : binding parameter (1:BIGINT) <- [2]
2026-09-07T19:37:48.169+05:30 TRACE 22976 --- [FinanceManagementSystem] [http-nio-8080-exec-9] org.hibernate.orm.jdbc.bind              : binding parameter (2:DATE) <- [2026-09-01]
2026-09-07T19:37:48.169+05:30 TRACE 22976 --- [FinanceManagementSystem] [http-nio-8080-exec-9] org.hibernate.orm.jdbc.bind              : binding parameter (3:DATE) <- [2026-09-30]
2026-09-07T19:37:48.171+05:30 DEBUG 22976 --- [FinanceManagementSystem] [http-nio-8080-exec-9] org.hibernate.SQL                        : select p1_0.id,p1_0.amount,p1_0.created_at,p1_0.gst_amount,p1_0.gst_percentage,p1_0.payment_status,p1_0.public_id,p1_0.purchase_date,p1_0.purchase_number,p1_0.purchase_status,p1_0.rate_per_unit,p1_0.raw_material,p1_0.supplier_id,p1_0.supplier_invoice_number,p1_0.total_amount,p1_0.unit,p1_0.updated_at,p1_0.user_id,p1_0.weight from purchases p1_0 where p1_0.user_id=? and p1_0.purchase_date between ? and ?
2026-09-07T19:37:48.172+05:30 TRACE 22976 --- [FinanceManagementSystem] [http-nio-8080-exec-9] org.hibernate.orm.jdbc.bind              : binding parameter (1:BIGINT) <- [2]
2026-09-07T19:37:48.172+05:30 TRACE 22976 --- [FinanceManagementSystem] [http-nio-8080-exec-9] org.hibernate.orm.jdbc.bind              : binding parameter (2:DATE) <- [2026-09-01]
2026-09-07T19:37:48.172+05:30 TRACE 22976 --- [FinanceManagementSystem] [http-nio-8080-exec-9] org.hibernate.orm.jdbc.bind              : binding parameter (3:DATE) <- [2026-09-30]
2026-09-07T19:37:48.174+05:30 DEBUG 22976 --- [FinanceManagementSystem] [http-nio-8080-exec-9] org.hibernate.SQL                        : select coalesce(sum(e1_0.amount),0) from expenses e1_0 where e1_0.user_id=? and e1_0.is_active=1 and (? is null or e1_0.expense_date>=?) and (? is null or e1_0.expense_date<=?)
2026-09-07T19:37:48.174+05:30 TRACE 22976 --- [FinanceManagementSystem] [http-nio-8080-exec-9] org.hibernate.orm.jdbc.bind              : binding parameter (1:BIGINT) <- [2]
2026-09-07T19:37:48.174+05:30 TRACE 22976 --- [FinanceManagementSystem] [http-nio-8080-exec-9] org.hibernate.orm.jdbc.bind              : binding parameter (2:DATE) <- [2026-09-01]
2026-09-07T19:37:48.174+05:30 TRACE 22976 --- [FinanceManagementSystem] [http-nio-8080-exec-9] org.hibernate.orm.jdbc.bind              : binding parameter (3:DATE) <- [2026-09-01]
2026-09-07T19:37:48.174+05:30 TRACE 22976 --- [FinanceManagementSystem] [http-nio-8080-exec-9] org.hibernate.orm.jdbc.bind              : binding parameter (4:DATE) <- [2026-09-30]
2026-09-07T19:37:48.174+05:30 TRACE 22976 --- [FinanceManagementSystem] [http-nio-8080-exec-9] org.hibernate.orm.jdbc.bind              : binding parameter (5:DATE) <- [2026-09-30]
2026-09-07T19:37:48.176+05:30 DEBUG 22976 --- [FinanceManagementSystem] [http-nio-8080-exec-9] org.hibernate.SQL                        : select s1_0.id,s1_0.amount,s1_0.created_at,s1_0.customer_id,s1_0.customer_invoice_number,s1_0.gst_amount,s1_0.gst_percentage,s1_0.payment_status,s1_0.public_id,s1_0.rate_per_unit,s1_0.raw_material,s1_0.sale_date,s1_0.sale_number,s1_0.total_amount,s1_0.unit,s1_0.updated_at,s1_0.user_id,s1_0.weight from sales s1_0 where s1_0.user_id=? order by s1_0.sale_date desc,s1_0.id desc limit ?
2026-09-07T19:37:48.176+05:30 TRACE 22976 --- [FinanceManagementSystem] [http-nio-8080-exec-9] org.hibernate.orm.jdbc.bind              : binding parameter (1:BIGINT) <- [2]
2026-09-07T19:37:48.176+05:30 TRACE 22976 --- [FinanceManagementSystem] [http-nio-8080-exec-9] org.hibernate.orm.jdbc.bind              : binding parameter (2:INTEGER) <- [5]
2026-09-07T19:37:48.178+05:30 DEBUG 22976 --- [FinanceManagementSystem] [http-nio-8080-exec-9] org.hibernate.SQL                        : select p1_0.id,p1_0.amount,p1_0.created_at,p1_0.gst_amount,p1_0.gst_percentage,p1_0.payment_status,p1_0.public_id,p1_0.purchase_date,p1_0.purchase_number,p1_0.purchase_status,p1_0.rate_per_unit,p1_0.raw_material,p1_0.supplier_id,p1_0.supplier_invoice_number,p1_0.total_amount,p1_0.unit,p1_0.updated_at,p1_0.user_id,p1_0.weight from purchases p1_0 where p1_0.user_id=? order by p1_0.purchase_date desc,p1_0.id desc limit ?
2026-09-07T19:37:48.179+05:30 TRACE 22976 --- [FinanceManagementSystem] [http-nio-8080-exec-9] org.hibernate.orm.jdbc.bind              : binding parameter (1:BIGINT) <- [2]
2026-09-07T19:37:48.179+05:30 TRACE 22976 --- [FinanceManagementSystem] [http-nio-8080-exec-9] org.hibernate.orm.jdbc.bind              : binding parameter (2:INTEGER) <- [5]
2026-09-07T19:37:48.181+05:30 DEBUG 22976 --- [FinanceManagementSystem] [http-nio-8080-exec-9] org.hibernate.SQL                        : select s1_0.id,a1_0.id,a1_0.address_line_1,a1_0.address_line_2,a1_0.city,a1_0.country,a1_0.created_at,a1_0.pincode,a1_0.state,a1_0.supplier_id,a1_0.updated_at,s1_0.alternate_mobile_number,s1_0.contact_person,s1_0.created_at,s1_0.email,s1_0.gst_number,s1_0.is_active,s1_0.mobile_number,s1_0.opening_balance,s1_0.payment_terms,s1_0.public_id,s1_0.supplier_name,s1_0.updated_at,s1_0.user_id from suppliers s1_0 left join supplier_address a1_0 on s1_0.id=a1_0.supplier_id where s1_0.id=?
2026-09-07T19:37:48.181+05:30 TRACE 22976 --- [FinanceManagementSystem] [http-nio-8080-exec-9] org.hibernate.orm.jdbc.bind              : binding parameter (1:BIGINT) <- [1]
2026-09-07T19:37:48.183+05:30 DEBUG 22976 --- [FinanceManagementSystem] [http-nio-8080-exec-9] org.hibernate.SQL                        : select e1_0.id,e1_0.amount,e1_0.category,e1_0.created_at,e1_0.description,e1_0.expense_date,e1_0.expense_number,e1_0.is_active,e1_0.payment_mode,e1_0.public_id,e1_0.reference_number,e1_0.remarks,e1_0.updated_at,e1_0.user_id from expenses e1_0 where e1_0.user_id=? and e1_0.is_active order by e1_0.expense_date desc limit ?
2026-09-07T19:37:48.183+05:30 TRACE 22976 --- [FinanceManagementSystem] [http-nio-8080-exec-9] org.hibernate.orm.jdbc.bind              : binding parameter (1:BIGINT) <- [2]
2026-09-07T19:37:48.183+05:30 TRACE 22976 --- [FinanceManagementSystem] [http-nio-8080-exec-9] org.hibernate.orm.jdbc.bind              : binding parameter (2:INTEGER) <- [5]
2026-09-07T19:37:48.185+05:30 DEBUG 22976 --- [FinanceManagementSystem] [http-nio-8080-exec-9] org.hibernate.SQL                        : select count(e1_0.id) from expenses e1_0 where e1_0.user_id=? and e1_0.is_active
2026-09-07T19:37:48.185+05:30 TRACE 22976 --- [FinanceManagementSystem] [http-nio-8080-exec-9] org.hibernate.orm.jdbc.bind              : binding parameter (1:BIGINT) <- [2]
2026-09-07T19:38:08.200+05:30 DEBUG 22976 --- [FinanceManagementSystem] [http-nio-8080-exec-1] org.hibernate.SQL                        : SELECT * FROM users WHERE LOWER(TRIM(email)) = LOWER(TRIM(?))
2026-09-07T19:38:08.200+05:30 TRACE 22976 --- [FinanceManagementSystem] [http-nio-8080-exec-1] org.hibernate.orm.jdbc.bind              : binding parameter (1:VARCHAR) <- [bhavesh@gmail.com]
2026-09-07T19:38:08.201+05:30 DEBUG 22976 --- [FinanceManagementSystem] [http-nio-8080-exec-1] org.hibernate.SQL                        : select ua1_0.id,ua1_0.area,ua1_0.city,ua1_0.country,ua1_0.created_at,ua1_0.house_no,ua1_0.pincode,ua1_0.society_name,ua1_0.state,ua1_0.updated_at,ua1_0.user_id from user_address ua1_0 where ua1_0.user_id=?
2026-09-07T19:38:08.201+05:30 TRACE 22976 --- [FinanceManagementSystem] [http-nio-8080-exec-1] org.hibernate.orm.jdbc.bind              : binding parameter (1:BIGINT) <- [2]
2026-09-07T19:38:08.202+05:30  INFO 22976 --- [FinanceManagementSystem] [http-nio-8080-exec-1] F.d.Security.CustomUserDetailsService    : CustomUserDetailsService - User loaded successfully: bhavesh@gmail.com
2026-09-07T19:38:08.206+05:30  INFO 22976 --- [FinanceManagementSystem] [http-nio-8080-exec-1] F.demo.Security.JwtUtil                  : JwtUtil - JWT token validation successful for user: bhavesh@gmail.com
2026-09-07T19:38:08.206+05:30  INFO 22976 --- [FinanceManagementSystem] [http-nio-8080-exec-1] F.demo.Security.JwtFilter                : JwtFilter - JWT validated successfully for user: bhavesh@gmail.com
2026-09-07T19:38:08.207+05:30  INFO 22976 --- [FinanceManagementSystem] [http-nio-8080-exec-1] F.demo.Controller.DashboardController    : CONTROLLER - request came in getDashboardSummary...
2026-09-07T19:38:08.208+05:30  INFO 22976 --- [FinanceManagementSystem] [http-nio-8080-exec-1] F.d.S.Implementations.DashboardService   : SERVICE - request came in getDashboardSummary...
2026-09-07T19:38:08.209+05:30 DEBUG 22976 --- [FinanceManagementSystem] [http-nio-8080-exec-1] org.hibernate.SQL                        : SELECT * FROM users WHERE LOWER(TRIM(email)) = LOWER(TRIM(?))
2026-09-07T19:38:08.209+05:30 TRACE 22976 --- [FinanceManagementSystem] [http-nio-8080-exec-1] org.hibernate.orm.jdbc.bind              : binding parameter (1:VARCHAR) <- [bhavesh@gmail.com]
2026-09-07T19:38:08.210+05:30 DEBUG 22976 --- [FinanceManagementSystem] [http-nio-8080-exec-1] org.hibernate.SQL                        : select ua1_0.id,ua1_0.area,ua1_0.city,ua1_0.country,ua1_0.created_at,ua1_0.house_no,ua1_0.pincode,ua1_0.society_name,ua1_0.state,ua1_0.updated_at,ua1_0.user_id from user_address ua1_0 where ua1_0.user_id=?
2026-09-07T19:38:08.210+05:30 TRACE 22976 --- [FinanceManagementSystem] [http-nio-8080-exec-1] org.hibernate.orm.jdbc.bind              : binding parameter (1:BIGINT) <- [2]
2026-09-07T19:38:08.211+05:30  INFO 22976 --- [FinanceManagementSystem] [http-nio-8080-exec-1] F.d.S.I.PurchasePaymentService           : SERVICE - request came in getTotalOutstandingAmount...
2026-09-07T19:38:08.211+05:30 DEBUG 22976 --- [FinanceManagementSystem] [http-nio-8080-exec-1] org.hibernate.SQL                        : SELECT * FROM users WHERE LOWER(TRIM(email)) = LOWER(TRIM(?))
2026-09-07T19:38:08.212+05:30 TRACE 22976 --- [FinanceManagementSystem] [http-nio-8080-exec-1] org.hibernate.orm.jdbc.bind              : binding parameter (1:VARCHAR) <- [bhavesh@gmail.com]
2026-09-07T19:38:08.213+05:30 DEBUG 22976 --- [FinanceManagementSystem] [http-nio-8080-exec-1] org.hibernate.SQL                        : select p1_0.id,p1_0.amount,p1_0.created_at,p1_0.gst_amount,p1_0.gst_percentage,p1_0.payment_status,p1_0.public_id,p1_0.purchase_date,p1_0.purchase_number,p1_0.purchase_status,p1_0.rate_per_unit,p1_0.raw_material,p1_0.supplier_id,p1_0.supplier_invoice_number,p1_0.total_amount,p1_0.unit,p1_0.updated_at,p1_0.user_id,p1_0.weight from purchases p1_0 where p1_0.user_id=? and p1_0.payment_status in (?,?)
2026-09-07T19:38:08.214+05:30 TRACE 22976 --- [FinanceManagementSystem] [http-nio-8080-exec-1] org.hibernate.orm.jdbc.bind              : binding parameter (1:BIGINT) <- [2]
2026-09-07T19:38:08.214+05:30 TRACE 22976 --- [FinanceManagementSystem] [http-nio-8080-exec-1] org.hibernate.orm.jdbc.bind              : binding parameter (2:ENUM) <- [PENDING]
2026-09-07T19:38:08.214+05:30 TRACE 22976 --- [FinanceManagementSystem] [http-nio-8080-exec-1] org.hibernate.orm.jdbc.bind              : binding parameter (3:ENUM) <- [PARTIALLY_PAID]
2026-09-07T19:38:08.215+05:30  INFO 22976 --- [FinanceManagementSystem] [http-nio-8080-exec-1] F.d.S.I.SalePaymentService               : SERVICE - request came in getTotalReceivableAmount...
2026-09-07T19:38:08.215+05:30 DEBUG 22976 --- [FinanceManagementSystem] [http-nio-8080-exec-1] org.hibernate.SQL                        : SELECT * FROM users WHERE LOWER(TRIM(email)) = LOWER(TRIM(?))
2026-09-07T19:38:08.215+05:30 TRACE 22976 --- [FinanceManagementSystem] [http-nio-8080-exec-1] org.hibernate.orm.jdbc.bind              : binding parameter (1:VARCHAR) <- [bhavesh@gmail.com]
2026-09-07T19:38:08.217+05:30 DEBUG 22976 --- [FinanceManagementSystem] [http-nio-8080-exec-1] org.hibernate.SQL                        : select s1_0.id,s1_0.amount,s1_0.created_at,s1_0.customer_id,s1_0.customer_invoice_number,s1_0.gst_amount,s1_0.gst_percentage,s1_0.payment_status,s1_0.public_id,s1_0.rate_per_unit,s1_0.raw_material,s1_0.sale_date,s1_0.sale_number,s1_0.total_amount,s1_0.unit,s1_0.updated_at,s1_0.user_id,s1_0.weight from sales s1_0 where s1_0.user_id=? and s1_0.payment_status in (?,?)
2026-09-07T19:38:08.217+05:30 TRACE 22976 --- [FinanceManagementSystem] [http-nio-8080-exec-1] org.hibernate.orm.jdbc.bind              : binding parameter (1:BIGINT) <- [2]
2026-09-07T19:38:08.217+05:30 TRACE 22976 --- [FinanceManagementSystem] [http-nio-8080-exec-1] org.hibernate.orm.jdbc.bind              : binding parameter (2:ENUM) <- [PENDING]
2026-09-07T19:38:08.217+05:30 TRACE 22976 --- [FinanceManagementSystem] [http-nio-8080-exec-1] org.hibernate.orm.jdbc.bind              : binding parameter (3:ENUM) <- [PARTIALLY_PAID]
2026-09-07T19:38:08.219+05:30 DEBUG 22976 --- [FinanceManagementSystem] [http-nio-8080-exec-1] org.hibernate.SQL                        : select coalesce(sum(sp1_0.amount_received),0) from sale_payments sp1_0 where sp1_0.user_id=?
2026-09-07T19:38:08.219+05:30 TRACE 22976 --- [FinanceManagementSystem] [http-nio-8080-exec-1] org.hibernate.orm.jdbc.bind              : binding parameter (1:BIGINT) <- [2]
2026-09-07T19:38:08.220+05:30 DEBUG 22976 --- [FinanceManagementSystem] [http-nio-8080-exec-1] org.hibernate.SQL                        : select coalesce(sum(pp1_0.amount_paid),0) from purchase_payments pp1_0 where pp1_0.user_id=?
2026-09-07T19:38:08.220+05:30 TRACE 22976 --- [FinanceManagementSystem] [http-nio-8080-exec-1] org.hibernate.orm.jdbc.bind              : binding parameter (1:BIGINT) <- [2]
2026-09-07T19:38:08.221+05:30 DEBUG 22976 --- [FinanceManagementSystem] [http-nio-8080-exec-1] org.hibernate.SQL                        : select coalesce(sum(e1_0.amount),0) from expenses e1_0 where e1_0.user_id=? and e1_0.is_active=1 and (? is null or e1_0.expense_date>=?) and (? is null or e1_0.expense_date<=?)
2026-09-07T19:38:08.221+05:30 TRACE 22976 --- [FinanceManagementSystem] [http-nio-8080-exec-1] org.hibernate.orm.jdbc.bind              : binding parameter (1:BIGINT) <- [2]
2026-09-07T19:38:08.221+05:30 TRACE 22976 --- [FinanceManagementSystem] [http-nio-8080-exec-1] org.hibernate.orm.jdbc.bind              : binding parameter (2:DATE) <- [null]
2026-09-07T19:38:08.221+05:30 TRACE 22976 --- [FinanceManagementSystem] [http-nio-8080-exec-1] org.hibernate.orm.jdbc.bind              : binding parameter (3:DATE) <- [null]
2026-09-07T19:38:08.221+05:30 TRACE 22976 --- [FinanceManagementSystem] [http-nio-8080-exec-1] org.hibernate.orm.jdbc.bind              : binding parameter (4:DATE) <- [null]
2026-09-07T19:38:08.221+05:30 TRACE 22976 --- [FinanceManagementSystem] [http-nio-8080-exec-1] org.hibernate.orm.jdbc.bind              : binding parameter (5:DATE) <- [null]
2026-09-07T19:38:08.222+05:30 DEBUG 22976 --- [FinanceManagementSystem] [http-nio-8080-exec-1] org.hibernate.SQL                        : select coalesce(sum(ppw1_0.amount),0) from partner_profit_withdrawals ppw1_0 where ppw1_0.user_id=?
2026-09-07T19:38:08.222+05:30 TRACE 22976 --- [FinanceManagementSystem] [http-nio-8080-exec-1] org.hibernate.orm.jdbc.bind              : binding parameter (1:BIGINT) <- [2]
2026-09-07T19:38:08.223+05:30  INFO 22976 --- [FinanceManagementSystem] [http-nio-8080-exec-1] F.d.S.Implementations.ExpenseService     : SERVICE - request came in getTotalExpenses...
2026-09-07T19:38:08.224+05:30 DEBUG 22976 --- [FinanceManagementSystem] [http-nio-8080-exec-1] org.hibernate.SQL                        : SELECT * FROM users WHERE LOWER(TRIM(email)) = LOWER(TRIM(?))
2026-09-07T19:38:08.224+05:30 TRACE 22976 --- [FinanceManagementSystem] [http-nio-8080-exec-1] org.hibernate.orm.jdbc.bind              : binding parameter (1:VARCHAR) <- [bhavesh@gmail.com]
2026-09-07T19:38:08.225+05:30 DEBUG 22976 --- [FinanceManagementSystem] [http-nio-8080-exec-1] org.hibernate.SQL                        : select coalesce(sum(e1_0.amount),0) from expenses e1_0 where e1_0.user_id=? and e1_0.is_active=1 and (? is null or e1_0.expense_date>=?) and (? is null or e1_0.expense_date<=?)
2026-09-07T19:38:08.225+05:30 TRACE 22976 --- [FinanceManagementSystem] [http-nio-8080-exec-1] org.hibernate.orm.jdbc.bind              : binding parameter (1:BIGINT) <- [2]
2026-09-07T19:38:08.225+05:30 TRACE 22976 --- [FinanceManagementSystem] [http-nio-8080-exec-1] org.hibernate.orm.jdbc.bind              : binding parameter (2:DATE) <- [2026-09-01]
2026-09-07T19:38:08.225+05:30 TRACE 22976 --- [FinanceManagementSystem] [http-nio-8080-exec-1] org.hibernate.orm.jdbc.bind              : binding parameter (3:DATE) <- [2026-09-01]
2026-09-07T19:38:08.225+05:30 TRACE 22976 --- [FinanceManagementSystem] [http-nio-8080-exec-1] org.hibernate.orm.jdbc.bind              : binding parameter (4:DATE) <- [2026-09-07]
2026-09-07T19:38:08.225+05:30 TRACE 22976 --- [FinanceManagementSystem] [http-nio-8080-exec-1] org.hibernate.orm.jdbc.bind              : binding parameter (5:DATE) <- [2026-09-07]
2026-09-07T19:38:08.227+05:30  INFO 22976 --- [FinanceManagementSystem] [http-nio-8080-exec-1] F.d.S.Implementations.StockService       : SERVICE - request came in getLowStockList...
2026-09-07T19:38:08.227+05:30 DEBUG 22976 --- [FinanceManagementSystem] [http-nio-8080-exec-1] org.hibernate.SQL                        : SELECT * FROM users WHERE LOWER(TRIM(email)) = LOWER(TRIM(?))
2026-09-07T19:38:08.227+05:30 TRACE 22976 --- [FinanceManagementSystem] [http-nio-8080-exec-1] org.hibernate.orm.jdbc.bind              : binding parameter (1:VARCHAR) <- [bhavesh@gmail.com]
2026-09-07T19:38:08.229+05:30 DEBUG 22976 --- [FinanceManagementSystem] [http-nio-8080-exec-1] org.hibernate.SQL                        : select s1_0.id,s1_0.created_at,s1_0.current_quantity,s1_0.is_active,s1_0.minimum_stock_level,s1_0.public_id,s1_0.raw_material,s1_0.unit,s1_0.updated_at,s1_0.user_id,s1_0.version from stocks s1_0 where s1_0.user_id=?
2026-09-07T19:38:08.229+05:30 TRACE 22976 --- [FinanceManagementSystem] [http-nio-8080-exec-1] org.hibernate.orm.jdbc.bind              : binding parameter (1:BIGINT) <- [2]
2026-09-07T19:38:08.230+05:30 DEBUG 22976 --- [FinanceManagementSystem] [http-nio-8080-exec-1] org.hibernate.SQL                        : SELECT * FROM users WHERE LOWER(TRIM(email)) = LOWER(TRIM(?))
2026-09-07T19:38:08.230+05:30 TRACE 22976 --- [FinanceManagementSystem] [http-nio-8080-exec-1] org.hibernate.orm.jdbc.bind              : binding parameter (1:VARCHAR) <- [bhavesh@gmail.com]
2026-09-07T19:38:08.231+05:30 DEBUG 22976 --- [FinanceManagementSystem] [http-nio-8080-exec-1] org.hibernate.SQL                        : select pd1_0.id,pd1_0.created_at,pd1_0.from_date,pd1_0.net_profit,pd1_0.public_id,pd1_0.to_date,pd1_0.total_expenses,pd1_0.total_purchase_cost,pd1_0.total_revenue,pd1_0.updated_at,pd1_0.user_id from profit_distributions pd1_0 where pd1_0.user_id=? order by coalesce(pd1_0.updated_at,pd1_0.created_at) desc,pd1_0.id desc
2026-09-07T19:38:08.232+05:30 TRACE 22976 --- [FinanceManagementSystem] [http-nio-8080-exec-1] org.hibernate.orm.jdbc.bind              : binding parameter (1:BIGINT) <- [2]
2026-09-07T19:38:08.233+05:30 DEBUG 22976 --- [FinanceManagementSystem] [http-nio-8080-exec-1] org.hibernate.SQL                        : select s1_0.id,s1_0.amount,s1_0.created_at,s1_0.customer_id,s1_0.customer_invoice_number,s1_0.gst_amount,s1_0.gst_percentage,s1_0.payment_status,s1_0.public_id,s1_0.rate_per_unit,s1_0.raw_material,s1_0.sale_date,s1_0.sale_number,s1_0.total_amount,s1_0.unit,s1_0.updated_at,s1_0.user_id,s1_0.weight from sales s1_0 where s1_0.user_id=? and s1_0.sale_date between ? and ?
2026-09-07T19:38:08.233+05:30 TRACE 22976 --- [FinanceManagementSystem] [http-nio-8080-exec-1] org.hibernate.orm.jdbc.bind              : binding parameter (1:BIGINT) <- [2]
2026-09-07T19:38:08.233+05:30 TRACE 22976 --- [FinanceManagementSystem] [http-nio-8080-exec-1] org.hibernate.orm.jdbc.bind              : binding parameter (2:DATE) <- [2026-04-01]
2026-09-07T19:38:08.233+05:30 TRACE 22976 --- [FinanceManagementSystem] [http-nio-8080-exec-1] org.hibernate.orm.jdbc.bind              : binding parameter (3:DATE) <- [2026-04-30]
2026-09-07T19:38:08.235+05:30 DEBUG 22976 --- [FinanceManagementSystem] [http-nio-8080-exec-1] org.hibernate.SQL                        : select p1_0.id,p1_0.amount,p1_0.created_at,p1_0.gst_amount,p1_0.gst_percentage,p1_0.payment_status,p1_0.public_id,p1_0.purchase_date,p1_0.purchase_number,p1_0.purchase_status,p1_0.rate_per_unit,p1_0.raw_material,p1_0.supplier_id,p1_0.supplier_invoice_number,p1_0.total_amount,p1_0.unit,p1_0.updated_at,p1_0.user_id,p1_0.weight from purchases p1_0 where p1_0.user_id=? and p1_0.purchase_date between ? and ?
2026-09-07T19:38:08.235+05:30 TRACE 22976 --- [FinanceManagementSystem] [http-nio-8080-exec-1] org.hibernate.orm.jdbc.bind              : binding parameter (1:BIGINT) <- [2]
2026-09-07T19:38:08.235+05:30 TRACE 22976 --- [FinanceManagementSystem] [http-nio-8080-exec-1] org.hibernate.orm.jdbc.bind              : binding parameter (2:DATE) <- [2026-04-01]
2026-09-07T19:38:08.235+05:30 TRACE 22976 --- [FinanceManagementSystem] [http-nio-8080-exec-1] org.hibernate.orm.jdbc.bind              : binding parameter (3:DATE) <- [2026-04-30]
2026-09-07T19:38:08.236+05:30 DEBUG 22976 --- [FinanceManagementSystem] [http-nio-8080-exec-1] org.hibernate.SQL                        : select coalesce(sum(e1_0.amount),0) from expenses e1_0 where e1_0.user_id=? and e1_0.is_active=1 and (? is null or e1_0.expense_date>=?) and (? is null or e1_0.expense_date<=?)
2026-09-07T19:38:08.236+05:30 TRACE 22976 --- [FinanceManagementSystem] [http-nio-8080-exec-1] org.hibernate.orm.jdbc.bind              : binding parameter (1:BIGINT) <- [2]
2026-09-07T19:38:08.236+05:30 TRACE 22976 --- [FinanceManagementSystem] [http-nio-8080-exec-1] org.hibernate.orm.jdbc.bind              : binding parameter (2:DATE) <- [2026-04-01]
2026-09-07T19:38:08.236+05:30 TRACE 22976 --- [FinanceManagementSystem] [http-nio-8080-exec-1] org.hibernate.orm.jdbc.bind              : binding parameter (3:DATE) <- [2026-04-01]
2026-09-07T19:38:08.236+05:30 TRACE 22976 --- [FinanceManagementSystem] [http-nio-8080-exec-1] org.hibernate.orm.jdbc.bind              : binding parameter (4:DATE) <- [2026-04-30]
2026-09-07T19:38:08.237+05:30 TRACE 22976 --- [FinanceManagementSystem] [http-nio-8080-exec-1] org.hibernate.orm.jdbc.bind              : binding parameter (5:DATE) <- [2026-04-30]
2026-09-07T19:38:08.238+05:30 DEBUG 22976 --- [FinanceManagementSystem] [http-nio-8080-exec-1] org.hibernate.SQL                        : select s1_0.id,s1_0.amount,s1_0.created_at,s1_0.customer_id,s1_0.customer_invoice_number,s1_0.gst_amount,s1_0.gst_percentage,s1_0.payment_status,s1_0.public_id,s1_0.rate_per_unit,s1_0.raw_material,s1_0.sale_date,s1_0.sale_number,s1_0.total_amount,s1_0.unit,s1_0.updated_at,s1_0.user_id,s1_0.weight from sales s1_0 where s1_0.user_id=? and s1_0.sale_date between ? and ?
2026-09-07T19:38:08.238+05:30 TRACE 22976 --- [FinanceManagementSystem] [http-nio-8080-exec-1] org.hibernate.orm.jdbc.bind              : binding parameter (1:BIGINT) <- [2]
2026-09-07T19:38:08.238+05:30 TRACE 22976 --- [FinanceManagementSystem] [http-nio-8080-exec-1] org.hibernate.orm.jdbc.bind              : binding parameter (2:DATE) <- [2026-05-01]
2026-09-07T19:38:08.238+05:30 TRACE 22976 --- [FinanceManagementSystem] [http-nio-8080-exec-1] org.hibernate.orm.jdbc.bind              : binding parameter (3:DATE) <- [2026-05-31]
2026-09-07T19:38:08.240+05:30 DEBUG 22976 --- [FinanceManagementSystem] [http-nio-8080-exec-1] org.hibernate.SQL                        : select p1_0.id,p1_0.amount,p1_0.created_at,p1_0.gst_amount,p1_0.gst_percentage,p1_0.payment_status,p1_0.public_id,p1_0.purchase_date,p1_0.purchase_number,p1_0.purchase_status,p1_0.rate_per_unit,p1_0.raw_material,p1_0.supplier_id,p1_0.supplier_invoice_number,p1_0.total_amount,p1_0.unit,p1_0.updated_at,p1_0.user_id,p1_0.weight from purchases p1_0 where p1_0.user_id=? and p1_0.purchase_date between ? and ?
2026-09-07T19:38:08.240+05:30 TRACE 22976 --- [FinanceManagementSystem] [http-nio-8080-exec-1] org.hibernate.orm.jdbc.bind              : binding parameter (1:BIGINT) <- [2]
2026-09-07T19:38:08.240+05:30 TRACE 22976 --- [FinanceManagementSystem] [http-nio-8080-exec-1] org.hibernate.orm.jdbc.bind              : binding parameter (2:DATE) <- [2026-05-01]
2026-09-07T19:38:08.240+05:30 TRACE 22976 --- [FinanceManagementSystem] [http-nio-8080-exec-1] org.hibernate.orm.jdbc.bind              : binding parameter (3:DATE) <- [2026-05-31]
2026-09-07T19:38:08.241+05:30 DEBUG 22976 --- [FinanceManagementSystem] [http-nio-8080-exec-1] org.hibernate.SQL                        : select coalesce(sum(e1_0.amount),0) from expenses e1_0 where e1_0.user_id=? and e1_0.is_active=1 and (? is null or e1_0.expense_date>=?) and (? is null or e1_0.expense_date<=?)
2026-09-07T19:38:08.241+05:30 TRACE 22976 --- [FinanceManagementSystem] [http-nio-8080-exec-1] org.hibernate.orm.jdbc.bind              : binding parameter (1:BIGINT) <- [2]
2026-09-07T19:38:08.241+05:30 TRACE 22976 --- [FinanceManagementSystem] [http-nio-8080-exec-1] org.hibernate.orm.jdbc.bind              : binding parameter (2:DATE) <- [2026-05-01]
2026-09-07T19:38:08.241+05:30 TRACE 22976 --- [FinanceManagementSystem] [http-nio-8080-exec-1] org.hibernate.orm.jdbc.bind              : binding parameter (3:DATE) <- [2026-05-01]
2026-09-07T19:38:08.241+05:30 TRACE 22976 --- [FinanceManagementSystem] [http-nio-8080-exec-1] org.hibernate.orm.jdbc.bind              : binding parameter (4:DATE) <- [2026-05-31]
2026-09-07T19:38:08.242+05:30 TRACE 22976 --- [FinanceManagementSystem] [http-nio-8080-exec-1] org.hibernate.orm.jdbc.bind              : binding parameter (5:DATE) <- [2026-05-31]
2026-09-07T19:38:08.243+05:30 DEBUG 22976 --- [FinanceManagementSystem] [http-nio-8080-exec-1] org.hibernate.SQL                        : select s1_0.id,s1_0.amount,s1_0.created_at,s1_0.customer_id,s1_0.customer_invoice_number,s1_0.gst_amount,s1_0.gst_percentage,s1_0.payment_status,s1_0.public_id,s1_0.rate_per_unit,s1_0.raw_material,s1_0.sale_date,s1_0.sale_number,s1_0.total_amount,s1_0.unit,s1_0.updated_at,s1_0.user_id,s1_0.weight from sales s1_0 where s1_0.user_id=? and s1_0.sale_date between ? and ?
2026-09-07T19:38:08.243+05:30 TRACE 22976 --- [FinanceManagementSystem] [http-nio-8080-exec-1] org.hibernate.orm.jdbc.bind              : binding parameter (1:BIGINT) <- [2]
2026-09-07T19:38:08.243+05:30 TRACE 22976 --- [FinanceManagementSystem] [http-nio-8080-exec-1] org.hibernate.orm.jdbc.bind              : binding parameter (2:DATE) <- [2026-06-01]
2026-09-07T19:38:08.243+05:30 TRACE 22976 --- [FinanceManagementSystem] [http-nio-8080-exec-1] org.hibernate.orm.jdbc.bind              : binding parameter (3:DATE) <- [2026-06-30]
2026-09-07T19:38:08.245+05:30 DEBUG 22976 --- [FinanceManagementSystem] [http-nio-8080-exec-1] org.hibernate.SQL                        : select p1_0.id,p1_0.amount,p1_0.created_at,p1_0.gst_amount,p1_0.gst_percentage,p1_0.payment_status,p1_0.public_id,p1_0.purchase_date,p1_0.purchase_number,p1_0.purchase_status,p1_0.rate_per_unit,p1_0.raw_material,p1_0.supplier_id,p1_0.supplier_invoice_number,p1_0.total_amount,p1_0.unit,p1_0.updated_at,p1_0.user_id,p1_0.weight from purchases p1_0 where p1_0.user_id=? and p1_0.purchase_date between ? and ?
2026-09-07T19:38:08.245+05:30 TRACE 22976 --- [FinanceManagementSystem] [http-nio-8080-exec-1] org.hibernate.orm.jdbc.bind              : binding parameter (1:BIGINT) <- [2]
2026-09-07T19:38:08.245+05:30 TRACE 22976 --- [FinanceManagementSystem] [http-nio-8080-exec-1] org.hibernate.orm.jdbc.bind              : binding parameter (2:DATE) <- [2026-06-01]
2026-09-07T19:38:08.245+05:30 TRACE 22976 --- [FinanceManagementSystem] [http-nio-8080-exec-1] org.hibernate.orm.jdbc.bind              : binding parameter (3:DATE) <- [2026-06-30]
2026-09-07T19:38:08.246+05:30 DEBUG 22976 --- [FinanceManagementSystem] [http-nio-8080-exec-1] org.hibernate.SQL                        : select coalesce(sum(e1_0.amount),0) from expenses e1_0 where e1_0.user_id=? and e1_0.is_active=1 and (? is null or e1_0.expense_date>=?) and (? is null or e1_0.expense_date<=?)
2026-09-07T19:38:08.246+05:30 TRACE 22976 --- [FinanceManagementSystem] [http-nio-8080-exec-1] org.hibernate.orm.jdbc.bind              : binding parameter (1:BIGINT) <- [2]
2026-09-07T19:38:08.246+05:30 TRACE 22976 --- [FinanceManagementSystem] [http-nio-8080-exec-1] org.hibernate.orm.jdbc.bind              : binding parameter (2:DATE) <- [2026-06-01]
2026-09-07T19:38:08.246+05:30 TRACE 22976 --- [FinanceManagementSystem] [http-nio-8080-exec-1] org.hibernate.orm.jdbc.bind              : binding parameter (3:DATE) <- [2026-06-01]
2026-09-07T19:38:08.246+05:30 TRACE 22976 --- [FinanceManagementSystem] [http-nio-8080-exec-1] org.hibernate.orm.jdbc.bind              : binding parameter (4:DATE) <- [2026-06-30]
2026-09-07T19:38:08.246+05:30 TRACE 22976 --- [FinanceManagementSystem] [http-nio-8080-exec-1] org.hibernate.orm.jdbc.bind              : binding parameter (5:DATE) <- [2026-06-30]
2026-09-07T19:38:08.248+05:30 DEBUG 22976 --- [FinanceManagementSystem] [http-nio-8080-exec-1] org.hibernate.SQL                        : select s1_0.id,s1_0.amount,s1_0.created_at,s1_0.customer_id,s1_0.customer_invoice_number,s1_0.gst_amount,s1_0.gst_percentage,s1_0.payment_status,s1_0.public_id,s1_0.rate_per_unit,s1_0.raw_material,s1_0.sale_date,s1_0.sale_number,s1_0.total_amount,s1_0.unit,s1_0.updated_at,s1_0.user_id,s1_0.weight from sales s1_0 where s1_0.user_id=? and s1_0.sale_date between ? and ?
2026-09-07T19:38:08.248+05:30 TRACE 22976 --- [FinanceManagementSystem] [http-nio-8080-exec-1] org.hibernate.orm.jdbc.bind              : binding parameter (1:BIGINT) <- [2]
2026-09-07T19:38:08.248+05:30 TRACE 22976 --- [FinanceManagementSystem] [http-nio-8080-exec-1] org.hibernate.orm.jdbc.bind              : binding parameter (2:DATE) <- [2026-07-01]
2026-09-07T19:38:08.248+05:30 TRACE 22976 --- [FinanceManagementSystem] [http-nio-8080-exec-1] org.hibernate.orm.jdbc.bind              : binding parameter (3:DATE) <- [2026-07-31]
2026-09-07T19:38:08.249+05:30 DEBUG 22976 --- [FinanceManagementSystem] [http-nio-8080-exec-1] org.hibernate.SQL                        : select p1_0.id,p1_0.amount,p1_0.created_at,p1_0.gst_amount,p1_0.gst_percentage,p1_0.payment_status,p1_0.public_id,p1_0.purchase_date,p1_0.purchase_number,p1_0.purchase_status,p1_0.rate_per_unit,p1_0.raw_material,p1_0.supplier_id,p1_0.supplier_invoice_number,p1_0.total_amount,p1_0.unit,p1_0.updated_at,p1_0.user_id,p1_0.weight from purchases p1_0 where p1_0.user_id=? and p1_0.purchase_date between ? and ?
2026-09-07T19:38:08.249+05:30 TRACE 22976 --- [FinanceManagementSystem] [http-nio-8080-exec-1] org.hibernate.orm.jdbc.bind              : binding parameter (1:BIGINT) <- [2]
2026-09-07T19:38:08.250+05:30 TRACE 22976 --- [FinanceManagementSystem] [http-nio-8080-exec-1] org.hibernate.orm.jdbc.bind              : binding parameter (2:DATE) <- [2026-07-01]
2026-09-07T19:38:08.250+05:30 TRACE 22976 --- [FinanceManagementSystem] [http-nio-8080-exec-1] org.hibernate.orm.jdbc.bind              : binding parameter (3:DATE) <- [2026-07-31]
2026-09-07T19:38:08.251+05:30 DEBUG 22976 --- [FinanceManagementSystem] [http-nio-8080-exec-1] org.hibernate.SQL                        : select coalesce(sum(e1_0.amount),0) from expenses e1_0 where e1_0.user_id=? and e1_0.is_active=1 and (? is null or e1_0.expense_date>=?) and (? is null or e1_0.expense_date<=?)
2026-09-07T19:38:08.251+05:30 TRACE 22976 --- [FinanceManagementSystem] [http-nio-8080-exec-1] org.hibernate.orm.jdbc.bind              : binding parameter (1:BIGINT) <- [2]
2026-09-07T19:38:08.251+05:30 TRACE 22976 --- [FinanceManagementSystem] [http-nio-8080-exec-1] org.hibernate.orm.jdbc.bind              : binding parameter (2:DATE) <- [2026-07-01]
2026-09-07T19:38:08.251+05:30 TRACE 22976 --- [FinanceManagementSystem] [http-nio-8080-exec-1] org.hibernate.orm.jdbc.bind              : binding parameter (3:DATE) <- [2026-07-01]
2026-09-07T19:38:08.251+05:30 TRACE 22976 --- [FinanceManagementSystem] [http-nio-8080-exec-1] org.hibernate.orm.jdbc.bind              : binding parameter (4:DATE) <- [2026-07-31]
2026-09-07T19:38:08.251+05:30 TRACE 22976 --- [FinanceManagementSystem] [http-nio-8080-exec-1] org.hibernate.orm.jdbc.bind              : binding parameter (5:DATE) <- [2026-07-31]
2026-09-07T19:38:08.252+05:30 DEBUG 22976 --- [FinanceManagementSystem] [http-nio-8080-exec-1] org.hibernate.SQL                        : select s1_0.id,s1_0.amount,s1_0.created_at,s1_0.customer_id,s1_0.customer_invoice_number,s1_0.gst_amount,s1_0.gst_percentage,s1_0.payment_status,s1_0.public_id,s1_0.rate_per_unit,s1_0.raw_material,s1_0.sale_date,s1_0.sale_number,s1_0.total_amount,s1_0.unit,s1_0.updated_at,s1_0.user_id,s1_0.weight from sales s1_0 where s1_0.user_id=? and s1_0.sale_date between ? and ?
2026-09-07T19:38:08.253+05:30 TRACE 22976 --- [FinanceManagementSystem] [http-nio-8080-exec-1] org.hibernate.orm.jdbc.bind              : binding parameter (1:BIGINT) <- [2]
2026-09-07T19:38:08.253+05:30 TRACE 22976 --- [FinanceManagementSystem] [http-nio-8080-exec-1] org.hibernate.orm.jdbc.bind              : binding parameter (2:DATE) <- [2026-08-01]
2026-09-07T19:38:08.253+05:30 TRACE 22976 --- [FinanceManagementSystem] [http-nio-8080-exec-1] org.hibernate.orm.jdbc.bind              : binding parameter (3:DATE) <- [2026-08-31]
2026-09-07T19:38:08.254+05:30 DEBUG 22976 --- [FinanceManagementSystem] [http-nio-8080-exec-1] org.hibernate.SQL                        : select p1_0.id,p1_0.amount,p1_0.created_at,p1_0.gst_amount,p1_0.gst_percentage,p1_0.payment_status,p1_0.public_id,p1_0.purchase_date,p1_0.purchase_number,p1_0.purchase_status,p1_0.rate_per_unit,p1_0.raw_material,p1_0.supplier_id,p1_0.supplier_invoice_number,p1_0.total_amount,p1_0.unit,p1_0.updated_at,p1_0.user_id,p1_0.weight from purchases p1_0 where p1_0.user_id=? and p1_0.purchase_date between ? and ?
2026-09-07T19:38:08.255+05:30 TRACE 22976 --- [FinanceManagementSystem] [http-nio-8080-exec-1] org.hibernate.orm.jdbc.bind              : binding parameter (1:BIGINT) <- [2]
2026-09-07T19:38:08.255+05:30 TRACE 22976 --- [FinanceManagementSystem] [http-nio-8080-exec-1] org.hibernate.orm.jdbc.bind              : binding parameter (2:DATE) <- [2026-08-01]
2026-09-07T19:38:08.255+05:30 TRACE 22976 --- [FinanceManagementSystem] [http-nio-8080-exec-1] org.hibernate.orm.jdbc.bind              : binding parameter (3:DATE) <- [2026-08-31]
2026-09-07T19:38:08.256+05:30 DEBUG 22976 --- [FinanceManagementSystem] [http-nio-8080-exec-1] org.hibernate.SQL                        : select coalesce(sum(e1_0.amount),0) from expenses e1_0 where e1_0.user_id=? and e1_0.is_active=1 and (? is null or e1_0.expense_date>=?) and (? is null or e1_0.expense_date<=?)
2026-09-07T19:38:08.256+05:30 TRACE 22976 --- [FinanceManagementSystem] [http-nio-8080-exec-1] org.hibernate.orm.jdbc.bind              : binding parameter (1:BIGINT) <- [2]
2026-09-07T19:38:08.256+05:30 TRACE 22976 --- [FinanceManagementSystem] [http-nio-8080-exec-1] org.hibernate.orm.jdbc.bind              : binding parameter (2:DATE) <- [2026-08-01]
2026-09-07T19:38:08.256+05:30 TRACE 22976 --- [FinanceManagementSystem] [http-nio-8080-exec-1] org.hibernate.orm.jdbc.bind              : binding parameter (3:DATE) <- [2026-08-01]
2026-09-07T19:38:08.256+05:30 TRACE 22976 --- [FinanceManagementSystem] [http-nio-8080-exec-1] org.hibernate.orm.jdbc.bind              : binding parameter (4:DATE) <- [2026-08-31]
2026-09-07T19:38:08.256+05:30 TRACE 22976 --- [FinanceManagementSystem] [http-nio-8080-exec-1] org.hibernate.orm.jdbc.bind              : binding parameter (5:DATE) <- [2026-08-31]
2026-09-07T19:38:08.258+05:30 DEBUG 22976 --- [FinanceManagementSystem] [http-nio-8080-exec-1] org.hibernate.SQL                        : select s1_0.id,s1_0.amount,s1_0.created_at,s1_0.customer_id,s1_0.customer_invoice_number,s1_0.gst_amount,s1_0.gst_percentage,s1_0.payment_status,s1_0.public_id,s1_0.rate_per_unit,s1_0.raw_material,s1_0.sale_date,s1_0.sale_number,s1_0.total_amount,s1_0.unit,s1_0.updated_at,s1_0.user_id,s1_0.weight from sales s1_0 where s1_0.user_id=? and s1_0.sale_date between ? and ?
2026-09-07T19:38:08.258+05:30 TRACE 22976 --- [FinanceManagementSystem] [http-nio-8080-exec-1] org.hibernate.orm.jdbc.bind              : binding parameter (1:BIGINT) <- [2]
2026-09-07T19:38:08.258+05:30 TRACE 22976 --- [FinanceManagementSystem] [http-nio-8080-exec-1] org.hibernate.orm.jdbc.bind              : binding parameter (2:DATE) <- [2026-09-01]
2026-09-07T19:38:08.258+05:30 TRACE 22976 --- [FinanceManagementSystem] [http-nio-8080-exec-1] org.hibernate.orm.jdbc.bind              : binding parameter (3:DATE) <- [2026-09-30]
2026-09-07T19:38:08.260+05:30 DEBUG 22976 --- [FinanceManagementSystem] [http-nio-8080-exec-1] org.hibernate.SQL                        : select p1_0.id,p1_0.amount,p1_0.created_at,p1_0.gst_amount,p1_0.gst_percentage,p1_0.payment_status,p1_0.public_id,p1_0.purchase_date,p1_0.purchase_number,p1_0.purchase_status,p1_0.rate_per_unit,p1_0.raw_material,p1_0.supplier_id,p1_0.supplier_invoice_number,p1_0.total_amount,p1_0.unit,p1_0.updated_at,p1_0.user_id,p1_0.weight from purchases p1_0 where p1_0.user_id=? and p1_0.purchase_date between ? and ?
2026-09-07T19:38:08.260+05:30 TRACE 22976 --- [FinanceManagementSystem] [http-nio-8080-exec-1] org.hibernate.orm.jdbc.bind              : binding parameter (1:BIGINT) <- [2]
2026-09-07T19:38:08.260+05:30 TRACE 22976 --- [FinanceManagementSystem] [http-nio-8080-exec-1] org.hibernate.orm.jdbc.bind              : binding parameter (2:DATE) <- [2026-09-01]
2026-09-07T19:38:08.260+05:30 TRACE 22976 --- [FinanceManagementSystem] [http-nio-8080-exec-1] org.hibernate.orm.jdbc.bind              : binding parameter (3:DATE) <- [2026-09-30]
2026-09-07T19:38:08.261+05:30 DEBUG 22976 --- [FinanceManagementSystem] [http-nio-8080-exec-1] org.hibernate.SQL                        : select coalesce(sum(e1_0.amount),0) from expenses e1_0 where e1_0.user_id=? and e1_0.is_active=1 and (? is null or e1_0.expense_date>=?) and (? is null or e1_0.expense_date<=?)
2026-09-07T19:38:08.261+05:30 TRACE 22976 --- [FinanceManagementSystem] [http-nio-8080-exec-1] org.hibernate.orm.jdbc.bind              : binding parameter (1:BIGINT) <- [2]
2026-09-07T19:38:08.261+05:30 TRACE 22976 --- [FinanceManagementSystem] [http-nio-8080-exec-1] org.hibernate.orm.jdbc.bind              : binding parameter (2:DATE) <- [2026-09-01]
2026-09-07T19:38:08.261+05:30 TRACE 22976 --- [FinanceManagementSystem] [http-nio-8080-exec-1] org.hibernate.orm.jdbc.bind              : binding parameter (3:DATE) <- [2026-09-01]
2026-09-07T19:38:08.261+05:30 TRACE 22976 --- [FinanceManagementSystem] [http-nio-8080-exec-1] org.hibernate.orm.jdbc.bind              : binding parameter (4:DATE) <- [2026-09-30]
2026-09-07T19:38:08.261+05:30 TRACE 22976 --- [FinanceManagementSystem] [http-nio-8080-exec-1] org.hibernate.orm.jdbc.bind              : binding parameter (5:DATE) <- [2026-09-30]
2026-09-07T19:38:08.263+05:30 DEBUG 22976 --- [FinanceManagementSystem] [http-nio-8080-exec-1] org.hibernate.SQL                        : select s1_0.id,s1_0.amount,s1_0.created_at,s1_0.customer_id,s1_0.customer_invoice_number,s1_0.gst_amount,s1_0.gst_percentage,s1_0.payment_status,s1_0.public_id,s1_0.rate_per_unit,s1_0.raw_material,s1_0.sale_date,s1_0.sale_number,s1_0.total_amount,s1_0.unit,s1_0.updated_at,s1_0.user_id,s1_0.weight from sales s1_0 where s1_0.user_id=? order by s1_0.sale_date desc,s1_0.id desc limit ?
2026-09-07T19:38:08.263+05:30 TRACE 22976 --- [FinanceManagementSystem] [http-nio-8080-exec-1] org.hibernate.orm.jdbc.bind              : binding parameter (1:BIGINT) <- [2]
2026-09-07T19:38:08.263+05:30 TRACE 22976 --- [FinanceManagementSystem] [http-nio-8080-exec-1] org.hibernate.orm.jdbc.bind              : binding parameter (2:INTEGER) <- [5]
2026-09-07T19:38:08.265+05:30 DEBUG 22976 --- [FinanceManagementSystem] [http-nio-8080-exec-1] org.hibernate.SQL                        : select p1_0.id,p1_0.amount,p1_0.created_at,p1_0.gst_amount,p1_0.gst_percentage,p1_0.payment_status,p1_0.public_id,p1_0.purchase_date,p1_0.purchase_number,p1_0.purchase_status,p1_0.rate_per_unit,p1_0.raw_material,p1_0.supplier_id,p1_0.supplier_invoice_number,p1_0.total_amount,p1_0.unit,p1_0.updated_at,p1_0.user_id,p1_0.weight from purchases p1_0 where p1_0.user_id=? order by p1_0.purchase_date desc,p1_0.id desc limit ?
2026-09-07T19:38:08.265+05:30 TRACE 22976 --- [FinanceManagementSystem] [http-nio-8080-exec-1] org.hibernate.orm.jdbc.bind              : binding parameter (1:BIGINT) <- [2]
2026-09-07T19:38:08.265+05:30 TRACE 22976 --- [FinanceManagementSystem] [http-nio-8080-exec-1] org.hibernate.orm.jdbc.bind              : binding parameter (2:INTEGER) <- [5]
2026-09-07T19:38:08.267+05:30 DEBUG 22976 --- [FinanceManagementSystem] [http-nio-8080-exec-1] org.hibernate.SQL                        : select s1_0.id,a1_0.id,a1_0.address_line_1,a1_0.address_line_2,a1_0.city,a1_0.country,a1_0.created_at,a1_0.pincode,a1_0.state,a1_0.supplier_id,a1_0.updated_at,s1_0.alternate_mobile_number,s1_0.contact_person,s1_0.created_at,s1_0.email,s1_0.gst_number,s1_0.is_active,s1_0.mobile_number,s1_0.opening_balance,s1_0.payment_terms,s1_0.public_id,s1_0.supplier_name,s1_0.updated_at,s1_0.user_id from suppliers s1_0 left join supplier_address a1_0 on s1_0.id=a1_0.supplier_id where s1_0.id=?
2026-09-07T19:38:08.267+05:30 TRACE 22976 --- [FinanceManagementSystem] [http-nio-8080-exec-1] org.hibernate.orm.jdbc.bind              : binding parameter (1:BIGINT) <- [1]
2026-09-07T19:38:08.268+05:30 DEBUG 22976 --- [FinanceManagementSystem] [http-nio-8080-exec-1] org.hibernate.SQL                        : select e1_0.id,e1_0.amount,e1_0.category,e1_0.created_at,e1_0.description,e1_0.expense_date,e1_0.expense_number,e1_0.is_active,e1_0.payment_mode,e1_0.public_id,e1_0.reference_number,e1_0.remarks,e1_0.updated_at,e1_0.user_id from expenses e1_0 where e1_0.user_id=? and e1_0.is_active order by e1_0.expense_date desc limit ?
2026-09-07T19:38:08.269+05:30 TRACE 22976 --- [FinanceManagementSystem] [http-nio-8080-exec-1] org.hibernate.orm.jdbc.bind              : binding parameter (1:BIGINT) <- [2]
2026-09-07T19:38:08.269+05:30 TRACE 22976 --- [FinanceManagementSystem] [http-nio-8080-exec-1] org.hibernate.orm.jdbc.bind              : binding parameter (2:INTEGER) <- [5]
2026-09-07T19:38:08.271+05:30 DEBUG 22976 --- [FinanceManagementSystem] [http-nio-8080-exec-1] org.hibernate.SQL                        : select count(e1_0.id) from expenses e1_0 where e1_0.user_id=? and e1_0.is_active
2026-09-07T19:38:08.271+05:30 TRACE 22976 --- [FinanceManagementSystem] [http-nio-8080-exec-1] org.hibernate.orm.jdbc.bind              : binding parameter (1:BIGINT) <- [2]
2026-09-07T19:38:28.298+05:30 DEBUG 22976 --- [FinanceManagementSystem] [http-nio-8080-exec-3] org.hibernate.SQL                        : SELECT * FROM users WHERE LOWER(TRIM(email)) = LOWER(TRIM(?))
2026-09-07T19:38:28.299+05:30 TRACE 22976 --- [FinanceManagementSystem] [http-nio-8080-exec-3] org.hibernate.orm.jdbc.bind              : binding parameter (1:VARCHAR) <- [bhavesh@gmail.com]
2026-09-07T19:38:28.303+05:30 DEBUG 22976 --- [FinanceManagementSystem] [http-nio-8080-exec-3] org.hibernate.SQL                        : select ua1_0.id,ua1_0.area,ua1_0.city,ua1_0.country,ua1_0.created_at,ua1_0.house_no,ua1_0.pincode,ua1_0.society_name,ua1_0.state,ua1_0.updated_at,ua1_0.user_id from user_address ua1_0 where ua1_0.user_id=?
2026-09-07T19:38:28.303+05:30 TRACE 22976 --- [FinanceManagementSystem] [http-nio-8080-exec-3] org.hibernate.orm.jdbc.bind              : binding parameter (1:BIGINT) <- [2]
2026-09-07T19:38:28.307+05:30  INFO 22976 --- [FinanceManagementSystem] [http-nio-8080-exec-3] F.d.Security.CustomUserDetailsService    : CustomUserDetailsService - User loaded successfully: bhavesh@gmail.com
2026-09-07T19:38:28.323+05:30  INFO 22976 --- [FinanceManagementSystem] [http-nio-8080-exec-3] F.demo.Security.JwtUtil                  : JwtUtil - JWT token validation successful for user: bhavesh@gmail.com
2026-09-07T19:38:28.323+05:30  INFO 22976 --- [FinanceManagementSystem] [http-nio-8080-exec-3] F.demo.Security.JwtFilter                : JwtFilter - JWT validated successfully for user: bhavesh@gmail.com
2026-09-07T19:38:28.325+05:30  INFO 22976 --- [FinanceManagementSystem] [http-nio-8080-exec-3] F.demo.Controller.DashboardController    : CONTROLLER - request came in getDashboardSummary...
2026-09-07T19:38:28.328+05:30  INFO 22976 --- [FinanceManagementSystem] [http-nio-8080-exec-3] F.d.S.Implementations.DashboardService   : SERVICE - request came in getDashboardSummary...
2026-09-07T19:38:28.329+05:30 DEBUG 22976 --- [FinanceManagementSystem] [http-nio-8080-exec-3] org.hibernate.SQL                        : SELECT * FROM users WHERE LOWER(TRIM(email)) = LOWER(TRIM(?))
2026-09-07T19:38:28.330+05:30 TRACE 22976 --- [FinanceManagementSystem] [http-nio-8080-exec-3] org.hibernate.orm.jdbc.bind              : binding parameter (1:VARCHAR) <- [bhavesh@gmail.com]
2026-09-07T19:38:28.332+05:30 DEBUG 22976 --- [FinanceManagementSystem] [http-nio-8080-exec-3] org.hibernate.SQL                        : select ua1_0.id,ua1_0.area,ua1_0.city,ua1_0.country,ua1_0.created_at,ua1_0.house_no,ua1_0.pincode,ua1_0.society_name,ua1_0.state,ua1_0.updated_at,ua1_0.user_id from user_address ua1_0 where ua1_0.user_id=?
2026-09-07T19:38:28.333+05:30 TRACE 22976 --- [FinanceManagementSystem] [http-nio-8080-exec-3] org.hibernate.orm.jdbc.bind              : binding parameter (1:BIGINT) <- [2]
2026-09-07T19:38:28.337+05:30  INFO 22976 --- [FinanceManagementSystem] [http-nio-8080-exec-3] F.d.S.I.PurchasePaymentService           : SERVICE - request came in getTotalOutstandingAmount...
2026-09-07T19:38:28.338+05:30 DEBUG 22976 --- [FinanceManagementSystem] [http-nio-8080-exec-3] org.hibernate.SQL                        : SELECT * FROM users WHERE LOWER(TRIM(email)) = LOWER(TRIM(?))
2026-09-07T19:38:28.338+05:30 TRACE 22976 --- [FinanceManagementSystem] [http-nio-8080-exec-3] org.hibernate.orm.jdbc.bind              : binding parameter (1:VARCHAR) <- [bhavesh@gmail.com]
2026-09-07T19:38:28.344+05:30 DEBUG 22976 --- [FinanceManagementSystem] [http-nio-8080-exec-3] org.hibernate.SQL                        : select p1_0.id,p1_0.amount,p1_0.created_at,p1_0.gst_amount,p1_0.gst_percentage,p1_0.payment_status,p1_0.public_id,p1_0.purchase_date,p1_0.purchase_number,p1_0.purchase_status,p1_0.rate_per_unit,p1_0.raw_material,p1_0.supplier_id,p1_0.supplier_invoice_number,p1_0.total_amount,p1_0.unit,p1_0.updated_at,p1_0.user_id,p1_0.weight from purchases p1_0 where p1_0.user_id=? and p1_0.payment_status in (?,?)
2026-09-07T19:38:28.345+05:30 TRACE 22976 --- [FinanceManagementSystem] [http-nio-8080-exec-3] org.hibernate.orm.jdbc.bind              : binding parameter (1:BIGINT) <- [2]
2026-09-07T19:38:28.345+05:30 TRACE 22976 --- [FinanceManagementSystem] [http-nio-8080-exec-3] org.hibernate.orm.jdbc.bind              : binding parameter (2:ENUM) <- [PENDING]
2026-09-07T19:38:28.345+05:30 TRACE 22976 --- [FinanceManagementSystem] [http-nio-8080-exec-3] org.hibernate.orm.jdbc.bind              : binding parameter (3:ENUM) <- [PARTIALLY_PAID]
2026-09-07T19:38:28.350+05:30  INFO 22976 --- [FinanceManagementSystem] [http-nio-8080-exec-3] F.d.S.I.SalePaymentService               : SERVICE - request came in getTotalReceivableAmount...
2026-09-07T19:38:28.352+05:30 DEBUG 22976 --- [FinanceManagementSystem] [http-nio-8080-exec-3] org.hibernate.SQL                        : SELECT * FROM users WHERE LOWER(TRIM(email)) = LOWER(TRIM(?))
2026-09-07T19:38:28.353+05:30 TRACE 22976 --- [FinanceManagementSystem] [http-nio-8080-exec-3] org.hibernate.orm.jdbc.bind              : binding parameter (1:VARCHAR) <- [bhavesh@gmail.com]
2026-09-07T19:38:28.359+05:30 DEBUG 22976 --- [FinanceManagementSystem] [http-nio-8080-exec-3] org.hibernate.SQL                        : select s1_0.id,s1_0.amount,s1_0.created_at,s1_0.customer_id,s1_0.customer_invoice_number,s1_0.gst_amount,s1_0.gst_percentage,s1_0.payment_status,s1_0.public_id,s1_0.rate_per_unit,s1_0.raw_material,s1_0.sale_date,s1_0.sale_number,s1_0.total_amount,s1_0.unit,s1_0.updated_at,s1_0.user_id,s1_0.weight from sales s1_0 where s1_0.user_id=? and s1_0.payment_status in (?,?)
2026-09-07T19:38:28.360+05:30 TRACE 22976 --- [FinanceManagementSystem] [http-nio-8080-exec-3] org.hibernate.orm.jdbc.bind              : binding parameter (1:BIGINT) <- [2]
2026-09-07T19:38:28.360+05:30 TRACE 22976 --- [FinanceManagementSystem] [http-nio-8080-exec-3] org.hibernate.orm.jdbc.bind              : binding parameter (2:ENUM) <- [PENDING]
2026-09-07T19:38:28.360+05:30 TRACE 22976 --- [FinanceManagementSystem] [http-nio-8080-exec-3] org.hibernate.orm.jdbc.bind              : binding parameter (3:ENUM) <- [PARTIALLY_PAID]
2026-09-07T19:38:28.365+05:30 DEBUG 22976 --- [FinanceManagementSystem] [http-nio-8080-exec-3] org.hibernate.SQL                        : select coalesce(sum(sp1_0.amount_received),0) from sale_payments sp1_0 where sp1_0.user_id=?
2026-09-07T19:38:28.366+05:30 TRACE 22976 --- [FinanceManagementSystem] [http-nio-8080-exec-3] org.hibernate.orm.jdbc.bind              : binding parameter (1:BIGINT) <- [2]
2026-09-07T19:38:28.369+05:30 DEBUG 22976 --- [FinanceManagementSystem] [http-nio-8080-exec-3] org.hibernate.SQL                        : select coalesce(sum(pp1_0.amount_paid),0) from purchase_payments pp1_0 where pp1_0.user_id=?
2026-09-07T19:38:28.370+05:30 TRACE 22976 --- [FinanceManagementSystem] [http-nio-8080-exec-3] org.hibernate.orm.jdbc.bind              : binding parameter (1:BIGINT) <- [2]
2026-09-07T19:38:28.372+05:30 DEBUG 22976 --- [FinanceManagementSystem] [http-nio-8080-exec-3] org.hibernate.SQL                        : select coalesce(sum(e1_0.amount),0) from expenses e1_0 where e1_0.user_id=? and e1_0.is_active=1 and (? is null or e1_0.expense_date>=?) and (? is null or e1_0.expense_date<=?)
2026-09-07T19:38:28.373+05:30 TRACE 22976 --- [FinanceManagementSystem] [http-nio-8080-exec-3] org.hibernate.orm.jdbc.bind              : binding parameter (1:BIGINT) <- [2]
2026-09-07T19:38:28.373+05:30 TRACE 22976 --- [FinanceManagementSystem] [http-nio-8080-exec-3] org.hibernate.orm.jdbc.bind              : binding parameter (2:DATE) <- [null]
2026-09-07T19:38:28.373+05:30 TRACE 22976 --- [FinanceManagementSystem] [http-nio-8080-exec-3] org.hibernate.orm.jdbc.bind              : binding parameter (3:DATE) <- [null]
2026-09-07T19:38:28.374+05:30 TRACE 22976 --- [FinanceManagementSystem] [http-nio-8080-exec-3] org.hibernate.orm.jdbc.bind              : binding parameter (4:DATE) <- [null]
2026-09-07T19:38:28.374+05:30 TRACE 22976 --- [FinanceManagementSystem] [http-nio-8080-exec-3] org.hibernate.orm.jdbc.bind              : binding parameter (5:DATE) <- [null]
2026-09-07T19:38:28.377+05:30 DEBUG 22976 --- [FinanceManagementSystem] [http-nio-8080-exec-3] org.hibernate.SQL                        : select coalesce(sum(ppw1_0.amount),0) from partner_profit_withdrawals ppw1_0 where ppw1_0.user_id=?
2026-09-07T19:38:28.377+05:30 TRACE 22976 --- [FinanceManagementSystem] [http-nio-8080-exec-3] org.hibernate.orm.jdbc.bind              : binding parameter (1:BIGINT) <- [2]
2026-09-07T19:38:28.381+05:30  INFO 22976 --- [FinanceManagementSystem] [http-nio-8080-exec-3] F.d.S.Implementations.ExpenseService     : SERVICE - request came in getTotalExpenses...
2026-09-07T19:38:28.382+05:30 DEBUG 22976 --- [FinanceManagementSystem] [http-nio-8080-exec-3] org.hibernate.SQL                        : SELECT * FROM users WHERE LOWER(TRIM(email)) = LOWER(TRIM(?))
2026-09-07T19:38:28.382+05:30 TRACE 22976 --- [FinanceManagementSystem] [http-nio-8080-exec-3] org.hibernate.orm.jdbc.bind              : binding parameter (1:VARCHAR) <- [bhavesh@gmail.com]
2026-09-07T19:38:28.386+05:30 DEBUG 22976 --- [FinanceManagementSystem] [http-nio-8080-exec-3] org.hibernate.SQL                        : select coalesce(sum(e1_0.amount),0) from expenses e1_0 where e1_0.user_id=? and e1_0.is_active=1 and (? is null or e1_0.expense_date>=?) and (? is null or e1_0.expense_date<=?)
2026-09-07T19:38:28.386+05:30 TRACE 22976 --- [FinanceManagementSystem] [http-nio-8080-exec-3] org.hibernate.orm.jdbc.bind              : binding parameter (1:BIGINT) <- [2]
2026-09-07T19:38:28.387+05:30 TRACE 22976 --- [FinanceManagementSystem] [http-nio-8080-exec-3] org.hibernate.orm.jdbc.bind              : binding parameter (2:DATE) <- [2026-09-01]
2026-09-07T19:38:28.387+05:30 TRACE 22976 --- [FinanceManagementSystem] [http-nio-8080-exec-3] org.hibernate.orm.jdbc.bind              : binding parameter (3:DATE) <- [2026-09-01]
2026-09-07T19:38:28.387+05:30 TRACE 22976 --- [FinanceManagementSystem] [http-nio-8080-exec-3] org.hibernate.orm.jdbc.bind              : binding parameter (4:DATE) <- [2026-09-07]
2026-09-07T19:38:28.387+05:30 TRACE 22976 --- [FinanceManagementSystem] [http-nio-8080-exec-3] org.hibernate.orm.jdbc.bind              : binding parameter (5:DATE) <- [2026-09-07]
2026-09-07T19:38:28.390+05:30  INFO 22976 --- [FinanceManagementSystem] [http-nio-8080-exec-3] F.d.S.Implementations.StockService       : SERVICE - request came in getLowStockList...
2026-09-07T19:38:28.391+05:30 DEBUG 22976 --- [FinanceManagementSystem] [http-nio-8080-exec-3] org.hibernate.SQL                        : SELECT * FROM users WHERE LOWER(TRIM(email)) = LOWER(TRIM(?))
2026-09-07T19:38:28.391+05:30 TRACE 22976 --- [FinanceManagementSystem] [http-nio-8080-exec-3] org.hibernate.orm.jdbc.bind              : binding parameter (1:VARCHAR) <- [bhavesh@gmail.com]
2026-09-07T19:38:28.396+05:30 DEBUG 22976 --- [FinanceManagementSystem] [http-nio-8080-exec-3] org.hibernate.SQL                        : select s1_0.id,s1_0.created_at,s1_0.current_quantity,s1_0.is_active,s1_0.minimum_stock_level,s1_0.public_id,s1_0.raw_material,s1_0.unit,s1_0.updated_at,s1_0.user_id,s1_0.version from stocks s1_0 where s1_0.user_id=?
2026-09-07T19:38:28.397+05:30 TRACE 22976 --- [FinanceManagementSystem] [http-nio-8080-exec-3] org.hibernate.orm.jdbc.bind              : binding parameter (1:BIGINT) <- [2]
2026-09-07T19:38:28.402+05:30 DEBUG 22976 --- [FinanceManagementSystem] [http-nio-8080-exec-3] org.hibernate.SQL                        : SELECT * FROM users WHERE LOWER(TRIM(email)) = LOWER(TRIM(?))
2026-09-07T19:38:28.402+05:30 TRACE 22976 --- [FinanceManagementSystem] [http-nio-8080-exec-3] org.hibernate.orm.jdbc.bind              : binding parameter (1:VARCHAR) <- [bhavesh@gmail.com]
2026-09-07T19:38:28.406+05:30 DEBUG 22976 --- [FinanceManagementSystem] [http-nio-8080-exec-3] org.hibernate.SQL                        : select pd1_0.id,pd1_0.created_at,pd1_0.from_date,pd1_0.net_profit,pd1_0.public_id,pd1_0.to_date,pd1_0.total_expenses,pd1_0.total_purchase_cost,pd1_0.total_revenue,pd1_0.updated_at,pd1_0.user_id from profit_distributions pd1_0 where pd1_0.user_id=? order by coalesce(pd1_0.updated_at,pd1_0.created_at) desc,pd1_0.id desc
2026-09-07T19:38:28.406+05:30 TRACE 22976 --- [FinanceManagementSystem] [http-nio-8080-exec-3] org.hibernate.orm.jdbc.bind              : binding parameter (1:BIGINT) <- [2]
2026-09-07T19:38:28.411+05:30 DEBUG 22976 --- [FinanceManagementSystem] [http-nio-8080-exec-3] org.hibernate.SQL                        : select s1_0.id,s1_0.amount,s1_0.created_at,s1_0.customer_id,s1_0.customer_invoice_number,s1_0.gst_amount,s1_0.gst_percentage,s1_0.payment_status,s1_0.public_id,s1_0.rate_per_unit,s1_0.raw_material,s1_0.sale_date,s1_0.sale_number,s1_0.total_amount,s1_0.unit,s1_0.updated_at,s1_0.user_id,s1_0.weight from sales s1_0 where s1_0.user_id=? and s1_0.sale_date between ? and ?
2026-09-07T19:38:28.412+05:30 TRACE 22976 --- [FinanceManagementSystem] [http-nio-8080-exec-3] org.hibernate.orm.jdbc.bind              : binding parameter (1:BIGINT) <- [2]
2026-09-07T19:38:28.413+05:30 TRACE 22976 --- [FinanceManagementSystem] [http-nio-8080-exec-3] org.hibernate.orm.jdbc.bind              : binding parameter (2:DATE) <- [2026-04-01]
2026-09-07T19:38:28.413+05:30 TRACE 22976 --- [FinanceManagementSystem] [http-nio-8080-exec-3] org.hibernate.orm.jdbc.bind              : binding parameter (3:DATE) <- [2026-04-30]
2026-09-07T19:38:28.417+05:30 DEBUG 22976 --- [FinanceManagementSystem] [http-nio-8080-exec-3] org.hibernate.SQL                        : select p1_0.id,p1_0.amount,p1_0.created_at,p1_0.gst_amount,p1_0.gst_percentage,p1_0.payment_status,p1_0.public_id,p1_0.purchase_date,p1_0.purchase_number,p1_0.purchase_status,p1_0.rate_per_unit,p1_0.raw_material,p1_0.supplier_id,p1_0.supplier_invoice_number,p1_0.total_amount,p1_0.unit,p1_0.updated_at,p1_0.user_id,p1_0.weight from purchases p1_0 where p1_0.user_id=? and p1_0.purchase_date between ? and ?
2026-09-07T19:38:28.418+05:30 TRACE 22976 --- [FinanceManagementSystem] [http-nio-8080-exec-3] org.hibernate.orm.jdbc.bind              : binding parameter (1:BIGINT) <- [2]
2026-09-07T19:38:28.418+05:30 TRACE 22976 --- [FinanceManagementSystem] [http-nio-8080-exec-3] org.hibernate.orm.jdbc.bind              : binding parameter (2:DATE) <- [2026-04-01]
2026-09-07T19:38:28.418+05:30 TRACE 22976 --- [FinanceManagementSystem] [http-nio-8080-exec-3] org.hibernate.orm.jdbc.bind              : binding parameter (3:DATE) <- [2026-04-30]
2026-09-07T19:38:28.422+05:30 DEBUG 22976 --- [FinanceManagementSystem] [http-nio-8080-exec-3] org.hibernate.SQL                        : select coalesce(sum(e1_0.amount),0) from expenses e1_0 where e1_0.user_id=? and e1_0.is_active=1 and (? is null or e1_0.expense_date>=?) and (? is null or e1_0.expense_date<=?)
2026-09-07T19:38:28.422+05:30 TRACE 22976 --- [FinanceManagementSystem] [http-nio-8080-exec-3] org.hibernate.orm.jdbc.bind              : binding parameter (1:BIGINT) <- [2]
2026-09-07T19:38:28.422+05:30 TRACE 22976 --- [FinanceManagementSystem] [http-nio-8080-exec-3] org.hibernate.orm.jdbc.bind              : binding parameter (2:DATE) <- [2026-04-01]
2026-09-07T19:38:28.423+05:30 TRACE 22976 --- [FinanceManagementSystem] [http-nio-8080-exec-3] org.hibernate.orm.jdbc.bind              : binding parameter (3:DATE) <- [2026-04-01]
2026-09-07T19:38:28.423+05:30 TRACE 22976 --- [FinanceManagementSystem] [http-nio-8080-exec-3] org.hibernate.orm.jdbc.bind              : binding parameter (4:DATE) <- [2026-04-30]
2026-09-07T19:38:28.423+05:30 TRACE 22976 --- [FinanceManagementSystem] [http-nio-8080-exec-3] org.hibernate.orm.jdbc.bind              : binding parameter (5:DATE) <- [2026-04-30]
2026-09-07T19:38:28.428+05:30 DEBUG 22976 --- [FinanceManagementSystem] [http-nio-8080-exec-3] org.hibernate.SQL                        : select s1_0.id,s1_0.amount,s1_0.created_at,s1_0.customer_id,s1_0.customer_invoice_number,s1_0.gst_amount,s1_0.gst_percentage,s1_0.payment_status,s1_0.public_id,s1_0.rate_per_unit,s1_0.raw_material,s1_0.sale_date,s1_0.sale_number,s1_0.total_amount,s1_0.unit,s1_0.updated_at,s1_0.user_id,s1_0.weight from sales s1_0 where s1_0.user_id=? and s1_0.sale_date between ? and ?
2026-09-07T19:38:28.428+05:30 TRACE 22976 --- [FinanceManagementSystem] [http-nio-8080-exec-3] org.hibernate.orm.jdbc.bind              : binding parameter (1:BIGINT) <- [2]
2026-09-07T19:38:28.429+05:30 TRACE 22976 --- [FinanceManagementSystem] [http-nio-8080-exec-3] org.hibernate.orm.jdbc.bind              : binding parameter (2:DATE) <- [2026-05-01]
2026-09-07T19:38:28.429+05:30 TRACE 22976 --- [FinanceManagementSystem] [http-nio-8080-exec-3] org.hibernate.orm.jdbc.bind              : binding parameter (3:DATE) <- [2026-05-31]
2026-09-07T19:38:28.433+05:30 DEBUG 22976 --- [FinanceManagementSystem] [http-nio-8080-exec-3] org.hibernate.SQL                        : select p1_0.id,p1_0.amount,p1_0.created_at,p1_0.gst_amount,p1_0.gst_percentage,p1_0.payment_status,p1_0.public_id,p1_0.purchase_date,p1_0.purchase_number,p1_0.purchase_status,p1_0.rate_per_unit,p1_0.raw_material,p1_0.supplier_id,p1_0.supplier_invoice_number,p1_0.total_amount,p1_0.unit,p1_0.updated_at,p1_0.user_id,p1_0.weight from purchases p1_0 where p1_0.user_id=? and p1_0.purchase_date between ? and ?
2026-09-07T19:38:28.434+05:30 TRACE 22976 --- [FinanceManagementSystem] [http-nio-8080-exec-3] org.hibernate.orm.jdbc.bind              : binding parameter (1:BIGINT) <- [2]
2026-09-07T19:38:28.434+05:30 TRACE 22976 --- [FinanceManagementSystem] [http-nio-8080-exec-3] org.hibernate.orm.jdbc.bind              : binding parameter (2:DATE) <- [2026-05-01]
2026-09-07T19:38:28.434+05:30 TRACE 22976 --- [FinanceManagementSystem] [http-nio-8080-exec-3] org.hibernate.orm.jdbc.bind              : binding parameter (3:DATE) <- [2026-05-31]
2026-09-07T19:38:28.438+05:30 DEBUG 22976 --- [FinanceManagementSystem] [http-nio-8080-exec-3] org.hibernate.SQL                        : select coalesce(sum(e1_0.amount),0) from expenses e1_0 where e1_0.user_id=? and e1_0.is_active=1 and (? is null or e1_0.expense_date>=?) and (? is null or e1_0.expense_date<=?)
2026-09-07T19:38:28.439+05:30 TRACE 22976 --- [FinanceManagementSystem] [http-nio-8080-exec-3] org.hibernate.orm.jdbc.bind              : binding parameter (1:BIGINT) <- [2]
2026-09-07T19:38:28.439+05:30 TRACE 22976 --- [FinanceManagementSystem] [http-nio-8080-exec-3] org.hibernate.orm.jdbc.bind              : binding parameter (2:DATE) <- [2026-05-01]
2026-09-07T19:38:28.439+05:30 TRACE 22976 --- [FinanceManagementSystem] [http-nio-8080-exec-3] org.hibernate.orm.jdbc.bind              : binding parameter (3:DATE) <- [2026-05-01]
2026-09-07T19:38:28.440+05:30 TRACE 22976 --- [FinanceManagementSystem] [http-nio-8080-exec-3] org.hibernate.orm.jdbc.bind              : binding parameter (4:DATE) <- [2026-05-31]
2026-09-07T19:38:28.440+05:30 TRACE 22976 --- [FinanceManagementSystem] [http-nio-8080-exec-3] org.hibernate.orm.jdbc.bind              : binding parameter (5:DATE) <- [2026-05-31]
2026-09-07T19:38:28.444+05:30 DEBUG 22976 --- [FinanceManagementSystem] [http-nio-8080-exec-3] org.hibernate.SQL                        : select s1_0.id,s1_0.amount,s1_0.created_at,s1_0.customer_id,s1_0.customer_invoice_number,s1_0.gst_amount,s1_0.gst_percentage,s1_0.payment_status,s1_0.public_id,s1_0.rate_per_unit,s1_0.raw_material,s1_0.sale_date,s1_0.sale_number,s1_0.total_amount,s1_0.unit,s1_0.updated_at,s1_0.user_id,s1_0.weight from sales s1_0 where s1_0.user_id=? and s1_0.sale_date between ? and ?
2026-09-07T19:38:28.445+05:30 TRACE 22976 --- [FinanceManagementSystem] [http-nio-8080-exec-3] org.hibernate.orm.jdbc.bind              : binding parameter (1:BIGINT) <- [2]
2026-09-07T19:38:28.445+05:30 TRACE 22976 --- [FinanceManagementSystem] [http-nio-8080-exec-3] org.hibernate.orm.jdbc.bind              : binding parameter (2:DATE) <- [2026-06-01]
2026-09-07T19:38:28.445+05:30 TRACE 22976 --- [FinanceManagementSystem] [http-nio-8080-exec-3] org.hibernate.orm.jdbc.bind              : binding parameter (3:DATE) <- [2026-06-30]
2026-09-07T19:38:28.450+05:30 DEBUG 22976 --- [FinanceManagementSystem] [http-nio-8080-exec-3] org.hibernate.SQL                        : select p1_0.id,p1_0.amount,p1_0.created_at,p1_0.gst_amount,p1_0.gst_percentage,p1_0.payment_status,p1_0.public_id,p1_0.purchase_date,p1_0.purchase_number,p1_0.purchase_status,p1_0.rate_per_unit,p1_0.raw_material,p1_0.supplier_id,p1_0.supplier_invoice_number,p1_0.total_amount,p1_0.unit,p1_0.updated_at,p1_0.user_id,p1_0.weight from purchases p1_0 where p1_0.user_id=? and p1_0.purchase_date between ? and ?
2026-09-07T19:38:28.451+05:30 TRACE 22976 --- [FinanceManagementSystem] [http-nio-8080-exec-3] org.hibernate.orm.jdbc.bind              : binding parameter (1:BIGINT) <- [2]
2026-09-07T19:38:28.451+05:30 TRACE 22976 --- [FinanceManagementSystem] [http-nio-8080-exec-3] org.hibernate.orm.jdbc.bind              : binding parameter (2:DATE) <- [2026-06-01]
2026-09-07T19:38:28.451+05:30 TRACE 22976 --- [FinanceManagementSystem] [http-nio-8080-exec-3] org.hibernate.orm.jdbc.bind              : binding parameter (3:DATE) <- [2026-06-30]
2026-09-07T19:38:28.454+05:30 DEBUG 22976 --- [FinanceManagementSystem] [http-nio-8080-exec-3] org.hibernate.SQL                        : select coalesce(sum(e1_0.amount),0) from expenses e1_0 where e1_0.user_id=? and e1_0.is_active=1 and (? is null or e1_0.expense_date>=?) and (? is null or e1_0.expense_date<=?)
2026-09-07T19:38:28.455+05:30 TRACE 22976 --- [FinanceManagementSystem] [http-nio-8080-exec-3] org.hibernate.orm.jdbc.bind              : binding parameter (1:BIGINT) <- [2]
2026-09-07T19:38:28.455+05:30 TRACE 22976 --- [FinanceManagementSystem] [http-nio-8080-exec-3] org.hibernate.orm.jdbc.bind              : binding parameter (2:DATE) <- [2026-06-01]
2026-09-07T19:38:28.455+05:30 TRACE 22976 --- [FinanceManagementSystem] [http-nio-8080-exec-3] org.hibernate.orm.jdbc.bind              : binding parameter (3:DATE) <- [2026-06-01]
2026-09-07T19:38:28.455+05:30 TRACE 22976 --- [FinanceManagementSystem] [http-nio-8080-exec-3] org.hibernate.orm.jdbc.bind              : binding parameter (4:DATE) <- [2026-06-30]
2026-09-07T19:38:28.456+05:30 TRACE 22976 --- [FinanceManagementSystem] [http-nio-8080-exec-3] org.hibernate.orm.jdbc.bind              : binding parameter (5:DATE) <- [2026-06-30]
2026-09-07T19:38:28.461+05:30 DEBUG 22976 --- [FinanceManagementSystem] [http-nio-8080-exec-3] org.hibernate.SQL                        : select s1_0.id,s1_0.amount,s1_0.created_at,s1_0.customer_id,s1_0.customer_invoice_number,s1_0.gst_amount,s1_0.gst_percentage,s1_0.payment_status,s1_0.public_id,s1_0.rate_per_unit,s1_0.raw_material,s1_0.sale_date,s1_0.sale_number,s1_0.total_amount,s1_0.unit,s1_0.updated_at,s1_0.user_id,s1_0.weight from sales s1_0 where s1_0.user_id=? and s1_0.sale_date between ? and ?
2026-09-07T19:38:28.462+05:30 TRACE 22976 --- [FinanceManagementSystem] [http-nio-8080-exec-3] org.hibernate.orm.jdbc.bind              : binding parameter (1:BIGINT) <- [2]
2026-09-07T19:38:28.462+05:30 TRACE 22976 --- [FinanceManagementSystem] [http-nio-8080-exec-3] org.hibernate.orm.jdbc.bind              : binding parameter (2:DATE) <- [2026-07-01]
2026-09-07T19:38:28.463+05:30 TRACE 22976 --- [FinanceManagementSystem] [http-nio-8080-exec-3] org.hibernate.orm.jdbc.bind              : binding parameter (3:DATE) <- [2026-07-31]
2026-09-07T19:38:28.467+05:30 DEBUG 22976 --- [FinanceManagementSystem] [http-nio-8080-exec-3] org.hibernate.SQL                        : select p1_0.id,p1_0.amount,p1_0.created_at,p1_0.gst_amount,p1_0.gst_percentage,p1_0.payment_status,p1_0.public_id,p1_0.purchase_date,p1_0.purchase_number,p1_0.purchase_status,p1_0.rate_per_unit,p1_0.raw_material,p1_0.supplier_id,p1_0.supplier_invoice_number,p1_0.total_amount,p1_0.unit,p1_0.updated_at,p1_0.user_id,p1_0.weight from purchases p1_0 where p1_0.user_id=? and p1_0.purchase_date between ? and ?
2026-09-07T19:38:28.467+05:30 TRACE 22976 --- [FinanceManagementSystem] [http-nio-8080-exec-3] org.hibernate.orm.jdbc.bind              : binding parameter (1:BIGINT) <- [2]
2026-09-07T19:38:28.468+05:30 TRACE 22976 --- [FinanceManagementSystem] [http-nio-8080-exec-3] org.hibernate.orm.jdbc.bind              : binding parameter (2:DATE) <- [2026-07-01]
2026-09-07T19:38:28.468+05:30 TRACE 22976 --- [FinanceManagementSystem] [http-nio-8080-exec-3] org.hibernate.orm.jdbc.bind              : binding parameter (3:DATE) <- [2026-07-31]
2026-09-07T19:38:28.472+05:30 DEBUG 22976 --- [FinanceManagementSystem] [http-nio-8080-exec-3] org.hibernate.SQL                        : select coalesce(sum(e1_0.amount),0) from expenses e1_0 where e1_0.user_id=? and e1_0.is_active=1 and (? is null or e1_0.expense_date>=?) and (? is null or e1_0.expense_date<=?)
2026-09-07T19:38:28.473+05:30 TRACE 22976 --- [FinanceManagementSystem] [http-nio-8080-exec-3] org.hibernate.orm.jdbc.bind              : binding parameter (1:BIGINT) <- [2]
2026-09-07T19:38:28.473+05:30 TRACE 22976 --- [FinanceManagementSystem] [http-nio-8080-exec-3] org.hibernate.orm.jdbc.bind              : binding parameter (2:DATE) <- [2026-07-01]
2026-09-07T19:38:28.473+05:30 TRACE 22976 --- [FinanceManagementSystem] [http-nio-8080-exec-3] org.hibernate.orm.jdbc.bind              : binding parameter (3:DATE) <- [2026-07-01]
2026-09-07T19:38:28.474+05:30 TRACE 22976 --- [FinanceManagementSystem] [http-nio-8080-exec-3] org.hibernate.orm.jdbc.bind              : binding parameter (4:DATE) <- [2026-07-31]
2026-09-07T19:38:28.474+05:30 TRACE 22976 --- [FinanceManagementSystem] [http-nio-8080-exec-3] org.hibernate.orm.jdbc.bind              : binding parameter (5:DATE) <- [2026-07-31]
2026-09-07T19:38:28.478+05:30 DEBUG 22976 --- [FinanceManagementSystem] [http-nio-8080-exec-3] org.hibernate.SQL                        : select s1_0.id,s1_0.amount,s1_0.created_at,s1_0.customer_id,s1_0.customer_invoice_number,s1_0.gst_amount,s1_0.gst_percentage,s1_0.payment_status,s1_0.public_id,s1_0.rate_per_unit,s1_0.raw_material,s1_0.sale_date,s1_0.sale_number,s1_0.total_amount,s1_0.unit,s1_0.updated_at,s1_0.user_id,s1_0.weight from sales s1_0 where s1_0.user_id=? and s1_0.sale_date between ? and ?
2026-09-07T19:38:28.478+05:30 TRACE 22976 --- [FinanceManagementSystem] [http-nio-8080-exec-3] org.hibernate.orm.jdbc.bind              : binding parameter (1:BIGINT) <- [2]
2026-09-07T19:38:28.478+05:30 TRACE 22976 --- [FinanceManagementSystem] [http-nio-8080-exec-3] org.hibernate.orm.jdbc.bind              : binding parameter (2:DATE) <- [2026-08-01]
2026-09-07T19:38:28.478+05:30 TRACE 22976 --- [FinanceManagementSystem] [http-nio-8080-exec-3] org.hibernate.orm.jdbc.bind              : binding parameter (3:DATE) <- [2026-08-31]
2026-09-07T19:38:28.482+05:30 DEBUG 22976 --- [FinanceManagementSystem] [http-nio-8080-exec-3] org.hibernate.SQL                        : select p1_0.id,p1_0.amount,p1_0.created_at,p1_0.gst_amount,p1_0.gst_percentage,p1_0.payment_status,p1_0.public_id,p1_0.purchase_date,p1_0.purchase_number,p1_0.purchase_status,p1_0.rate_per_unit,p1_0.raw_material,p1_0.supplier_id,p1_0.supplier_invoice_number,p1_0.total_amount,p1_0.unit,p1_0.updated_at,p1_0.user_id,p1_0.weight from purchases p1_0 where p1_0.user_id=? and p1_0.purchase_date between ? and ?
2026-09-07T19:38:28.483+05:30 TRACE 22976 --- [FinanceManagementSystem] [http-nio-8080-exec-3] org.hibernate.orm.jdbc.bind              : binding parameter (1:BIGINT) <- [2]
2026-09-07T19:38:28.483+05:30 TRACE 22976 --- [FinanceManagementSystem] [http-nio-8080-exec-3] org.hibernate.orm.jdbc.bind              : binding parameter (2:DATE) <- [2026-08-01]
2026-09-07T19:38:28.483+05:30 TRACE 22976 --- [FinanceManagementSystem] [http-nio-8080-exec-3] org.hibernate.orm.jdbc.bind              : binding parameter (3:DATE) <- [2026-08-31]
2026-09-07T19:38:28.485+05:30 DEBUG 22976 --- [FinanceManagementSystem] [http-nio-8080-exec-3] org.hibernate.SQL                        : select coalesce(sum(e1_0.amount),0) from expenses e1_0 where e1_0.user_id=? and e1_0.is_active=1 and (? is null or e1_0.expense_date>=?) and (? is null or e1_0.expense_date<=?)
2026-09-07T19:38:28.486+05:30 TRACE 22976 --- [FinanceManagementSystem] [http-nio-8080-exec-3] org.hibernate.orm.jdbc.bind              : binding parameter (1:BIGINT) <- [2]
2026-09-07T19:38:28.486+05:30 TRACE 22976 --- [FinanceManagementSystem] [http-nio-8080-exec-3] org.hibernate.orm.jdbc.bind              : binding parameter (2:DATE) <- [2026-08-01]
2026-09-07T19:38:28.486+05:30 TRACE 22976 --- [FinanceManagementSystem] [http-nio-8080-exec-3] org.hibernate.orm.jdbc.bind              : binding parameter (3:DATE) <- [2026-08-01]
2026-09-07T19:38:28.486+05:30 TRACE 22976 --- [FinanceManagementSystem] [http-nio-8080-exec-3] org.hibernate.orm.jdbc.bind              : binding parameter (4:DATE) <- [2026-08-31]
2026-09-07T19:38:28.486+05:30 TRACE 22976 --- [FinanceManagementSystem] [http-nio-8080-exec-3] org.hibernate.orm.jdbc.bind              : binding parameter (5:DATE) <- [2026-08-31]
2026-09-07T19:38:28.489+05:30 DEBUG 22976 --- [FinanceManagementSystem] [http-nio-8080-exec-3] org.hibernate.SQL                        : select s1_0.id,s1_0.amount,s1_0.created_at,s1_0.customer_id,s1_0.customer_invoice_number,s1_0.gst_amount,s1_0.gst_percentage,s1_0.payment_status,s1_0.public_id,s1_0.rate_per_unit,s1_0.raw_material,s1_0.sale_date,s1_0.sale_number,s1_0.total_amount,s1_0.unit,s1_0.updated_at,s1_0.user_id,s1_0.weight from sales s1_0 where s1_0.user_id=? and s1_0.sale_date between ? and ?
2026-09-07T19:38:28.490+05:30 TRACE 22976 --- [FinanceManagementSystem] [http-nio-8080-exec-3] org.hibernate.orm.jdbc.bind              : binding parameter (1:BIGINT) <- [2]
2026-09-07T19:38:28.490+05:30 TRACE 22976 --- [FinanceManagementSystem] [http-nio-8080-exec-3] org.hibernate.orm.jdbc.bind              : binding parameter (2:DATE) <- [2026-09-01]
2026-09-07T19:38:28.490+05:30 TRACE 22976 --- [FinanceManagementSystem] [http-nio-8080-exec-3] org.hibernate.orm.jdbc.bind              : binding parameter (3:DATE) <- [2026-09-30]
2026-09-07T19:38:28.493+05:30 DEBUG 22976 --- [FinanceManagementSystem] [http-nio-8080-exec-3] org.hibernate.SQL                        : select p1_0.id,p1_0.amount,p1_0.created_at,p1_0.gst_amount,p1_0.gst_percentage,p1_0.payment_status,p1_0.public_id,p1_0.purchase_date,p1_0.purchase_number,p1_0.purchase_status,p1_0.rate_per_unit,p1_0.raw_material,p1_0.supplier_id,p1_0.supplier_invoice_number,p1_0.total_amount,p1_0.unit,p1_0.updated_at,p1_0.user_id,p1_0.weight from purchases p1_0 where p1_0.user_id=? and p1_0.purchase_date between ? and ?
2026-09-07T19:38:28.494+05:30 TRACE 22976 --- [FinanceManagementSystem] [http-nio-8080-exec-3] org.hibernate.orm.jdbc.bind              : binding parameter (1:BIGINT) <- [2]
2026-09-07T19:38:28.494+05:30 TRACE 22976 --- [FinanceManagementSystem] [http-nio-8080-exec-3] org.hibernate.orm.jdbc.bind              : binding parameter (2:DATE) <- [2026-09-01]
2026-09-07T19:38:28.495+05:30 TRACE 22976 --- [FinanceManagementSystem] [http-nio-8080-exec-3] org.hibernate.orm.jdbc.bind              : binding parameter (3:DATE) <- [2026-09-30]
2026-09-07T19:38:28.497+05:30 DEBUG 22976 --- [FinanceManagementSystem] [http-nio-8080-exec-3] org.hibernate.SQL                        : select coalesce(sum(e1_0.amount),0) from expenses e1_0 where e1_0.user_id=? and e1_0.is_active=1 and (? is null or e1_0.expense_date>=?) and (? is null or e1_0.expense_date<=?)
2026-09-07T19:38:28.497+05:30 TRACE 22976 --- [FinanceManagementSystem] [http-nio-8080-exec-3] org.hibernate.orm.jdbc.bind              : binding parameter (1:BIGINT) <- [2]
2026-09-07T19:38:28.498+05:30 TRACE 22976 --- [FinanceManagementSystem] [http-nio-8080-exec-3] org.hibernate.orm.jdbc.bind              : binding parameter (2:DATE) <- [2026-09-01]
2026-09-07T19:38:28.498+05:30 TRACE 22976 --- [FinanceManagementSystem] [http-nio-8080-exec-3] org.hibernate.orm.jdbc.bind              : binding parameter (3:DATE) <- [2026-09-01]
2026-09-07T19:38:28.498+05:30 TRACE 22976 --- [FinanceManagementSystem] [http-nio-8080-exec-3] org.hibernate.orm.jdbc.bind              : binding parameter (4:DATE) <- [2026-09-30]
2026-09-07T19:38:28.498+05:30 TRACE 22976 --- [FinanceManagementSystem] [http-nio-8080-exec-3] org.hibernate.orm.jdbc.bind              : binding parameter (5:DATE) <- [2026-09-30]
2026-09-07T19:38:28.500+05:30 DEBUG 22976 --- [FinanceManagementSystem] [http-nio-8080-exec-3] org.hibernate.SQL                        : select s1_0.id,s1_0.amount,s1_0.created_at,s1_0.customer_id,s1_0.customer_invoice_number,s1_0.gst_amount,s1_0.gst_percentage,s1_0.payment_status,s1_0.public_id,s1_0.rate_per_unit,s1_0.raw_material,s1_0.sale_date,s1_0.sale_number,s1_0.total_amount,s1_0.unit,s1_0.updated_at,s1_0.user_id,s1_0.weight from sales s1_0 where s1_0.user_id=? order by s1_0.sale_date desc,s1_0.id desc limit ?
2026-09-07T19:38:28.500+05:30 TRACE 22976 --- [FinanceManagementSystem] [http-nio-8080-exec-3] org.hibernate.orm.jdbc.bind              : binding parameter (1:BIGINT) <- [2]
2026-09-07T19:38:28.500+05:30 TRACE 22976 --- [FinanceManagementSystem] [http-nio-8080-exec-3] org.hibernate.orm.jdbc.bind              : binding parameter (2:INTEGER) <- [5]
2026-09-07T19:38:28.504+05:30 DEBUG 22976 --- [FinanceManagementSystem] [http-nio-8080-exec-3] org.hibernate.SQL                        : select p1_0.id,p1_0.amount,p1_0.created_at,p1_0.gst_amount,p1_0.gst_percentage,p1_0.payment_status,p1_0.public_id,p1_0.purchase_date,p1_0.purchase_number,p1_0.purchase_status,p1_0.rate_per_unit,p1_0.raw_material,p1_0.supplier_id,p1_0.supplier_invoice_number,p1_0.total_amount,p1_0.unit,p1_0.updated_at,p1_0.user_id,p1_0.weight from purchases p1_0 where p1_0.user_id=? order by p1_0.purchase_date desc,p1_0.id desc limit ?
2026-09-07T19:38:28.504+05:30 TRACE 22976 --- [FinanceManagementSystem] [http-nio-8080-exec-3] org.hibernate.orm.jdbc.bind              : binding parameter (1:BIGINT) <- [2]
2026-09-07T19:38:28.504+05:30 TRACE 22976 --- [FinanceManagementSystem] [http-nio-8080-exec-3] org.hibernate.orm.jdbc.bind              : binding parameter (2:INTEGER) <- [5]
2026-09-07T19:38:28.507+05:30 DEBUG 22976 --- [FinanceManagementSystem] [http-nio-8080-exec-3] org.hibernate.SQL                        : select s1_0.id,a1_0.id,a1_0.address_line_1,a1_0.address_line_2,a1_0.city,a1_0.country,a1_0.created_at,a1_0.pincode,a1_0.state,a1_0.supplier_id,a1_0.updated_at,s1_0.alternate_mobile_number,s1_0.contact_person,s1_0.created_at,s1_0.email,s1_0.gst_number,s1_0.is_active,s1_0.mobile_number,s1_0.opening_balance,s1_0.payment_terms,s1_0.public_id,s1_0.supplier_name,s1_0.updated_at,s1_0.user_id from suppliers s1_0 left join supplier_address a1_0 on s1_0.id=a1_0.supplier_id where s1_0.id=?
2026-09-07T19:38:28.507+05:30 TRACE 22976 --- [FinanceManagementSystem] [http-nio-8080-exec-3] org.hibernate.orm.jdbc.bind              : binding parameter (1:BIGINT) <- [1]
2026-09-07T19:38:28.510+05:30 DEBUG 22976 --- [FinanceManagementSystem] [http-nio-8080-exec-3] org.hibernate.SQL                        : select e1_0.id,e1_0.amount,e1_0.category,e1_0.created_at,e1_0.description,e1_0.expense_date,e1_0.expense_number,e1_0.is_active,e1_0.payment_mode,e1_0.public_id,e1_0.reference_number,e1_0.remarks,e1_0.updated_at,e1_0.user_id from expenses e1_0 where e1_0.user_id=? and e1_0.is_active order by e1_0.expense_date desc limit ?
2026-09-07T19:38:28.511+05:30 TRACE 22976 --- [FinanceManagementSystem] [http-nio-8080-exec-3] org.hibernate.orm.jdbc.bind              : binding parameter (1:BIGINT) <- [2]
2026-09-07T19:38:28.512+05:30 TRACE 22976 --- [FinanceManagementSystem] [http-nio-8080-exec-3] org.hibernate.orm.jdbc.bind              : binding parameter (2:INTEGER) <- [5]
2026-09-07T19:38:28.514+05:30 DEBUG 22976 --- [FinanceManagementSystem] [http-nio-8080-exec-3] org.hibernate.SQL                        : select count(e1_0.id) from expenses e1_0 where e1_0.user_id=? and e1_0.is_active
2026-09-07T19:38:28.515+05:30 TRACE 22976 --- [FinanceManagementSystem] [http-nio-8080-exec-3] org.hibernate.orm.jdbc.bind              : binding parameter (1:BIGINT) <- [2]
2026-09-07T19:38:48.647+05:30 DEBUG 22976 --- [FinanceManagementSystem] [http-nio-8080-exec-6] org.hibernate.SQL                        : SELECT * FROM users WHERE LOWER(TRIM(email)) = LOWER(TRIM(?))
2026-09-07T19:38:48.647+05:30 TRACE 22976 --- [FinanceManagementSystem] [http-nio-8080-exec-6] org.hibernate.orm.jdbc.bind              : binding parameter (1:VARCHAR) <- [bhavesh@gmail.com]
2026-09-07T19:38:48.651+05:30 DEBUG 22976 --- [FinanceManagementSystem] [http-nio-8080-exec-6] org.hibernate.SQL                        : select ua1_0.id,ua1_0.area,ua1_0.city,ua1_0.country,ua1_0.created_at,ua1_0.house_no,ua1_0.pincode,ua1_0.society_name,ua1_0.state,ua1_0.updated_at,ua1_0.user_id from user_address ua1_0 where ua1_0.user_id=?
2026-09-07T19:38:48.651+05:30 TRACE 22976 --- [FinanceManagementSystem] [http-nio-8080-exec-6] org.hibernate.orm.jdbc.bind              : binding parameter (1:BIGINT) <- [2]
2026-09-07T19:38:48.653+05:30  INFO 22976 --- [FinanceManagementSystem] [http-nio-8080-exec-6] F.d.Security.CustomUserDetailsService    : CustomUserDetailsService - User loaded successfully: bhavesh@gmail.com
2026-09-07T19:38:48.663+05:30  INFO 22976 --- [FinanceManagementSystem] [http-nio-8080-exec-6] F.demo.Security.JwtUtil                  : JwtUtil - JWT token validation successful for user: bhavesh@gmail.com
2026-09-07T19:38:48.664+05:30  INFO 22976 --- [FinanceManagementSystem] [http-nio-8080-exec-6] F.demo.Security.JwtFilter                : JwtFilter - JWT validated successfully for user: bhavesh@gmail.com
2026-09-07T19:38:48.665+05:30  INFO 22976 --- [FinanceManagementSystem] [http-nio-8080-exec-6] F.demo.Controller.DashboardController    : CONTROLLER - request came in getDashboardSummary...
2026-09-07T19:38:48.668+05:30  INFO 22976 --- [FinanceManagementSystem] [http-nio-8080-exec-6] F.d.S.Implementations.DashboardService   : SERVICE - request came in getDashboardSummary...
2026-09-07T19:38:48.668+05:30 DEBUG 22976 --- [FinanceManagementSystem] [http-nio-8080-exec-6] org.hibernate.SQL                        : SELECT * FROM users WHERE LOWER(TRIM(email)) = LOWER(TRIM(?))
2026-09-07T19:38:48.668+05:30 TRACE 22976 --- [FinanceManagementSystem] [http-nio-8080-exec-6] org.hibernate.orm.jdbc.bind              : binding parameter (1:VARCHAR) <- [bhavesh@gmail.com]
2026-09-07T19:38:48.671+05:30 DEBUG 22976 --- [FinanceManagementSystem] [http-nio-8080-exec-6] org.hibernate.SQL                        : select ua1_0.id,ua1_0.area,ua1_0.city,ua1_0.country,ua1_0.created_at,ua1_0.house_no,ua1_0.pincode,ua1_0.society_name,ua1_0.state,ua1_0.updated_at,ua1_0.user_id from user_address ua1_0 where ua1_0.user_id=?
2026-09-07T19:38:48.671+05:30 TRACE 22976 --- [FinanceManagementSystem] [http-nio-8080-exec-6] org.hibernate.orm.jdbc.bind              : binding parameter (1:BIGINT) <- [2]
2026-09-07T19:38:48.673+05:30  INFO 22976 --- [FinanceManagementSystem] [http-nio-8080-exec-6] F.d.S.I.PurchasePaymentService           : SERVICE - request came in getTotalOutstandingAmount...
2026-09-07T19:38:48.674+05:30 DEBUG 22976 --- [FinanceManagementSystem] [http-nio-8080-exec-6] org.hibernate.SQL                        : SELECT * FROM users WHERE LOWER(TRIM(email)) = LOWER(TRIM(?))
2026-09-07T19:38:48.674+05:30 TRACE 22976 --- [FinanceManagementSystem] [http-nio-8080-exec-6] org.hibernate.orm.jdbc.bind              : binding parameter (1:VARCHAR) <- [bhavesh@gmail.com]
2026-09-07T19:38:48.678+05:30 DEBUG 22976 --- [FinanceManagementSystem] [http-nio-8080-exec-6] org.hibernate.SQL                        : select p1_0.id,p1_0.amount,p1_0.created_at,p1_0.gst_amount,p1_0.gst_percentage,p1_0.payment_status,p1_0.public_id,p1_0.purchase_date,p1_0.purchase_number,p1_0.purchase_status,p1_0.rate_per_unit,p1_0.raw_material,p1_0.supplier_id,p1_0.supplier_invoice_number,p1_0.total_amount,p1_0.unit,p1_0.updated_at,p1_0.user_id,p1_0.weight from purchases p1_0 where p1_0.user_id=? and p1_0.payment_status in (?,?)
2026-09-07T19:38:48.679+05:30 TRACE 22976 --- [FinanceManagementSystem] [http-nio-8080-exec-6] org.hibernate.orm.jdbc.bind              : binding parameter (1:BIGINT) <- [2]
2026-09-07T19:38:48.679+05:30 TRACE 22976 --- [FinanceManagementSystem] [http-nio-8080-exec-6] org.hibernate.orm.jdbc.bind              : binding parameter (2:ENUM) <- [PENDING]
2026-09-07T19:38:48.679+05:30 TRACE 22976 --- [FinanceManagementSystem] [http-nio-8080-exec-6] org.hibernate.orm.jdbc.bind              : binding parameter (3:ENUM) <- [PARTIALLY_PAID]
2026-09-07T19:38:48.682+05:30  INFO 22976 --- [FinanceManagementSystem] [http-nio-8080-exec-6] F.d.S.I.SalePaymentService               : SERVICE - request came in getTotalReceivableAmount...
2026-09-07T19:38:48.683+05:30 DEBUG 22976 --- [FinanceManagementSystem] [http-nio-8080-exec-6] org.hibernate.SQL                        : SELECT * FROM users WHERE LOWER(TRIM(email)) = LOWER(TRIM(?))
2026-09-07T19:38:48.683+05:30 TRACE 22976 --- [FinanceManagementSystem] [http-nio-8080-exec-6] org.hibernate.orm.jdbc.bind              : binding parameter (1:VARCHAR) <- [bhavesh@gmail.com]
2026-09-07T19:38:48.687+05:30 DEBUG 22976 --- [FinanceManagementSystem] [http-nio-8080-exec-6] org.hibernate.SQL                        : select s1_0.id,s1_0.amount,s1_0.created_at,s1_0.customer_id,s1_0.customer_invoice_number,s1_0.gst_amount,s1_0.gst_percentage,s1_0.payment_status,s1_0.public_id,s1_0.rate_per_unit,s1_0.raw_material,s1_0.sale_date,s1_0.sale_number,s1_0.total_amount,s1_0.unit,s1_0.updated_at,s1_0.user_id,s1_0.weight from sales s1_0 where s1_0.user_id=? and s1_0.payment_status in (?,?)
2026-09-07T19:38:48.688+05:30 TRACE 22976 --- [FinanceManagementSystem] [http-nio-8080-exec-6] org.hibernate.orm.jdbc.bind              : binding parameter (1:BIGINT) <- [2]
2026-09-07T19:38:48.688+05:30 TRACE 22976 --- [FinanceManagementSystem] [http-nio-8080-exec-6] org.hibernate.orm.jdbc.bind              : binding parameter (2:ENUM) <- [PENDING]
2026-09-07T19:38:48.688+05:30 TRACE 22976 --- [FinanceManagementSystem] [http-nio-8080-exec-6] org.hibernate.orm.jdbc.bind              : binding parameter (3:ENUM) <- [PARTIALLY_PAID]
2026-09-07T19:38:48.690+05:30 DEBUG 22976 --- [FinanceManagementSystem] [http-nio-8080-exec-6] org.hibernate.SQL                        : select coalesce(sum(sp1_0.amount_received),0) from sale_payments sp1_0 where sp1_0.user_id=?
2026-09-07T19:38:48.691+05:30 TRACE 22976 --- [FinanceManagementSystem] [http-nio-8080-exec-6] org.hibernate.orm.jdbc.bind              : binding parameter (1:BIGINT) <- [2]
2026-09-07T19:38:48.693+05:30 DEBUG 22976 --- [FinanceManagementSystem] [http-nio-8080-exec-6] org.hibernate.SQL                        : select coalesce(sum(pp1_0.amount_paid),0) from purchase_payments pp1_0 where pp1_0.user_id=?
2026-09-07T19:38:48.693+05:30 TRACE 22976 --- [FinanceManagementSystem] [http-nio-8080-exec-6] org.hibernate.orm.jdbc.bind              : binding parameter (1:BIGINT) <- [2]
2026-09-07T19:38:48.695+05:30 DEBUG 22976 --- [FinanceManagementSystem] [http-nio-8080-exec-6] org.hibernate.SQL                        : select coalesce(sum(e1_0.amount),0) from expenses e1_0 where e1_0.user_id=? and e1_0.is_active=1 and (? is null or e1_0.expense_date>=?) and (? is null or e1_0.expense_date<=?)
2026-09-07T19:38:48.695+05:30 TRACE 22976 --- [FinanceManagementSystem] [http-nio-8080-exec-6] org.hibernate.orm.jdbc.bind              : binding parameter (1:BIGINT) <- [2]
2026-09-07T19:38:48.695+05:30 TRACE 22976 --- [FinanceManagementSystem] [http-nio-8080-exec-6] org.hibernate.orm.jdbc.bind              : binding parameter (2:DATE) <- [null]
2026-09-07T19:38:48.696+05:30 TRACE 22976 --- [FinanceManagementSystem] [http-nio-8080-exec-6] org.hibernate.orm.jdbc.bind              : binding parameter (3:DATE) <- [null]
2026-09-07T19:38:48.696+05:30 TRACE 22976 --- [FinanceManagementSystem] [http-nio-8080-exec-6] org.hibernate.orm.jdbc.bind              : binding parameter (4:DATE) <- [null]
2026-09-07T19:38:48.696+05:30 TRACE 22976 --- [FinanceManagementSystem] [http-nio-8080-exec-6] org.hibernate.orm.jdbc.bind              : binding parameter (5:DATE) <- [null]
2026-09-07T19:38:48.698+05:30 DEBUG 22976 --- [FinanceManagementSystem] [http-nio-8080-exec-6] org.hibernate.SQL                        : select coalesce(sum(ppw1_0.amount),0) from partner_profit_withdrawals ppw1_0 where ppw1_0.user_id=?
2026-09-07T19:38:48.698+05:30 TRACE 22976 --- [FinanceManagementSystem] [http-nio-8080-exec-6] org.hibernate.orm.jdbc.bind              : binding parameter (1:BIGINT) <- [2]
2026-09-07T19:38:48.700+05:30  INFO 22976 --- [FinanceManagementSystem] [http-nio-8080-exec-6] F.d.S.Implementations.ExpenseService     : SERVICE - request came in getTotalExpenses...
2026-09-07T19:38:48.700+05:30 DEBUG 22976 --- [FinanceManagementSystem] [http-nio-8080-exec-6] org.hibernate.SQL                        : SELECT * FROM users WHERE LOWER(TRIM(email)) = LOWER(TRIM(?))
2026-09-07T19:38:48.702+05:30 TRACE 22976 --- [FinanceManagementSystem] [http-nio-8080-exec-6] org.hibernate.orm.jdbc.bind              : binding parameter (1:VARCHAR) <- [bhavesh@gmail.com]
2026-09-07T19:38:48.704+05:30 DEBUG 22976 --- [FinanceManagementSystem] [http-nio-8080-exec-6] org.hibernate.SQL                        : select coalesce(sum(e1_0.amount),0) from expenses e1_0 where e1_0.user_id=? and e1_0.is_active=1 and (? is null or e1_0.expense_date>=?) and (? is null or e1_0.expense_date<=?)
2026-09-07T19:38:48.704+05:30 TRACE 22976 --- [FinanceManagementSystem] [http-nio-8080-exec-6] org.hibernate.orm.jdbc.bind              : binding parameter (1:BIGINT) <- [2]
2026-09-07T19:38:48.705+05:30 TRACE 22976 --- [FinanceManagementSystem] [http-nio-8080-exec-6] org.hibernate.orm.jdbc.bind              : binding parameter (2:DATE) <- [2026-09-01]
2026-09-07T19:38:48.705+05:30 TRACE 22976 --- [FinanceManagementSystem] [http-nio-8080-exec-6] org.hibernate.orm.jdbc.bind              : binding parameter (3:DATE) <- [2026-09-01]
2026-09-07T19:38:48.705+05:30 TRACE 22976 --- [FinanceManagementSystem] [http-nio-8080-exec-6] org.hibernate.orm.jdbc.bind              : binding parameter (4:DATE) <- [2026-09-07]
2026-09-07T19:38:48.705+05:30 TRACE 22976 --- [FinanceManagementSystem] [http-nio-8080-exec-6] org.hibernate.orm.jdbc.bind              : binding parameter (5:DATE) <- [2026-09-07]
2026-09-07T19:38:48.707+05:30  INFO 22976 --- [FinanceManagementSystem] [http-nio-8080-exec-6] F.d.S.Implementations.StockService       : SERVICE - request came in getLowStockList...
2026-09-07T19:38:48.707+05:30 DEBUG 22976 --- [FinanceManagementSystem] [http-nio-8080-exec-6] org.hibernate.SQL                        : SELECT * FROM users WHERE LOWER(TRIM(email)) = LOWER(TRIM(?))
2026-09-07T19:38:48.708+05:30 TRACE 22976 --- [FinanceManagementSystem] [http-nio-8080-exec-6] org.hibernate.orm.jdbc.bind              : binding parameter (1:VARCHAR) <- [bhavesh@gmail.com]
2026-09-07T19:38:48.711+05:30 DEBUG 22976 --- [FinanceManagementSystem] [http-nio-8080-exec-6] org.hibernate.SQL                        : select s1_0.id,s1_0.created_at,s1_0.current_quantity,s1_0.is_active,s1_0.minimum_stock_level,s1_0.public_id,s1_0.raw_material,s1_0.unit,s1_0.updated_at,s1_0.user_id,s1_0.version from stocks s1_0 where s1_0.user_id=?
2026-09-07T19:38:48.712+05:30 TRACE 22976 --- [FinanceManagementSystem] [http-nio-8080-exec-6] org.hibernate.orm.jdbc.bind              : binding parameter (1:BIGINT) <- [2]
2026-09-07T19:38:48.714+05:30 DEBUG 22976 --- [FinanceManagementSystem] [http-nio-8080-exec-6] org.hibernate.SQL                        : SELECT * FROM users WHERE LOWER(TRIM(email)) = LOWER(TRIM(?))
2026-09-07T19:38:48.715+05:30 TRACE 22976 --- [FinanceManagementSystem] [http-nio-8080-exec-6] org.hibernate.orm.jdbc.bind              : binding parameter (1:VARCHAR) <- [bhavesh@gmail.com]
2026-09-07T19:38:48.717+05:30 DEBUG 22976 --- [FinanceManagementSystem] [http-nio-8080-exec-6] org.hibernate.SQL                        : select pd1_0.id,pd1_0.created_at,pd1_0.from_date,pd1_0.net_profit,pd1_0.public_id,pd1_0.to_date,pd1_0.total_expenses,pd1_0.total_purchase_cost,pd1_0.total_revenue,pd1_0.updated_at,pd1_0.user_id from profit_distributions pd1_0 where pd1_0.user_id=? order by coalesce(pd1_0.updated_at,pd1_0.created_at) desc,pd1_0.id desc
2026-09-07T19:38:48.718+05:30 TRACE 22976 --- [FinanceManagementSystem] [http-nio-8080-exec-6] org.hibernate.orm.jdbc.bind              : binding parameter (1:BIGINT) <- [2]
2026-09-07T19:38:48.720+05:30 DEBUG 22976 --- [FinanceManagementSystem] [http-nio-8080-exec-6] org.hibernate.SQL                        : select s1_0.id,s1_0.amount,s1_0.created_at,s1_0.customer_id,s1_0.customer_invoice_number,s1_0.gst_amount,s1_0.gst_percentage,s1_0.payment_status,s1_0.public_id,s1_0.rate_per_unit,s1_0.raw_material,s1_0.sale_date,s1_0.sale_number,s1_0.total_amount,s1_0.unit,s1_0.updated_at,s1_0.user_id,s1_0.weight from sales s1_0 where s1_0.user_id=? and s1_0.sale_date between ? and ?
2026-09-07T19:38:48.721+05:30 TRACE 22976 --- [FinanceManagementSystem] [http-nio-8080-exec-6] org.hibernate.orm.jdbc.bind              : binding parameter (1:BIGINT) <- [2]
2026-09-07T19:38:48.721+05:30 TRACE 22976 --- [FinanceManagementSystem] [http-nio-8080-exec-6] org.hibernate.orm.jdbc.bind              : binding parameter (2:DATE) <- [2026-04-01]
2026-09-07T19:38:48.721+05:30 TRACE 22976 --- [FinanceManagementSystem] [http-nio-8080-exec-6] org.hibernate.orm.jdbc.bind              : binding parameter (3:DATE) <- [2026-04-30]
2026-09-07T19:38:48.724+05:30 DEBUG 22976 --- [FinanceManagementSystem] [http-nio-8080-exec-6] org.hibernate.SQL                        : select p1_0.id,p1_0.amount,p1_0.created_at,p1_0.gst_amount,p1_0.gst_percentage,p1_0.payment_status,p1_0.public_id,p1_0.purchase_date,p1_0.purchase_number,p1_0.purchase_status,p1_0.rate_per_unit,p1_0.raw_material,p1_0.supplier_id,p1_0.supplier_invoice_number,p1_0.total_amount,p1_0.unit,p1_0.updated_at,p1_0.user_id,p1_0.weight from purchases p1_0 where p1_0.user_id=? and p1_0.purchase_date between ? and ?
2026-09-07T19:38:48.725+05:30 TRACE 22976 --- [FinanceManagementSystem] [http-nio-8080-exec-6] org.hibernate.orm.jdbc.bind              : binding parameter (1:BIGINT) <- [2]
2026-09-07T19:38:48.725+05:30 TRACE 22976 --- [FinanceManagementSystem] [http-nio-8080-exec-6] org.hibernate.orm.jdbc.bind              : binding parameter (2:DATE) <- [2026-04-01]
2026-09-07T19:38:48.725+05:30 TRACE 22976 --- [FinanceManagementSystem] [http-nio-8080-exec-6] org.hibernate.orm.jdbc.bind              : binding parameter (3:DATE) <- [2026-04-30]
2026-09-07T19:38:48.727+05:30 DEBUG 22976 --- [FinanceManagementSystem] [http-nio-8080-exec-6] org.hibernate.SQL                        : select coalesce(sum(e1_0.amount),0) from expenses e1_0 where e1_0.user_id=? and e1_0.is_active=1 and (? is null or e1_0.expense_date>=?) and (? is null or e1_0.expense_date<=?)
2026-09-07T19:38:48.728+05:30 TRACE 22976 --- [FinanceManagementSystem] [http-nio-8080-exec-6] org.hibernate.orm.jdbc.bind              : binding parameter (1:BIGINT) <- [2]
2026-09-07T19:38:48.728+05:30 TRACE 22976 --- [FinanceManagementSystem] [http-nio-8080-exec-6] org.hibernate.orm.jdbc.bind              : binding parameter (2:DATE) <- [2026-04-01]
2026-09-07T19:38:48.728+05:30 TRACE 22976 --- [FinanceManagementSystem] [http-nio-8080-exec-6] org.hibernate.orm.jdbc.bind              : binding parameter (3:DATE) <- [2026-04-01]
2026-09-07T19:38:48.728+05:30 TRACE 22976 --- [FinanceManagementSystem] [http-nio-8080-exec-6] org.hibernate.orm.jdbc.bind              : binding parameter (4:DATE) <- [2026-04-30]
2026-09-07T19:38:48.728+05:30 TRACE 22976 --- [FinanceManagementSystem] [http-nio-8080-exec-6] org.hibernate.orm.jdbc.bind              : binding parameter (5:DATE) <- [2026-04-30]
2026-09-07T19:38:48.731+05:30 DEBUG 22976 --- [FinanceManagementSystem] [http-nio-8080-exec-6] org.hibernate.SQL                        : select s1_0.id,s1_0.amount,s1_0.created_at,s1_0.customer_id,s1_0.customer_invoice_number,s1_0.gst_amount,s1_0.gst_percentage,s1_0.payment_status,s1_0.public_id,s1_0.rate_per_unit,s1_0.raw_material,s1_0.sale_date,s1_0.sale_number,s1_0.total_amount,s1_0.unit,s1_0.updated_at,s1_0.user_id,s1_0.weight from sales s1_0 where s1_0.user_id=? and s1_0.sale_date between ? and ?
2026-09-07T19:38:48.732+05:30 TRACE 22976 --- [FinanceManagementSystem] [http-nio-8080-exec-6] org.hibernate.orm.jdbc.bind              : binding parameter (1:BIGINT) <- [2]
2026-09-07T19:38:48.732+05:30 TRACE 22976 --- [FinanceManagementSystem] [http-nio-8080-exec-6] org.hibernate.orm.jdbc.bind              : binding parameter (2:DATE) <- [2026-05-01]
2026-09-07T19:38:48.732+05:30 TRACE 22976 --- [FinanceManagementSystem] [http-nio-8080-exec-6] org.hibernate.orm.jdbc.bind              : binding parameter (3:DATE) <- [2026-05-31]
2026-09-07T19:38:48.735+05:30 DEBUG 22976 --- [FinanceManagementSystem] [http-nio-8080-exec-6] org.hibernate.SQL                        : select p1_0.id,p1_0.amount,p1_0.created_at,p1_0.gst_amount,p1_0.gst_percentage,p1_0.payment_status,p1_0.public_id,p1_0.purchase_date,p1_0.purchase_number,p1_0.purchase_status,p1_0.rate_per_unit,p1_0.raw_material,p1_0.supplier_id,p1_0.supplier_invoice_number,p1_0.total_amount,p1_0.unit,p1_0.updated_at,p1_0.user_id,p1_0.weight from purchases p1_0 where p1_0.user_id=? and p1_0.purchase_date between ? and ?
2026-09-07T19:38:48.735+05:30 TRACE 22976 --- [FinanceManagementSystem] [http-nio-8080-exec-6] org.hibernate.orm.jdbc.bind              : binding parameter (1:BIGINT) <- [2]
2026-09-07T19:38:48.736+05:30 TRACE 22976 --- [FinanceManagementSystem] [http-nio-8080-exec-6] org.hibernate.orm.jdbc.bind              : binding parameter (2:DATE) <- [2026-05-01]
2026-09-07T19:38:48.736+05:30 TRACE 22976 --- [FinanceManagementSystem] [http-nio-8080-exec-6] org.hibernate.orm.jdbc.bind              : binding parameter (3:DATE) <- [2026-05-31]
2026-09-07T19:38:48.738+05:30 DEBUG 22976 --- [FinanceManagementSystem] [http-nio-8080-exec-6] org.hibernate.SQL                        : select coalesce(sum(e1_0.amount),0) from expenses e1_0 where e1_0.user_id=? and e1_0.is_active=1 and (? is null or e1_0.expense_date>=?) and (? is null or e1_0.expense_date<=?)
2026-09-07T19:38:48.738+05:30 TRACE 22976 --- [FinanceManagementSystem] [http-nio-8080-exec-6] org.hibernate.orm.jdbc.bind              : binding parameter (1:BIGINT) <- [2]
2026-09-07T19:38:48.739+05:30 TRACE 22976 --- [FinanceManagementSystem] [http-nio-8080-exec-6] org.hibernate.orm.jdbc.bind              : binding parameter (2:DATE) <- [2026-05-01]
2026-09-07T19:38:48.739+05:30 TRACE 22976 --- [FinanceManagementSystem] [http-nio-8080-exec-6] org.hibernate.orm.jdbc.bind              : binding parameter (3:DATE) <- [2026-05-01]
2026-09-07T19:38:48.739+05:30 TRACE 22976 --- [FinanceManagementSystem] [http-nio-8080-exec-6] org.hibernate.orm.jdbc.bind              : binding parameter (4:DATE) <- [2026-05-31]
2026-09-07T19:38:48.739+05:30 TRACE 22976 --- [FinanceManagementSystem] [http-nio-8080-exec-6] org.hibernate.orm.jdbc.bind              : binding parameter (5:DATE) <- [2026-05-31]
2026-09-07T19:38:48.742+05:30 DEBUG 22976 --- [FinanceManagementSystem] [http-nio-8080-exec-6] org.hibernate.SQL                        : select s1_0.id,s1_0.amount,s1_0.created_at,s1_0.customer_id,s1_0.customer_invoice_number,s1_0.gst_amount,s1_0.gst_percentage,s1_0.payment_status,s1_0.public_id,s1_0.rate_per_unit,s1_0.raw_material,s1_0.sale_date,s1_0.sale_number,s1_0.total_amount,s1_0.unit,s1_0.updated_at,s1_0.user_id,s1_0.weight from sales s1_0 where s1_0.user_id=? and s1_0.sale_date between ? and ?
2026-09-07T19:38:48.742+05:30 TRACE 22976 --- [FinanceManagementSystem] [http-nio-8080-exec-6] org.hibernate.orm.jdbc.bind              : binding parameter (1:BIGINT) <- [2]
2026-09-07T19:38:48.742+05:30 TRACE 22976 --- [FinanceManagementSystem] [http-nio-8080-exec-6] org.hibernate.orm.jdbc.bind              : binding parameter (2:DATE) <- [2026-06-01]
2026-09-07T19:38:48.742+05:30 TRACE 22976 --- [FinanceManagementSystem] [http-nio-8080-exec-6] org.hibernate.orm.jdbc.bind              : binding parameter (3:DATE) <- [2026-06-30]
2026-09-07T19:38:48.746+05:30 DEBUG 22976 --- [FinanceManagementSystem] [http-nio-8080-exec-6] org.hibernate.SQL                        : select p1_0.id,p1_0.amount,p1_0.created_at,p1_0.gst_amount,p1_0.gst_percentage,p1_0.payment_status,p1_0.public_id,p1_0.purchase_date,p1_0.purchase_number,p1_0.purchase_status,p1_0.rate_per_unit,p1_0.raw_material,p1_0.supplier_id,p1_0.supplier_invoice_number,p1_0.total_amount,p1_0.unit,p1_0.updated_at,p1_0.user_id,p1_0.weight from purchases p1_0 where p1_0.user_id=? and p1_0.purchase_date between ? and ?
2026-09-07T19:38:48.747+05:30 TRACE 22976 --- [FinanceManagementSystem] [http-nio-8080-exec-6] org.hibernate.orm.jdbc.bind              : binding parameter (1:BIGINT) <- [2]
2026-09-07T19:38:48.747+05:30 TRACE 22976 --- [FinanceManagementSystem] [http-nio-8080-exec-6] org.hibernate.orm.jdbc.bind              : binding parameter (2:DATE) <- [2026-06-01]
2026-09-07T19:38:48.747+05:30 TRACE 22976 --- [FinanceManagementSystem] [http-nio-8080-exec-6] org.hibernate.orm.jdbc.bind              : binding parameter (3:DATE) <- [2026-06-30]
2026-09-07T19:38:48.749+05:30 DEBUG 22976 --- [FinanceManagementSystem] [http-nio-8080-exec-6] org.hibernate.SQL                        : select coalesce(sum(e1_0.amount),0) from expenses e1_0 where e1_0.user_id=? and e1_0.is_active=1 and (? is null or e1_0.expense_date>=?) and (? is null or e1_0.expense_date<=?)
2026-09-07T19:38:48.750+05:30 TRACE 22976 --- [FinanceManagementSystem] [http-nio-8080-exec-6] org.hibernate.orm.jdbc.bind              : binding parameter (1:BIGINT) <- [2]
2026-09-07T19:38:48.750+05:30 TRACE 22976 --- [FinanceManagementSystem] [http-nio-8080-exec-6] org.hibernate.orm.jdbc.bind              : binding parameter (2:DATE) <- [2026-06-01]
2026-09-07T19:38:48.750+05:30 TRACE 22976 --- [FinanceManagementSystem] [http-nio-8080-exec-6] org.hibernate.orm.jdbc.bind              : binding parameter (3:DATE) <- [2026-06-01]
2026-09-07T19:38:48.750+05:30 TRACE 22976 --- [FinanceManagementSystem] [http-nio-8080-exec-6] org.hibernate.orm.jdbc.bind              : binding parameter (4:DATE) <- [2026-06-30]
2026-09-07T19:38:48.750+05:30 TRACE 22976 --- [FinanceManagementSystem] [http-nio-8080-exec-6] org.hibernate.orm.jdbc.bind              : binding parameter (5:DATE) <- [2026-06-30]
2026-09-07T19:38:48.753+05:30 DEBUG 22976 --- [FinanceManagementSystem] [http-nio-8080-exec-6] org.hibernate.SQL                        : select s1_0.id,s1_0.amount,s1_0.created_at,s1_0.customer_id,s1_0.customer_invoice_number,s1_0.gst_amount,s1_0.gst_percentage,s1_0.payment_status,s1_0.public_id,s1_0.rate_per_unit,s1_0.raw_material,s1_0.sale_date,s1_0.sale_number,s1_0.total_amount,s1_0.unit,s1_0.updated_at,s1_0.user_id,s1_0.weight from sales s1_0 where s1_0.user_id=? and s1_0.sale_date between ? and ?
2026-09-07T19:38:48.754+05:30 TRACE 22976 --- [FinanceManagementSystem] [http-nio-8080-exec-6] org.hibernate.orm.jdbc.bind              : binding parameter (1:BIGINT) <- [2]
2026-09-07T19:38:48.754+05:30 TRACE 22976 --- [FinanceManagementSystem] [http-nio-8080-exec-6] org.hibernate.orm.jdbc.bind              : binding parameter (2:DATE) <- [2026-07-01]
2026-09-07T19:38:48.754+05:30 TRACE 22976 --- [FinanceManagementSystem] [http-nio-8080-exec-6] org.hibernate.orm.jdbc.bind              : binding parameter (3:DATE) <- [2026-07-31]
2026-09-07T19:38:48.757+05:30 DEBUG 22976 --- [FinanceManagementSystem] [http-nio-8080-exec-6] org.hibernate.SQL                        : select p1_0.id,p1_0.amount,p1_0.created_at,p1_0.gst_amount,p1_0.gst_percentage,p1_0.payment_status,p1_0.public_id,p1_0.purchase_date,p1_0.purchase_number,p1_0.purchase_status,p1_0.rate_per_unit,p1_0.raw_material,p1_0.supplier_id,p1_0.supplier_invoice_number,p1_0.total_amount,p1_0.unit,p1_0.updated_at,p1_0.user_id,p1_0.weight from purchases p1_0 where p1_0.user_id=? and p1_0.purchase_date between ? and ?
2026-09-07T19:38:48.757+05:30 TRACE 22976 --- [FinanceManagementSystem] [http-nio-8080-exec-6] org.hibernate.orm.jdbc.bind              : binding parameter (1:BIGINT) <- [2]
2026-09-07T19:38:48.757+05:30 TRACE 22976 --- [FinanceManagementSystem] [http-nio-8080-exec-6] org.hibernate.orm.jdbc.bind              : binding parameter (2:DATE) <- [2026-07-01]
2026-09-07T19:38:48.757+05:30 TRACE 22976 --- [FinanceManagementSystem] [http-nio-8080-exec-6] org.hibernate.orm.jdbc.bind              : binding parameter (3:DATE) <- [2026-07-31]
2026-09-07T19:38:48.760+05:30 DEBUG 22976 --- [FinanceManagementSystem] [http-nio-8080-exec-6] org.hibernate.SQL                        : select coalesce(sum(e1_0.amount),0) from expenses e1_0 where e1_0.user_id=? and e1_0.is_active=1 and (? is null or e1_0.expense_date>=?) and (? is null or e1_0.expense_date<=?)
2026-09-07T19:38:48.760+05:30 TRACE 22976 --- [FinanceManagementSystem] [http-nio-8080-exec-6] org.hibernate.orm.jdbc.bind              : binding parameter (1:BIGINT) <- [2]
2026-09-07T19:38:48.760+05:30 TRACE 22976 --- [FinanceManagementSystem] [http-nio-8080-exec-6] org.hibernate.orm.jdbc.bind              : binding parameter (2:DATE) <- [2026-07-01]
2026-09-07T19:38:48.761+05:30 TRACE 22976 --- [FinanceManagementSystem] [http-nio-8080-exec-6] org.hibernate.orm.jdbc.bind              : binding parameter (3:DATE) <- [2026-07-01]
2026-09-07T19:38:48.761+05:30 TRACE 22976 --- [FinanceManagementSystem] [http-nio-8080-exec-6] org.hibernate.orm.jdbc.bind              : binding parameter (4:DATE) <- [2026-07-31]
2026-09-07T19:38:48.761+05:30 TRACE 22976 --- [FinanceManagementSystem] [http-nio-8080-exec-6] org.hibernate.orm.jdbc.bind              : binding parameter (5:DATE) <- [2026-07-31]
2026-09-07T19:38:48.764+05:30 DEBUG 22976 --- [FinanceManagementSystem] [http-nio-8080-exec-6] org.hibernate.SQL                        : select s1_0.id,s1_0.amount,s1_0.created_at,s1_0.customer_id,s1_0.customer_invoice_number,s1_0.gst_amount,s1_0.gst_percentage,s1_0.payment_status,s1_0.public_id,s1_0.rate_per_unit,s1_0.raw_material,s1_0.sale_date,s1_0.sale_number,s1_0.total_amount,s1_0.unit,s1_0.updated_at,s1_0.user_id,s1_0.weight from sales s1_0 where s1_0.user_id=? and s1_0.sale_date between ? and ?
2026-09-07T19:38:48.764+05:30 TRACE 22976 --- [FinanceManagementSystem] [http-nio-8080-exec-6] org.hibernate.orm.jdbc.bind              : binding parameter (1:BIGINT) <- [2]
2026-09-07T19:38:48.764+05:30 TRACE 22976 --- [FinanceManagementSystem] [http-nio-8080-exec-6] org.hibernate.orm.jdbc.bind              : binding parameter (2:DATE) <- [2026-08-01]
2026-09-07T19:38:48.764+05:30 TRACE 22976 --- [FinanceManagementSystem] [http-nio-8080-exec-6] org.hibernate.orm.jdbc.bind              : binding parameter (3:DATE) <- [2026-08-31]
2026-09-07T19:38:48.767+05:30 DEBUG 22976 --- [FinanceManagementSystem] [http-nio-8080-exec-6] org.hibernate.SQL                        : select p1_0.id,p1_0.amount,p1_0.created_at,p1_0.gst_amount,p1_0.gst_percentage,p1_0.payment_status,p1_0.public_id,p1_0.purchase_date,p1_0.purchase_number,p1_0.purchase_status,p1_0.rate_per_unit,p1_0.raw_material,p1_0.supplier_id,p1_0.supplier_invoice_number,p1_0.total_amount,p1_0.unit,p1_0.updated_at,p1_0.user_id,p1_0.weight from purchases p1_0 where p1_0.user_id=? and p1_0.purchase_date between ? and ?
2026-09-07T19:38:48.768+05:30 TRACE 22976 --- [FinanceManagementSystem] [http-nio-8080-exec-6] org.hibernate.orm.jdbc.bind              : binding parameter (1:BIGINT) <- [2]
2026-09-07T19:38:48.768+05:30 TRACE 22976 --- [FinanceManagementSystem] [http-nio-8080-exec-6] org.hibernate.orm.jdbc.bind              : binding parameter (2:DATE) <- [2026-08-01]
2026-09-07T19:38:48.768+05:30 TRACE 22976 --- [FinanceManagementSystem] [http-nio-8080-exec-6] org.hibernate.orm.jdbc.bind              : binding parameter (3:DATE) <- [2026-08-31]
2026-09-07T19:38:48.770+05:30 DEBUG 22976 --- [FinanceManagementSystem] [http-nio-8080-exec-6] org.hibernate.SQL                        : select coalesce(sum(e1_0.amount),0) from expenses e1_0 where e1_0.user_id=? and e1_0.is_active=1 and (? is null or e1_0.expense_date>=?) and (? is null or e1_0.expense_date<=?)
2026-09-07T19:38:48.771+05:30 TRACE 22976 --- [FinanceManagementSystem] [http-nio-8080-exec-6] org.hibernate.orm.jdbc.bind              : binding parameter (1:BIGINT) <- [2]
2026-09-07T19:38:48.771+05:30 TRACE 22976 --- [FinanceManagementSystem] [http-nio-8080-exec-6] org.hibernate.orm.jdbc.bind              : binding parameter (2:DATE) <- [2026-08-01]
2026-09-07T19:38:48.771+05:30 TRACE 22976 --- [FinanceManagementSystem] [http-nio-8080-exec-6] org.hibernate.orm.jdbc.bind              : binding parameter (3:DATE) <- [2026-08-01]
2026-09-07T19:38:48.771+05:30 TRACE 22976 --- [FinanceManagementSystem] [http-nio-8080-exec-6] org.hibernate.orm.jdbc.bind              : binding parameter (4:DATE) <- [2026-08-31]
2026-09-07T19:38:48.771+05:30 TRACE 22976 --- [FinanceManagementSystem] [http-nio-8080-exec-6] org.hibernate.orm.jdbc.bind              : binding parameter (5:DATE) <- [2026-08-31]
2026-09-07T19:38:48.774+05:30 DEBUG 22976 --- [FinanceManagementSystem] [http-nio-8080-exec-6] org.hibernate.SQL                        : select s1_0.id,s1_0.amount,s1_0.created_at,s1_0.customer_id,s1_0.customer_invoice_number,s1_0.gst_amount,s1_0.gst_percentage,s1_0.payment_status,s1_0.public_id,s1_0.rate_per_unit,s1_0.raw_material,s1_0.sale_date,s1_0.sale_number,s1_0.total_amount,s1_0.unit,s1_0.updated_at,s1_0.user_id,s1_0.weight from sales s1_0 where s1_0.user_id=? and s1_0.sale_date between ? and ?
2026-09-07T19:38:48.774+05:30 TRACE 22976 --- [FinanceManagementSystem] [http-nio-8080-exec-6] org.hibernate.orm.jdbc.bind              : binding parameter (1:BIGINT) <- [2]
2026-09-07T19:38:48.774+05:30 TRACE 22976 --- [FinanceManagementSystem] [http-nio-8080-exec-6] org.hibernate.orm.jdbc.bind              : binding parameter (2:DATE) <- [2026-09-01]
2026-09-07T19:38:48.775+05:30 TRACE 22976 --- [FinanceManagementSystem] [http-nio-8080-exec-6] org.hibernate.orm.jdbc.bind              : binding parameter (3:DATE) <- [2026-09-30]
2026-09-07T19:38:48.777+05:30 DEBUG 22976 --- [FinanceManagementSystem] [http-nio-8080-exec-6] org.hibernate.SQL                        : select p1_0.id,p1_0.amount,p1_0.created_at,p1_0.gst_amount,p1_0.gst_percentage,p1_0.payment_status,p1_0.public_id,p1_0.purchase_date,p1_0.purchase_number,p1_0.purchase_status,p1_0.rate_per_unit,p1_0.raw_material,p1_0.supplier_id,p1_0.supplier_invoice_number,p1_0.total_amount,p1_0.unit,p1_0.updated_at,p1_0.user_id,p1_0.weight from purchases p1_0 where p1_0.user_id=? and p1_0.purchase_date between ? and ?
2026-09-07T19:38:48.778+05:30 TRACE 22976 --- [FinanceManagementSystem] [http-nio-8080-exec-6] org.hibernate.orm.jdbc.bind              : binding parameter (1:BIGINT) <- [2]
2026-09-07T19:38:48.778+05:30 TRACE 22976 --- [FinanceManagementSystem] [http-nio-8080-exec-6] org.hibernate.orm.jdbc.bind              : binding parameter (2:DATE) <- [2026-09-01]
2026-09-07T19:38:48.778+05:30 TRACE 22976 --- [FinanceManagementSystem] [http-nio-8080-exec-6] org.hibernate.orm.jdbc.bind              : binding parameter (3:DATE) <- [2026-09-30]
2026-09-07T19:38:48.781+05:30 DEBUG 22976 --- [FinanceManagementSystem] [http-nio-8080-exec-6] org.hibernate.SQL                        : select coalesce(sum(e1_0.amount),0) from expenses e1_0 where e1_0.user_id=? and e1_0.is_active=1 and (? is null or e1_0.expense_date>=?) and (? is null or e1_0.expense_date<=?)
2026-09-07T19:38:48.781+05:30 TRACE 22976 --- [FinanceManagementSystem] [http-nio-8080-exec-6] org.hibernate.orm.jdbc.bind              : binding parameter (1:BIGINT) <- [2]
2026-09-07T19:38:48.781+05:30 TRACE 22976 --- [FinanceManagementSystem] [http-nio-8080-exec-6] org.hibernate.orm.jdbc.bind              : binding parameter (2:DATE) <- [2026-09-01]
2026-09-07T19:38:48.781+05:30 TRACE 22976 --- [FinanceManagementSystem] [http-nio-8080-exec-6] org.hibernate.orm.jdbc.bind              : binding parameter (3:DATE) <- [2026-09-01]
2026-09-07T19:38:48.781+05:30 TRACE 22976 --- [FinanceManagementSystem] [http-nio-8080-exec-6] org.hibernate.orm.jdbc.bind              : binding parameter (4:DATE) <- [2026-09-30]
2026-09-07T19:38:48.781+05:30 TRACE 22976 --- [FinanceManagementSystem] [http-nio-8080-exec-6] org.hibernate.orm.jdbc.bind              : binding parameter (5:DATE) <- [2026-09-30]
2026-09-07T19:38:48.785+05:30 DEBUG 22976 --- [FinanceManagementSystem] [http-nio-8080-exec-6] org.hibernate.SQL                        : select s1_0.id,s1_0.amount,s1_0.created_at,s1_0.customer_id,s1_0.customer_invoice_number,s1_0.gst_amount,s1_0.gst_percentage,s1_0.payment_status,s1_0.public_id,s1_0.rate_per_unit,s1_0.raw_material,s1_0.sale_date,s1_0.sale_number,s1_0.total_amount,s1_0.unit,s1_0.updated_at,s1_0.user_id,s1_0.weight from sales s1_0 where s1_0.user_id=? order by s1_0.sale_date desc,s1_0.id desc limit ?
2026-09-07T19:38:48.785+05:30 TRACE 22976 --- [FinanceManagementSystem] [http-nio-8080-exec-6] org.hibernate.orm.jdbc.bind              : binding parameter (1:BIGINT) <- [2]
2026-09-07T19:38:48.785+05:30 TRACE 22976 --- [FinanceManagementSystem] [http-nio-8080-exec-6] org.hibernate.orm.jdbc.bind              : binding parameter (2:INTEGER) <- [5]
2026-09-07T19:38:48.788+05:30 DEBUG 22976 --- [FinanceManagementSystem] [http-nio-8080-exec-6] org.hibernate.SQL                        : select p1_0.id,p1_0.amount,p1_0.created_at,p1_0.gst_amount,p1_0.gst_percentage,p1_0.payment_status,p1_0.public_id,p1_0.purchase_date,p1_0.purchase_number,p1_0.purchase_status,p1_0.rate_per_unit,p1_0.raw_material,p1_0.supplier_id,p1_0.supplier_invoice_number,p1_0.total_amount,p1_0.unit,p1_0.updated_at,p1_0.user_id,p1_0.weight from purchases p1_0 where p1_0.user_id=? order by p1_0.purchase_date desc,p1_0.id desc limit ?
2026-09-07T19:38:48.789+05:30 TRACE 22976 --- [FinanceManagementSystem] [http-nio-8080-exec-6] org.hibernate.orm.jdbc.bind              : binding parameter (1:BIGINT) <- [2]
2026-09-07T19:38:48.789+05:30 TRACE 22976 --- [FinanceManagementSystem] [http-nio-8080-exec-6] org.hibernate.orm.jdbc.bind              : binding parameter (2:INTEGER) <- [5]
2026-09-07T19:38:48.792+05:30 DEBUG 22976 --- [FinanceManagementSystem] [http-nio-8080-exec-6] org.hibernate.SQL                        : select s1_0.id,a1_0.id,a1_0.address_line_1,a1_0.address_line_2,a1_0.city,a1_0.country,a1_0.created_at,a1_0.pincode,a1_0.state,a1_0.supplier_id,a1_0.updated_at,s1_0.alternate_mobile_number,s1_0.contact_person,s1_0.created_at,s1_0.email,s1_0.gst_number,s1_0.is_active,s1_0.mobile_number,s1_0.opening_balance,s1_0.payment_terms,s1_0.public_id,s1_0.supplier_name,s1_0.updated_at,s1_0.user_id from suppliers s1_0 left join supplier_address a1_0 on s1_0.id=a1_0.supplier_id where s1_0.id=?
2026-09-07T19:38:48.792+05:30 TRACE 22976 --- [FinanceManagementSystem] [http-nio-8080-exec-6] org.hibernate.orm.jdbc.bind              : binding parameter (1:BIGINT) <- [1]
2026-09-07T19:38:48.796+05:30 DEBUG 22976 --- [FinanceManagementSystem] [http-nio-8080-exec-6] org.hibernate.SQL                        : select e1_0.id,e1_0.amount,e1_0.category,e1_0.created_at,e1_0.description,e1_0.expense_date,e1_0.expense_number,e1_0.is_active,e1_0.payment_mode,e1_0.public_id,e1_0.reference_number,e1_0.remarks,e1_0.updated_at,e1_0.user_id from expenses e1_0 where e1_0.user_id=? and e1_0.is_active order by e1_0.expense_date desc limit ?
2026-09-07T19:38:48.796+05:30 TRACE 22976 --- [FinanceManagementSystem] [http-nio-8080-exec-6] org.hibernate.orm.jdbc.bind              : binding parameter (1:BIGINT) <- [2]
2026-09-07T19:38:48.796+05:30 TRACE 22976 --- [FinanceManagementSystem] [http-nio-8080-exec-6] org.hibernate.orm.jdbc.bind              : binding parameter (2:INTEGER) <- [5]
2026-09-07T19:38:48.800+05:30 DEBUG 22976 --- [FinanceManagementSystem] [http-nio-8080-exec-6] org.hibernate.SQL                        : select count(e1_0.id) from expenses e1_0 where e1_0.user_id=? and e1_0.is_active
2026-09-07T19:38:48.801+05:30 TRACE 22976 --- [FinanceManagementSystem] [http-nio-8080-exec-6] org.hibernate.orm.jdbc.bind              : binding parameter (1:BIGINT) <- [2]
2026-09-07T19:39:08.827+05:30 DEBUG 22976 --- [FinanceManagementSystem] [http-nio-8080-exec-7] org.hibernate.SQL                        : SELECT * FROM users WHERE LOWER(TRIM(email)) = LOWER(TRIM(?))
2026-09-07T19:39:08.828+05:30 TRACE 22976 --- [FinanceManagementSystem] [http-nio-8080-exec-7] org.hibernate.orm.jdbc.bind              : binding parameter (1:VARCHAR) <- [bhavesh@gmail.com]
2026-09-07T19:39:08.829+05:30 DEBUG 22976 --- [FinanceManagementSystem] [http-nio-8080-exec-7] org.hibernate.SQL                        : select ua1_0.id,ua1_0.area,ua1_0.city,ua1_0.country,ua1_0.created_at,ua1_0.house_no,ua1_0.pincode,ua1_0.society_name,ua1_0.state,ua1_0.updated_at,ua1_0.user_id from user_address ua1_0 where ua1_0.user_id=?
2026-09-07T19:39:08.830+05:30 TRACE 22976 --- [FinanceManagementSystem] [http-nio-8080-exec-7] org.hibernate.orm.jdbc.bind              : binding parameter (1:BIGINT) <- [2]
2026-09-07T19:39:08.832+05:30  INFO 22976 --- [FinanceManagementSystem] [http-nio-8080-exec-7] F.d.Security.CustomUserDetailsService    : CustomUserDetailsService - User loaded successfully: bhavesh@gmail.com
2026-09-07T19:39:08.839+05:30  INFO 22976 --- [FinanceManagementSystem] [http-nio-8080-exec-7] F.demo.Security.JwtUtil                  : JwtUtil - JWT token validation successful for user: bhavesh@gmail.com
2026-09-07T19:39:08.839+05:30  INFO 22976 --- [FinanceManagementSystem] [http-nio-8080-exec-7] F.demo.Security.JwtFilter                : JwtFilter - JWT validated successfully for user: bhavesh@gmail.com
2026-09-07T19:39:08.840+05:30  INFO 22976 --- [FinanceManagementSystem] [http-nio-8080-exec-7] F.demo.Controller.DashboardController    : CONTROLLER - request came in getDashboardSummary...
2026-09-07T19:39:08.842+05:30  INFO 22976 --- [FinanceManagementSystem] [http-nio-8080-exec-7] F.d.S.Implementations.DashboardService   : SERVICE - request came in getDashboardSummary...
2026-09-07T19:39:08.843+05:30 DEBUG 22976 --- [FinanceManagementSystem] [http-nio-8080-exec-7] org.hibernate.SQL                        : SELECT * FROM users WHERE LOWER(TRIM(email)) = LOWER(TRIM(?))
2026-09-07T19:39:08.843+05:30 TRACE 22976 --- [FinanceManagementSystem] [http-nio-8080-exec-7] org.hibernate.orm.jdbc.bind              : binding parameter (1:VARCHAR) <- [bhavesh@gmail.com]
2026-09-07T19:39:08.844+05:30 DEBUG 22976 --- [FinanceManagementSystem] [http-nio-8080-exec-7] org.hibernate.SQL                        : select ua1_0.id,ua1_0.area,ua1_0.city,ua1_0.country,ua1_0.created_at,ua1_0.house_no,ua1_0.pincode,ua1_0.society_name,ua1_0.state,ua1_0.updated_at,ua1_0.user_id from user_address ua1_0 where ua1_0.user_id=?
2026-09-07T19:39:08.845+05:30 TRACE 22976 --- [FinanceManagementSystem] [http-nio-8080-exec-7] org.hibernate.orm.jdbc.bind              : binding parameter (1:BIGINT) <- [2]
2026-09-07T19:39:08.846+05:30  INFO 22976 --- [FinanceManagementSystem] [http-nio-8080-exec-7] F.d.S.I.PurchasePaymentService           : SERVICE - request came in getTotalOutstandingAmount...
2026-09-07T19:39:08.847+05:30 DEBUG 22976 --- [FinanceManagementSystem] [http-nio-8080-exec-7] org.hibernate.SQL                        : SELECT * FROM users WHERE LOWER(TRIM(email)) = LOWER(TRIM(?))
2026-09-07T19:39:08.847+05:30 TRACE 22976 --- [FinanceManagementSystem] [http-nio-8080-exec-7] org.hibernate.orm.jdbc.bind              : binding parameter (1:VARCHAR) <- [bhavesh@gmail.com]
2026-09-07T19:39:08.850+05:30 DEBUG 22976 --- [FinanceManagementSystem] [http-nio-8080-exec-7] org.hibernate.SQL                        : select p1_0.id,p1_0.amount,p1_0.created_at,p1_0.gst_amount,p1_0.gst_percentage,p1_0.payment_status,p1_0.public_id,p1_0.purchase_date,p1_0.purchase_number,p1_0.purchase_status,p1_0.rate_per_unit,p1_0.raw_material,p1_0.supplier_id,p1_0.supplier_invoice_number,p1_0.total_amount,p1_0.unit,p1_0.updated_at,p1_0.user_id,p1_0.weight from purchases p1_0 where p1_0.user_id=? and p1_0.payment_status in (?,?)
2026-09-07T19:39:08.851+05:30 TRACE 22976 --- [FinanceManagementSystem] [http-nio-8080-exec-7] org.hibernate.orm.jdbc.bind              : binding parameter (1:BIGINT) <- [2]
2026-09-07T19:39:08.851+05:30 TRACE 22976 --- [FinanceManagementSystem] [http-nio-8080-exec-7] org.hibernate.orm.jdbc.bind              : binding parameter (2:ENUM) <- [PENDING]
2026-09-07T19:39:08.851+05:30 TRACE 22976 --- [FinanceManagementSystem] [http-nio-8080-exec-7] org.hibernate.orm.jdbc.bind              : binding parameter (3:ENUM) <- [PARTIALLY_PAID]
2026-09-07T19:39:08.853+05:30  INFO 22976 --- [FinanceManagementSystem] [http-nio-8080-exec-7] F.d.S.I.SalePaymentService               : SERVICE - request came in getTotalReceivableAmount...
2026-09-07T19:39:08.854+05:30 DEBUG 22976 --- [FinanceManagementSystem] [http-nio-8080-exec-7] org.hibernate.SQL                        : SELECT * FROM users WHERE LOWER(TRIM(email)) = LOWER(TRIM(?))
2026-09-07T19:39:08.854+05:30 TRACE 22976 --- [FinanceManagementSystem] [http-nio-8080-exec-7] org.hibernate.orm.jdbc.bind              : binding parameter (1:VARCHAR) <- [bhavesh@gmail.com]
2026-09-07T19:39:08.857+05:30 DEBUG 22976 --- [FinanceManagementSystem] [http-nio-8080-exec-7] org.hibernate.SQL                        : select s1_0.id,s1_0.amount,s1_0.created_at,s1_0.customer_id,s1_0.customer_invoice_number,s1_0.gst_amount,s1_0.gst_percentage,s1_0.payment_status,s1_0.public_id,s1_0.rate_per_unit,s1_0.raw_material,s1_0.sale_date,s1_0.sale_number,s1_0.total_amount,s1_0.unit,s1_0.updated_at,s1_0.user_id,s1_0.weight from sales s1_0 where s1_0.user_id=? and s1_0.payment_status in (?,?)
2026-09-07T19:39:08.857+05:30 TRACE 22976 --- [FinanceManagementSystem] [http-nio-8080-exec-7] org.hibernate.orm.jdbc.bind              : binding parameter (1:BIGINT) <- [2]
2026-09-07T19:39:08.857+05:30 TRACE 22976 --- [FinanceManagementSystem] [http-nio-8080-exec-7] org.hibernate.orm.jdbc.bind              : binding parameter (2:ENUM) <- [PENDING]
2026-09-07T19:39:08.857+05:30 TRACE 22976 --- [FinanceManagementSystem] [http-nio-8080-exec-7] org.hibernate.orm.jdbc.bind              : binding parameter (3:ENUM) <- [PARTIALLY_PAID]
2026-09-07T19:39:08.859+05:30 DEBUG 22976 --- [FinanceManagementSystem] [http-nio-8080-exec-7] org.hibernate.SQL                        : select coalesce(sum(sp1_0.amount_received),0) from sale_payments sp1_0 where sp1_0.user_id=?
2026-09-07T19:39:08.859+05:30 TRACE 22976 --- [FinanceManagementSystem] [http-nio-8080-exec-7] org.hibernate.orm.jdbc.bind              : binding parameter (1:BIGINT) <- [2]
2026-09-07T19:39:08.861+05:30 DEBUG 22976 --- [FinanceManagementSystem] [http-nio-8080-exec-7] org.hibernate.SQL                        : select coalesce(sum(pp1_0.amount_paid),0) from purchase_payments pp1_0 where pp1_0.user_id=?
2026-09-07T19:39:08.861+05:30 TRACE 22976 --- [FinanceManagementSystem] [http-nio-8080-exec-7] org.hibernate.orm.jdbc.bind              : binding parameter (1:BIGINT) <- [2]
2026-09-07T19:39:08.863+05:30 DEBUG 22976 --- [FinanceManagementSystem] [http-nio-8080-exec-7] org.hibernate.SQL                        : select coalesce(sum(e1_0.amount),0) from expenses e1_0 where e1_0.user_id=? and e1_0.is_active=1 and (? is null or e1_0.expense_date>=?) and (? is null or e1_0.expense_date<=?)
2026-09-07T19:39:08.863+05:30 TRACE 22976 --- [FinanceManagementSystem] [http-nio-8080-exec-7] org.hibernate.orm.jdbc.bind              : binding parameter (1:BIGINT) <- [2]
2026-09-07T19:39:08.863+05:30 TRACE 22976 --- [FinanceManagementSystem] [http-nio-8080-exec-7] org.hibernate.orm.jdbc.bind              : binding parameter (2:DATE) <- [null]
2026-09-07T19:39:08.864+05:30 TRACE 22976 --- [FinanceManagementSystem] [http-nio-8080-exec-7] org.hibernate.orm.jdbc.bind              : binding parameter (3:DATE) <- [null]
2026-09-07T19:39:08.864+05:30 TRACE 22976 --- [FinanceManagementSystem] [http-nio-8080-exec-7] org.hibernate.orm.jdbc.bind              : binding parameter (4:DATE) <- [null]
2026-09-07T19:39:08.864+05:30 TRACE 22976 --- [FinanceManagementSystem] [http-nio-8080-exec-7] org.hibernate.orm.jdbc.bind              : binding parameter (5:DATE) <- [null]
2026-09-07T19:39:08.865+05:30 DEBUG 22976 --- [FinanceManagementSystem] [http-nio-8080-exec-7] org.hibernate.SQL                        : select coalesce(sum(ppw1_0.amount),0) from partner_profit_withdrawals ppw1_0 where ppw1_0.user_id=?
2026-09-07T19:39:08.866+05:30 TRACE 22976 --- [FinanceManagementSystem] [http-nio-8080-exec-7] org.hibernate.orm.jdbc.bind              : binding parameter (1:BIGINT) <- [2]
2026-09-07T19:39:08.867+05:30  INFO 22976 --- [FinanceManagementSystem] [http-nio-8080-exec-7] F.d.S.Implementations.ExpenseService     : SERVICE - request came in getTotalExpenses...
2026-09-07T19:39:08.868+05:30 DEBUG 22976 --- [FinanceManagementSystem] [http-nio-8080-exec-7] org.hibernate.SQL                        : SELECT * FROM users WHERE LOWER(TRIM(email)) = LOWER(TRIM(?))
2026-09-07T19:39:08.868+05:30 TRACE 22976 --- [FinanceManagementSystem] [http-nio-8080-exec-7] org.hibernate.orm.jdbc.bind              : binding parameter (1:VARCHAR) <- [bhavesh@gmail.com]
2026-09-07T19:39:08.870+05:30 DEBUG 22976 --- [FinanceManagementSystem] [http-nio-8080-exec-7] org.hibernate.SQL                        : select coalesce(sum(e1_0.amount),0) from expenses e1_0 where e1_0.user_id=? and e1_0.is_active=1 and (? is null or e1_0.expense_date>=?) and (? is null or e1_0.expense_date<=?)
2026-09-07T19:39:08.870+05:30 TRACE 22976 --- [FinanceManagementSystem] [http-nio-8080-exec-7] org.hibernate.orm.jdbc.bind              : binding parameter (1:BIGINT) <- [2]
2026-09-07T19:39:08.870+05:30 TRACE 22976 --- [FinanceManagementSystem] [http-nio-8080-exec-7] org.hibernate.orm.jdbc.bind              : binding parameter (2:DATE) <- [2026-09-01]
2026-09-07T19:39:08.870+05:30 TRACE 22976 --- [FinanceManagementSystem] [http-nio-8080-exec-7] org.hibernate.orm.jdbc.bind              : binding parameter (3:DATE) <- [2026-09-01]
2026-09-07T19:39:08.870+05:30 TRACE 22976 --- [FinanceManagementSystem] [http-nio-8080-exec-7] org.hibernate.orm.jdbc.bind              : binding parameter (4:DATE) <- [2026-09-07]
2026-09-07T19:39:08.870+05:30 TRACE 22976 --- [FinanceManagementSystem] [http-nio-8080-exec-7] org.hibernate.orm.jdbc.bind              : binding parameter (5:DATE) <- [2026-09-07]
2026-09-07T19:39:08.872+05:30  INFO 22976 --- [FinanceManagementSystem] [http-nio-8080-exec-7] F.d.S.Implementations.StockService       : SERVICE - request came in getLowStockList...
2026-09-07T19:39:08.872+05:30 DEBUG 22976 --- [FinanceManagementSystem] [http-nio-8080-exec-7] org.hibernate.SQL                        : SELECT * FROM users WHERE LOWER(TRIM(email)) = LOWER(TRIM(?))
2026-09-07T19:39:08.872+05:30 TRACE 22976 --- [FinanceManagementSystem] [http-nio-8080-exec-7] org.hibernate.orm.jdbc.bind              : binding parameter (1:VARCHAR) <- [bhavesh@gmail.com]
2026-09-07T19:39:08.875+05:30 DEBUG 22976 --- [FinanceManagementSystem] [http-nio-8080-exec-7] org.hibernate.SQL                        : select s1_0.id,s1_0.created_at,s1_0.current_quantity,s1_0.is_active,s1_0.minimum_stock_level,s1_0.public_id,s1_0.raw_material,s1_0.unit,s1_0.updated_at,s1_0.user_id,s1_0.version from stocks s1_0 where s1_0.user_id=?
2026-09-07T19:39:08.875+05:30 TRACE 22976 --- [FinanceManagementSystem] [http-nio-8080-exec-7] org.hibernate.orm.jdbc.bind              : binding parameter (1:BIGINT) <- [2]
2026-09-07T19:39:08.877+05:30 DEBUG 22976 --- [FinanceManagementSystem] [http-nio-8080-exec-7] org.hibernate.SQL                        : SELECT * FROM users WHERE LOWER(TRIM(email)) = LOWER(TRIM(?))
2026-09-07T19:39:08.878+05:30 TRACE 22976 --- [FinanceManagementSystem] [http-nio-8080-exec-7] org.hibernate.orm.jdbc.bind              : binding parameter (1:VARCHAR) <- [bhavesh@gmail.com]
2026-09-07T19:39:08.880+05:30 DEBUG 22976 --- [FinanceManagementSystem] [http-nio-8080-exec-7] org.hibernate.SQL                        : select pd1_0.id,pd1_0.created_at,pd1_0.from_date,pd1_0.net_profit,pd1_0.public_id,pd1_0.to_date,pd1_0.total_expenses,pd1_0.total_purchase_cost,pd1_0.total_revenue,pd1_0.updated_at,pd1_0.user_id from profit_distributions pd1_0 where pd1_0.user_id=? order by coalesce(pd1_0.updated_at,pd1_0.created_at) desc,pd1_0.id desc
2026-09-07T19:39:08.880+05:30 TRACE 22976 --- [FinanceManagementSystem] [http-nio-8080-exec-7] org.hibernate.orm.jdbc.bind              : binding parameter (1:BIGINT) <- [2]
2026-09-07T19:39:08.882+05:30 DEBUG 22976 --- [FinanceManagementSystem] [http-nio-8080-exec-7] org.hibernate.SQL                        : select s1_0.id,s1_0.amount,s1_0.created_at,s1_0.customer_id,s1_0.customer_invoice_number,s1_0.gst_amount,s1_0.gst_percentage,s1_0.payment_status,s1_0.public_id,s1_0.rate_per_unit,s1_0.raw_material,s1_0.sale_date,s1_0.sale_number,s1_0.total_amount,s1_0.unit,s1_0.updated_at,s1_0.user_id,s1_0.weight from sales s1_0 where s1_0.user_id=? and s1_0.sale_date between ? and ?
2026-09-07T19:39:08.883+05:30 TRACE 22976 --- [FinanceManagementSystem] [http-nio-8080-exec-7] org.hibernate.orm.jdbc.bind              : binding parameter (1:BIGINT) <- [2]
2026-09-07T19:39:08.883+05:30 TRACE 22976 --- [FinanceManagementSystem] [http-nio-8080-exec-7] org.hibernate.orm.jdbc.bind              : binding parameter (2:DATE) <- [2026-04-01]
2026-09-07T19:39:08.883+05:30 TRACE 22976 --- [FinanceManagementSystem] [http-nio-8080-exec-7] org.hibernate.orm.jdbc.bind              : binding parameter (3:DATE) <- [2026-04-30]
2026-09-07T19:39:08.885+05:30 DEBUG 22976 --- [FinanceManagementSystem] [http-nio-8080-exec-7] org.hibernate.SQL                        : select p1_0.id,p1_0.amount,p1_0.created_at,p1_0.gst_amount,p1_0.gst_percentage,p1_0.payment_status,p1_0.public_id,p1_0.purchase_date,p1_0.purchase_number,p1_0.purchase_status,p1_0.rate_per_unit,p1_0.raw_material,p1_0.supplier_id,p1_0.supplier_invoice_number,p1_0.total_amount,p1_0.unit,p1_0.updated_at,p1_0.user_id,p1_0.weight from purchases p1_0 where p1_0.user_id=? and p1_0.purchase_date between ? and ?
2026-09-07T19:39:08.886+05:30 TRACE 22976 --- [FinanceManagementSystem] [http-nio-8080-exec-7] org.hibernate.orm.jdbc.bind              : binding parameter (1:BIGINT) <- [2]
2026-09-07T19:39:08.886+05:30 TRACE 22976 --- [FinanceManagementSystem] [http-nio-8080-exec-7] org.hibernate.orm.jdbc.bind              : binding parameter (2:DATE) <- [2026-04-01]
2026-09-07T19:39:08.886+05:30 TRACE 22976 --- [FinanceManagementSystem] [http-nio-8080-exec-7] org.hibernate.orm.jdbc.bind              : binding parameter (3:DATE) <- [2026-04-30]
2026-09-07T19:39:08.888+05:30 DEBUG 22976 --- [FinanceManagementSystem] [http-nio-8080-exec-7] org.hibernate.SQL                        : select coalesce(sum(e1_0.amount),0) from expenses e1_0 where e1_0.user_id=? and e1_0.is_active=1 and (? is null or e1_0.expense_date>=?) and (? is null or e1_0.expense_date<=?)
2026-09-07T19:39:08.888+05:30 TRACE 22976 --- [FinanceManagementSystem] [http-nio-8080-exec-7] org.hibernate.orm.jdbc.bind              : binding parameter (1:BIGINT) <- [2]
2026-09-07T19:39:08.889+05:30 TRACE 22976 --- [FinanceManagementSystem] [http-nio-8080-exec-7] org.hibernate.orm.jdbc.bind              : binding parameter (2:DATE) <- [2026-04-01]
2026-09-07T19:39:08.889+05:30 TRACE 22976 --- [FinanceManagementSystem] [http-nio-8080-exec-7] org.hibernate.orm.jdbc.bind              : binding parameter (3:DATE) <- [2026-04-01]
2026-09-07T19:39:08.889+05:30 TRACE 22976 --- [FinanceManagementSystem] [http-nio-8080-exec-7] org.hibernate.orm.jdbc.bind              : binding parameter (4:DATE) <- [2026-04-30]
2026-09-07T19:39:08.889+05:30 TRACE 22976 --- [FinanceManagementSystem] [http-nio-8080-exec-7] org.hibernate.orm.jdbc.bind              : binding parameter (5:DATE) <- [2026-04-30]
2026-09-07T19:39:08.891+05:30 DEBUG 22976 --- [FinanceManagementSystem] [http-nio-8080-exec-7] org.hibernate.SQL                        : select s1_0.id,s1_0.amount,s1_0.created_at,s1_0.customer_id,s1_0.customer_invoice_number,s1_0.gst_amount,s1_0.gst_percentage,s1_0.payment_status,s1_0.public_id,s1_0.rate_per_unit,s1_0.raw_material,s1_0.sale_date,s1_0.sale_number,s1_0.total_amount,s1_0.unit,s1_0.updated_at,s1_0.user_id,s1_0.weight from sales s1_0 where s1_0.user_id=? and s1_0.sale_date between ? and ?
2026-09-07T19:39:08.892+05:30 TRACE 22976 --- [FinanceManagementSystem] [http-nio-8080-exec-7] org.hibernate.orm.jdbc.bind              : binding parameter (1:BIGINT) <- [2]
2026-09-07T19:39:08.892+05:30 TRACE 22976 --- [FinanceManagementSystem] [http-nio-8080-exec-7] org.hibernate.orm.jdbc.bind              : binding parameter (2:DATE) <- [2026-05-01]
2026-09-07T19:39:08.892+05:30 TRACE 22976 --- [FinanceManagementSystem] [http-nio-8080-exec-7] org.hibernate.orm.jdbc.bind              : binding parameter (3:DATE) <- [2026-05-31]
2026-09-07T19:39:08.895+05:30 DEBUG 22976 --- [FinanceManagementSystem] [http-nio-8080-exec-7] org.hibernate.SQL                        : select p1_0.id,p1_0.amount,p1_0.created_at,p1_0.gst_amount,p1_0.gst_percentage,p1_0.payment_status,p1_0.public_id,p1_0.purchase_date,p1_0.purchase_number,p1_0.purchase_status,p1_0.rate_per_unit,p1_0.raw_material,p1_0.supplier_id,p1_0.supplier_invoice_number,p1_0.total_amount,p1_0.unit,p1_0.updated_at,p1_0.user_id,p1_0.weight from purchases p1_0 where p1_0.user_id=? and p1_0.purchase_date between ? and ?
2026-09-07T19:39:08.896+05:30 TRACE 22976 --- [FinanceManagementSystem] [http-nio-8080-exec-7] org.hibernate.orm.jdbc.bind              : binding parameter (1:BIGINT) <- [2]
2026-09-07T19:39:08.896+05:30 TRACE 22976 --- [FinanceManagementSystem] [http-nio-8080-exec-7] org.hibernate.orm.jdbc.bind              : binding parameter (2:DATE) <- [2026-05-01]
2026-09-07T19:39:08.896+05:30 TRACE 22976 --- [FinanceManagementSystem] [http-nio-8080-exec-7] org.hibernate.orm.jdbc.bind              : binding parameter (3:DATE) <- [2026-05-31]
2026-09-07T19:39:08.899+05:30 DEBUG 22976 --- [FinanceManagementSystem] [http-nio-8080-exec-7] org.hibernate.SQL                        : select coalesce(sum(e1_0.amount),0) from expenses e1_0 where e1_0.user_id=? and e1_0.is_active=1 and (? is null or e1_0.expense_date>=?) and (? is null or e1_0.expense_date<=?)
2026-09-07T19:39:08.899+05:30 TRACE 22976 --- [FinanceManagementSystem] [http-nio-8080-exec-7] org.hibernate.orm.jdbc.bind              : binding parameter (1:BIGINT) <- [2]
2026-09-07T19:39:08.899+05:30 TRACE 22976 --- [FinanceManagementSystem] [http-nio-8080-exec-7] org.hibernate.orm.jdbc.bind              : binding parameter (2:DATE) <- [2026-05-01]
2026-09-07T19:39:08.899+05:30 TRACE 22976 --- [FinanceManagementSystem] [http-nio-8080-exec-7] org.hibernate.orm.jdbc.bind              : binding parameter (3:DATE) <- [2026-05-01]
2026-09-07T19:39:08.900+05:30 TRACE 22976 --- [FinanceManagementSystem] [http-nio-8080-exec-7] org.hibernate.orm.jdbc.bind              : binding parameter (4:DATE) <- [2026-05-31]
2026-09-07T19:39:08.900+05:30 TRACE 22976 --- [FinanceManagementSystem] [http-nio-8080-exec-7] org.hibernate.orm.jdbc.bind              : binding parameter (5:DATE) <- [2026-05-31]
2026-09-07T19:39:08.902+05:30 DEBUG 22976 --- [FinanceManagementSystem] [http-nio-8080-exec-7] org.hibernate.SQL                        : select s1_0.id,s1_0.amount,s1_0.created_at,s1_0.customer_id,s1_0.customer_invoice_number,s1_0.gst_amount,s1_0.gst_percentage,s1_0.payment_status,s1_0.public_id,s1_0.rate_per_unit,s1_0.raw_material,s1_0.sale_date,s1_0.sale_number,s1_0.total_amount,s1_0.unit,s1_0.updated_at,s1_0.user_id,s1_0.weight from sales s1_0 where s1_0.user_id=? and s1_0.sale_date between ? and ?
2026-09-07T19:39:08.903+05:30 TRACE 22976 --- [FinanceManagementSystem] [http-nio-8080-exec-7] org.hibernate.orm.jdbc.bind              : binding parameter (1:BIGINT) <- [2]
2026-09-07T19:39:08.903+05:30 TRACE 22976 --- [FinanceManagementSystem] [http-nio-8080-exec-7] org.hibernate.orm.jdbc.bind              : binding parameter (2:DATE) <- [2026-06-01]
2026-09-07T19:39:08.903+05:30 TRACE 22976 --- [FinanceManagementSystem] [http-nio-8080-exec-7] org.hibernate.orm.jdbc.bind              : binding parameter (3:DATE) <- [2026-06-30]
2026-09-07T19:39:08.905+05:30 DEBUG 22976 --- [FinanceManagementSystem] [http-nio-8080-exec-7] org.hibernate.SQL                        : select p1_0.id,p1_0.amount,p1_0.created_at,p1_0.gst_amount,p1_0.gst_percentage,p1_0.payment_status,p1_0.public_id,p1_0.purchase_date,p1_0.purchase_number,p1_0.purchase_status,p1_0.rate_per_unit,p1_0.raw_material,p1_0.supplier_id,p1_0.supplier_invoice_number,p1_0.total_amount,p1_0.unit,p1_0.updated_at,p1_0.user_id,p1_0.weight from purchases p1_0 where p1_0.user_id=? and p1_0.purchase_date between ? and ?
2026-09-07T19:39:08.906+05:30 TRACE 22976 --- [FinanceManagementSystem] [http-nio-8080-exec-7] org.hibernate.orm.jdbc.bind              : binding parameter (1:BIGINT) <- [2]
2026-09-07T19:39:08.906+05:30 TRACE 22976 --- [FinanceManagementSystem] [http-nio-8080-exec-7] org.hibernate.orm.jdbc.bind              : binding parameter (2:DATE) <- [2026-06-01]
2026-09-07T19:39:08.906+05:30 TRACE 22976 --- [FinanceManagementSystem] [http-nio-8080-exec-7] org.hibernate.orm.jdbc.bind              : binding parameter (3:DATE) <- [2026-06-30]
2026-09-07T19:39:08.908+05:30 DEBUG 22976 --- [FinanceManagementSystem] [http-nio-8080-exec-7] org.hibernate.SQL                        : select coalesce(sum(e1_0.amount),0) from expenses e1_0 where e1_0.user_id=? and e1_0.is_active=1 and (? is null or e1_0.expense_date>=?) and (? is null or e1_0.expense_date<=?)
2026-09-07T19:39:08.908+05:30 TRACE 22976 --- [FinanceManagementSystem] [http-nio-8080-exec-7] org.hibernate.orm.jdbc.bind              : binding parameter (1:BIGINT) <- [2]
2026-09-07T19:39:08.908+05:30 TRACE 22976 --- [FinanceManagementSystem] [http-nio-8080-exec-7] org.hibernate.orm.jdbc.bind              : binding parameter (2:DATE) <- [2026-06-01]
2026-09-07T19:39:08.908+05:30 TRACE 22976 --- [FinanceManagementSystem] [http-nio-8080-exec-7] org.hibernate.orm.jdbc.bind              : binding parameter (3:DATE) <- [2026-06-01]
2026-09-07T19:39:08.909+05:30 TRACE 22976 --- [FinanceManagementSystem] [http-nio-8080-exec-7] org.hibernate.orm.jdbc.bind              : binding parameter (4:DATE) <- [2026-06-30]
2026-09-07T19:39:08.909+05:30 TRACE 22976 --- [FinanceManagementSystem] [http-nio-8080-exec-7] org.hibernate.orm.jdbc.bind              : binding parameter (5:DATE) <- [2026-06-30]
2026-09-07T19:39:08.911+05:30 DEBUG 22976 --- [FinanceManagementSystem] [http-nio-8080-exec-7] org.hibernate.SQL                        : select s1_0.id,s1_0.amount,s1_0.created_at,s1_0.customer_id,s1_0.customer_invoice_number,s1_0.gst_amount,s1_0.gst_percentage,s1_0.payment_status,s1_0.public_id,s1_0.rate_per_unit,s1_0.raw_material,s1_0.sale_date,s1_0.sale_number,s1_0.total_amount,s1_0.unit,s1_0.updated_at,s1_0.user_id,s1_0.weight from sales s1_0 where s1_0.user_id=? and s1_0.sale_date between ? and ?
2026-09-07T19:39:08.912+05:30 TRACE 22976 --- [FinanceManagementSystem] [http-nio-8080-exec-7] org.hibernate.orm.jdbc.bind              : binding parameter (1:BIGINT) <- [2]
2026-09-07T19:39:08.912+05:30 TRACE 22976 --- [FinanceManagementSystem] [http-nio-8080-exec-7] org.hibernate.orm.jdbc.bind              : binding parameter (2:DATE) <- [2026-07-01]
2026-09-07T19:39:08.913+05:30 TRACE 22976 --- [FinanceManagementSystem] [http-nio-8080-exec-7] org.hibernate.orm.jdbc.bind              : binding parameter (3:DATE) <- [2026-07-31]
2026-09-07T19:39:08.915+05:30 DEBUG 22976 --- [FinanceManagementSystem] [http-nio-8080-exec-7] org.hibernate.SQL                        : select p1_0.id,p1_0.amount,p1_0.created_at,p1_0.gst_amount,p1_0.gst_percentage,p1_0.payment_status,p1_0.public_id,p1_0.purchase_date,p1_0.purchase_number,p1_0.purchase_status,p1_0.rate_per_unit,p1_0.raw_material,p1_0.supplier_id,p1_0.supplier_invoice_number,p1_0.total_amount,p1_0.unit,p1_0.updated_at,p1_0.user_id,p1_0.weight from purchases p1_0 where p1_0.user_id=? and p1_0.purchase_date between ? and ?
2026-09-07T19:39:08.916+05:30 TRACE 22976 --- [FinanceManagementSystem] [http-nio-8080-exec-7] org.hibernate.orm.jdbc.bind              : binding parameter (1:BIGINT) <- [2]
2026-09-07T19:39:08.916+05:30 TRACE 22976 --- [FinanceManagementSystem] [http-nio-8080-exec-7] org.hibernate.orm.jdbc.bind              : binding parameter (2:DATE) <- [2026-07-01]
2026-09-07T19:39:08.916+05:30 TRACE 22976 --- [FinanceManagementSystem] [http-nio-8080-exec-7] org.hibernate.orm.jdbc.bind              : binding parameter (3:DATE) <- [2026-07-31]
2026-09-07T19:39:08.918+05:30 DEBUG 22976 --- [FinanceManagementSystem] [http-nio-8080-exec-7] org.hibernate.SQL                        : select coalesce(sum(e1_0.amount),0) from expenses e1_0 where e1_0.user_id=? and e1_0.is_active=1 and (? is null or e1_0.expense_date>=?) and (? is null or e1_0.expense_date<=?)
2026-09-07T19:39:08.918+05:30 TRACE 22976 --- [FinanceManagementSystem] [http-nio-8080-exec-7] org.hibernate.orm.jdbc.bind              : binding parameter (1:BIGINT) <- [2]
2026-09-07T19:39:08.919+05:30 TRACE 22976 --- [FinanceManagementSystem] [http-nio-8080-exec-7] org.hibernate.orm.jdbc.bind              : binding parameter (2:DATE) <- [2026-07-01]
2026-09-07T19:39:08.919+05:30 TRACE 22976 --- [FinanceManagementSystem] [http-nio-8080-exec-7] org.hibernate.orm.jdbc.bind              : binding parameter (3:DATE) <- [2026-07-01]
2026-09-07T19:39:08.919+05:30 TRACE 22976 --- [FinanceManagementSystem] [http-nio-8080-exec-7] org.hibernate.orm.jdbc.bind              : binding parameter (4:DATE) <- [2026-07-31]
2026-09-07T19:39:08.919+05:30 TRACE 22976 --- [FinanceManagementSystem] [http-nio-8080-exec-7] org.hibernate.orm.jdbc.bind              : binding parameter (5:DATE) <- [2026-07-31]
2026-09-07T19:39:08.921+05:30 DEBUG 22976 --- [FinanceManagementSystem] [http-nio-8080-exec-7] org.hibernate.SQL                        : select s1_0.id,s1_0.amount,s1_0.created_at,s1_0.customer_id,s1_0.customer_invoice_number,s1_0.gst_amount,s1_0.gst_percentage,s1_0.payment_status,s1_0.public_id,s1_0.rate_per_unit,s1_0.raw_material,s1_0.sale_date,s1_0.sale_number,s1_0.total_amount,s1_0.unit,s1_0.updated_at,s1_0.user_id,s1_0.weight from sales s1_0 where s1_0.user_id=? and s1_0.sale_date between ? and ?
2026-09-07T19:39:08.922+05:30 TRACE 22976 --- [FinanceManagementSystem] [http-nio-8080-exec-7] org.hibernate.orm.jdbc.bind              : binding parameter (1:BIGINT) <- [2]
2026-09-07T19:39:08.922+05:30 TRACE 22976 --- [FinanceManagementSystem] [http-nio-8080-exec-7] org.hibernate.orm.jdbc.bind              : binding parameter (2:DATE) <- [2026-08-01]
2026-09-07T19:39:08.922+05:30 TRACE 22976 --- [FinanceManagementSystem] [http-nio-8080-exec-7] org.hibernate.orm.jdbc.bind              : binding parameter (3:DATE) <- [2026-08-31]
2026-09-07T19:39:08.925+05:30 DEBUG 22976 --- [FinanceManagementSystem] [http-nio-8080-exec-7] org.hibernate.SQL                        : select p1_0.id,p1_0.amount,p1_0.created_at,p1_0.gst_amount,p1_0.gst_percentage,p1_0.payment_status,p1_0.public_id,p1_0.purchase_date,p1_0.purchase_number,p1_0.purchase_status,p1_0.rate_per_unit,p1_0.raw_material,p1_0.supplier_id,p1_0.supplier_invoice_number,p1_0.total_amount,p1_0.unit,p1_0.updated_at,p1_0.user_id,p1_0.weight from purchases p1_0 where p1_0.user_id=? and p1_0.purchase_date between ? and ?
2026-09-07T19:39:08.925+05:30 TRACE 22976 --- [FinanceManagementSystem] [http-nio-8080-exec-7] org.hibernate.orm.jdbc.bind              : binding parameter (1:BIGINT) <- [2]
2026-09-07T19:39:08.926+05:30 TRACE 22976 --- [FinanceManagementSystem] [http-nio-8080-exec-7] org.hibernate.orm.jdbc.bind              : binding parameter (2:DATE) <- [2026-08-01]
2026-09-07T19:39:08.926+05:30 TRACE 22976 --- [FinanceManagementSystem] [http-nio-8080-exec-7] org.hibernate.orm.jdbc.bind              : binding parameter (3:DATE) <- [2026-08-31]
2026-09-07T19:39:08.928+05:30 DEBUG 22976 --- [FinanceManagementSystem] [http-nio-8080-exec-7] org.hibernate.SQL                        : select coalesce(sum(e1_0.amount),0) from expenses e1_0 where e1_0.user_id=? and e1_0.is_active=1 and (? is null or e1_0.expense_date>=?) and (? is null or e1_0.expense_date<=?)
2026-09-07T19:39:08.928+05:30 TRACE 22976 --- [FinanceManagementSystem] [http-nio-8080-exec-7] org.hibernate.orm.jdbc.bind              : binding parameter (1:BIGINT) <- [2]
2026-09-07T19:39:08.928+05:30 TRACE 22976 --- [FinanceManagementSystem] [http-nio-8080-exec-7] org.hibernate.orm.jdbc.bind              : binding parameter (2:DATE) <- [2026-08-01]
2026-09-07T19:39:08.929+05:30 TRACE 22976 --- [FinanceManagementSystem] [http-nio-8080-exec-7] org.hibernate.orm.jdbc.bind              : binding parameter (3:DATE) <- [2026-08-01]
2026-09-07T19:39:08.929+05:30 TRACE 22976 --- [FinanceManagementSystem] [http-nio-8080-exec-7] org.hibernate.orm.jdbc.bind              : binding parameter (4:DATE) <- [2026-08-31]
2026-09-07T19:39:08.929+05:30 TRACE 22976 --- [FinanceManagementSystem] [http-nio-8080-exec-7] org.hibernate.orm.jdbc.bind              : binding parameter (5:DATE) <- [2026-08-31]
2026-09-07T19:39:08.931+05:30 DEBUG 22976 --- [FinanceManagementSystem] [http-nio-8080-exec-7] org.hibernate.SQL                        : select s1_0.id,s1_0.amount,s1_0.created_at,s1_0.customer_id,s1_0.customer_invoice_number,s1_0.gst_amount,s1_0.gst_percentage,s1_0.payment_status,s1_0.public_id,s1_0.rate_per_unit,s1_0.raw_material,s1_0.sale_date,s1_0.sale_number,s1_0.total_amount,s1_0.unit,s1_0.updated_at,s1_0.user_id,s1_0.weight from sales s1_0 where s1_0.user_id=? and s1_0.sale_date between ? and ?
2026-09-07T19:39:08.932+05:30 TRACE 22976 --- [FinanceManagementSystem] [http-nio-8080-exec-7] org.hibernate.orm.jdbc.bind              : binding parameter (1:BIGINT) <- [2]
2026-09-07T19:39:08.932+05:30 TRACE 22976 --- [FinanceManagementSystem] [http-nio-8080-exec-7] org.hibernate.orm.jdbc.bind              : binding parameter (2:DATE) <- [2026-09-01]
2026-09-07T19:39:08.932+05:30 TRACE 22976 --- [FinanceManagementSystem] [http-nio-8080-exec-7] org.hibernate.orm.jdbc.bind              : binding parameter (3:DATE) <- [2026-09-30]
2026-09-07T19:39:08.935+05:30 DEBUG 22976 --- [FinanceManagementSystem] [http-nio-8080-exec-7] org.hibernate.SQL                        : select p1_0.id,p1_0.amount,p1_0.created_at,p1_0.gst_amount,p1_0.gst_percentage,p1_0.payment_status,p1_0.public_id,p1_0.purchase_date,p1_0.purchase_number,p1_0.purchase_status,p1_0.rate_per_unit,p1_0.raw_material,p1_0.supplier_id,p1_0.supplier_invoice_number,p1_0.total_amount,p1_0.unit,p1_0.updated_at,p1_0.user_id,p1_0.weight from purchases p1_0 where p1_0.user_id=? and p1_0.purchase_date between ? and ?
2026-09-07T19:39:08.935+05:30 TRACE 22976 --- [FinanceManagementSystem] [http-nio-8080-exec-7] org.hibernate.orm.jdbc.bind              : binding parameter (1:BIGINT) <- [2]
2026-09-07T19:39:08.935+05:30 TRACE 22976 --- [FinanceManagementSystem] [http-nio-8080-exec-7] org.hibernate.orm.jdbc.bind              : binding parameter (2:DATE) <- [2026-09-01]
2026-09-07T19:39:08.935+05:30 TRACE 22976 --- [FinanceManagementSystem] [http-nio-8080-exec-7] org.hibernate.orm.jdbc.bind              : binding parameter (3:DATE) <- [2026-09-30]
2026-09-07T19:39:08.938+05:30 DEBUG 22976 --- [FinanceManagementSystem] [http-nio-8080-exec-7] org.hibernate.SQL                        : select coalesce(sum(e1_0.amount),0) from expenses e1_0 where e1_0.user_id=? and e1_0.is_active=1 and (? is null or e1_0.expense_date>=?) and (? is null or e1_0.expense_date<=?)
2026-09-07T19:39:08.938+05:30 TRACE 22976 --- [FinanceManagementSystem] [http-nio-8080-exec-7] org.hibernate.orm.jdbc.bind              : binding parameter (1:BIGINT) <- [2]
2026-09-07T19:39:08.938+05:30 TRACE 22976 --- [FinanceManagementSystem] [http-nio-8080-exec-7] org.hibernate.orm.jdbc.bind              : binding parameter (2:DATE) <- [2026-09-01]
2026-09-07T19:39:08.938+05:30 TRACE 22976 --- [FinanceManagementSystem] [http-nio-8080-exec-7] org.hibernate.orm.jdbc.bind              : binding parameter (3:DATE) <- [2026-09-01]
2026-09-07T19:39:08.938+05:30 TRACE 22976 --- [FinanceManagementSystem] [http-nio-8080-exec-7] org.hibernate.orm.jdbc.bind              : binding parameter (4:DATE) <- [2026-09-30]
2026-09-07T19:39:08.938+05:30 TRACE 22976 --- [FinanceManagementSystem] [http-nio-8080-exec-7] org.hibernate.orm.jdbc.bind              : binding parameter (5:DATE) <- [2026-09-30]
2026-09-07T19:39:08.941+05:30 DEBUG 22976 --- [FinanceManagementSystem] [http-nio-8080-exec-7] org.hibernate.SQL                        : select s1_0.id,s1_0.amount,s1_0.created_at,s1_0.customer_id,s1_0.customer_invoice_number,s1_0.gst_amount,s1_0.gst_percentage,s1_0.payment_status,s1_0.public_id,s1_0.rate_per_unit,s1_0.raw_material,s1_0.sale_date,s1_0.sale_number,s1_0.total_amount,s1_0.unit,s1_0.updated_at,s1_0.user_id,s1_0.weight from sales s1_0 where s1_0.user_id=? order by s1_0.sale_date desc,s1_0.id desc limit ?
2026-09-07T19:39:08.942+05:30 TRACE 22976 --- [FinanceManagementSystem] [http-nio-8080-exec-7] org.hibernate.orm.jdbc.bind              : binding parameter (1:BIGINT) <- [2]
2026-09-07T19:39:08.942+05:30 TRACE 22976 --- [FinanceManagementSystem] [http-nio-8080-exec-7] org.hibernate.orm.jdbc.bind              : binding parameter (2:INTEGER) <- [5]
2026-09-07T19:39:08.945+05:30 DEBUG 22976 --- [FinanceManagementSystem] [http-nio-8080-exec-7] org.hibernate.SQL                        : select p1_0.id,p1_0.amount,p1_0.created_at,p1_0.gst_amount,p1_0.gst_percentage,p1_0.payment_status,p1_0.public_id,p1_0.purchase_date,p1_0.purchase_number,p1_0.purchase_status,p1_0.rate_per_unit,p1_0.raw_material,p1_0.supplier_id,p1_0.supplier_invoice_number,p1_0.total_amount,p1_0.unit,p1_0.updated_at,p1_0.user_id,p1_0.weight from purchases p1_0 where p1_0.user_id=? order by p1_0.purchase_date desc,p1_0.id desc limit ?
2026-09-07T19:39:08.945+05:30 TRACE 22976 --- [FinanceManagementSystem] [http-nio-8080-exec-7] org.hibernate.orm.jdbc.bind              : binding parameter (1:BIGINT) <- [2]
2026-09-07T19:39:08.946+05:30 TRACE 22976 --- [FinanceManagementSystem] [http-nio-8080-exec-7] org.hibernate.orm.jdbc.bind              : binding parameter (2:INTEGER) <- [5]
2026-09-07T19:39:08.948+05:30 DEBUG 22976 --- [FinanceManagementSystem] [http-nio-8080-exec-7] org.hibernate.SQL                        : select s1_0.id,a1_0.id,a1_0.address_line_1,a1_0.address_line_2,a1_0.city,a1_0.country,a1_0.created_at,a1_0.pincode,a1_0.state,a1_0.supplier_id,a1_0.updated_at,s1_0.alternate_mobile_number,s1_0.contact_person,s1_0.created_at,s1_0.email,s1_0.gst_number,s1_0.is_active,s1_0.mobile_number,s1_0.opening_balance,s1_0.payment_terms,s1_0.public_id,s1_0.supplier_name,s1_0.updated_at,s1_0.user_id from suppliers s1_0 left join supplier_address a1_0 on s1_0.id=a1_0.supplier_id where s1_0.id=?
2026-09-07T19:39:08.948+05:30 TRACE 22976 --- [FinanceManagementSystem] [http-nio-8080-exec-7] org.hibernate.orm.jdbc.bind              : binding parameter (1:BIGINT) <- [1]
2026-09-07T19:39:08.951+05:30 DEBUG 22976 --- [FinanceManagementSystem] [http-nio-8080-exec-7] org.hibernate.SQL                        : select e1_0.id,e1_0.amount,e1_0.category,e1_0.created_at,e1_0.description,e1_0.expense_date,e1_0.expense_number,e1_0.is_active,e1_0.payment_mode,e1_0.public_id,e1_0.reference_number,e1_0.remarks,e1_0.updated_at,e1_0.user_id from expenses e1_0 where e1_0.user_id=? and e1_0.is_active order by e1_0.expense_date desc limit ?
2026-09-07T19:39:08.952+05:30 TRACE 22976 --- [FinanceManagementSystem] [http-nio-8080-exec-7] org.hibernate.orm.jdbc.bind              : binding parameter (1:BIGINT) <- [2]
2026-09-07T19:39:08.952+05:30 TRACE 22976 --- [FinanceManagementSystem] [http-nio-8080-exec-7] org.hibernate.orm.jdbc.bind              : binding parameter (2:INTEGER) <- [5]
2026-09-07T19:39:08.957+05:30 DEBUG 22976 --- [FinanceManagementSystem] [http-nio-8080-exec-7] org.hibernate.SQL                        : select count(e1_0.id) from expenses e1_0 where e1_0.user_id=? and e1_0.is_active
2026-09-07T19:39:08.957+05:30 TRACE 22976 --- [FinanceManagementSystem] [http-nio-8080-exec-7] org.hibernate.orm.jdbc.bind              : binding parameter (1:BIGINT) <- [2]
2026-09-07T19:40:56.350+05:30  INFO 22976 --- [FinanceManagementSystem] [SpringApplicationShutdownHook] o.s.b.w.e.tomcat.GracefulShutdown        : Commencing graceful shutdown. Waiting for active requests to complete
2026-09-07T19:40:57.499+05:30  INFO 22976 --- [FinanceManagementSystem] [tomcat-shutdown] o.s.b.w.e.tomcat.GracefulShutdown        : Graceful shutdown complete
2026-09-07T19:40:57.551+05:30  INFO 22976 --- [FinanceManagementSystem] [SpringApplicationShutdownHook] j.LocalContainerEntityManagerFactoryBean : Closing JPA EntityManagerFactory for persistence unit 'default'
2026-09-07T19:40:57.600+05:30  INFO 22976 --- [FinanceManagementSystem] [SpringApplicationShutdownHook] com.zaxxer.hikari.HikariDataSource       : HikariPool-1 - Shutdown initiated...
2026-09-07T19:40:57.624+05:30  INFO 22976 --- [FinanceManagementSystem] [SpringApplicationShutdownHook] com.zaxxer.hikari.HikariDataSource       : HikariPool-1 - Shutdown completed.
